ISO-10303-21;
HEADER;
FILE_DESCRIPTION((''),'2;1');
FILE_NAME('2147561021','2020-05-22T',('gga'),(''),
'PRO/ENGINEER BY PARAMETRIC TECHNOLOGY CORPORATION, 2016010',
'PRO/ENGINEER BY PARAMETRIC TECHNOLOGY CORPORATION, 2016010','');
FILE_SCHEMA(('CONFIG_CONTROL_DESIGN'));
ENDSEC;
DATA;
#1=DIRECTION('',(0.E0,1.E0,0.E0));
#2=VECTOR('',#1,6.63E0);
#3=CARTESIAN_POINT('',(1.925E0,-2.98E0,3.43E0));
#4=LINE('',#3,#2);
#5=DIRECTION('',(0.E0,0.E0,-1.E0));
#6=VECTOR('',#5,6.85E0);
#7=CARTESIAN_POINT('',(1.925E0,3.65E0,3.43E0));
#8=LINE('',#7,#6);
#9=DIRECTION('',(0.E0,-1.E0,0.E0));
#10=VECTOR('',#9,6.7E-1);
#11=CARTESIAN_POINT('',(1.925E0,3.65E0,-3.42E0));
#12=LINE('',#11,#10);
#13=DIRECTION('',(0.E0,-1.E0,0.E0));
#14=VECTOR('',#13,4.53E0);
#15=CARTESIAN_POINT('',(1.925E0,1.55E0,-3.42E0));
#16=LINE('',#15,#14);
#17=CARTESIAN_POINT('',(-4.5E-2,-2.98E0,3.43E0));
#18=DIRECTION('',(0.E0,1.E0,0.E0));
#19=DIRECTION('',(-1.E0,0.E0,0.E0));
#20=AXIS2_PLACEMENT_3D('',#17,#18,#19);
#22=DIRECTION('',(0.E0,0.E0,-1.E0));
#23=VECTOR('',#22,6.85E0);
#24=CARTESIAN_POINT('',(1.925E0,-2.98E0,3.43E0));
#25=LINE('',#24,#23);
#26=DIRECTION('',(1.E0,0.E0,0.E0));
#27=VECTOR('',#26,7.1E-1);
#28=CARTESIAN_POINT('',(-2.645E0,-2.98E0,-3.42E0));
#29=LINE('',#28,#27);
#30=DIRECTION('',(0.E0,0.E0,1.E0));
#31=VECTOR('',#30,6.85E0);
#32=CARTESIAN_POINT('',(-1.935E0,-2.98E0,-3.42E0));
#33=LINE('',#32,#31);
#34=DIRECTION('',(0.E0,1.E0,0.E0));
#35=VECTOR('',#34,6.63E0);
#36=CARTESIAN_POINT('',(-3.45E-1,-2.98E0,3.43E0));
#37=LINE('',#36,#35);
#38=DIRECTION('',(0.E0,-1.E0,0.E0));
#39=VECTOR('',#38,6.63E0);
#40=CARTESIAN_POINT('',(2.55E-1,3.65E0,3.43E0));
#41=LINE('',#40,#39);
#42=DIRECTION('',(-1.E0,0.E0,0.E0));
#43=VECTOR('',#42,1.59E0);
#44=CARTESIAN_POINT('',(-3.45E-1,-2.98E0,3.43E0));
#45=LINE('',#44,#43);
#46=DIRECTION('',(-1.E0,0.E0,0.E0));
#47=VECTOR('',#46,1.67E0);
#48=CARTESIAN_POINT('',(1.925E0,3.65E0,3.43E0));
#49=LINE('',#48,#47);
#50=CARTESIAN_POINT('',(-4.5E-2,3.65E0,3.43E0));
#51=DIRECTION('',(0.E0,-1.E0,0.E0));
#52=DIRECTION('',(1.E0,0.E0,0.E0));
#53=AXIS2_PLACEMENT_3D('',#50,#51,#52);
#55=DIRECTION('',(-1.E0,0.E0,0.E0));
#56=VECTOR('',#55,1.59E0);
#57=CARTESIAN_POINT('',(-3.45E-1,3.65E0,3.43E0));
#58=LINE('',#57,#56);
#59=DIRECTION('',(7.071067811865E-1,0.E0,-7.071067811865E-1));
#60=VECTOR('',#59,9.192388155425E-1);
#61=CARTESIAN_POINT('',(5.5E-1,3.65E0,2.7E0));
#62=LINE('',#61,#60);
#63=DIRECTION('',(-1.E0,0.E0,0.E0));
#64=VECTOR('',#63,1.67E0);
#65=CARTESIAN_POINT('',(1.925E0,-2.98E0,3.43E0));
#66=LINE('',#65,#64);
#67=DIRECTION('',(0.E0,1.E0,0.E0));
#68=VECTOR('',#67,6.63E0);
#69=CARTESIAN_POINT('',(-1.935E0,-2.98E0,-3.42E0));
#70=LINE('',#69,#68);
#71=DIRECTION('',(0.E0,0.E0,1.E0));
#72=VECTOR('',#71,6.85E0);
#73=CARTESIAN_POINT('',(-1.935E0,3.65E0,-3.42E0));
#74=LINE('',#73,#72);
#75=DIRECTION('',(0.E0,-1.E0,0.E0));
#76=VECTOR('',#75,6.63E0);
#77=CARTESIAN_POINT('',(-1.935E0,3.65E0,3.43E0));
#78=LINE('',#77,#76);
#79=DIRECTION('',(-1.E0,0.E0,0.E0));
#80=VECTOR('',#79,1.1E0);
#81=CARTESIAN_POINT('',(1.925E0,1.55E0,-3.42E0));
#82=LINE('',#81,#80);
#83=DIRECTION('',(0.E0,1.E0,0.E0));
#84=VECTOR('',#83,1.43E0);
#85=CARTESIAN_POINT('',(8.25E-1,1.55E0,-3.42E0));
#86=LINE('',#85,#84);
#87=DIRECTION('',(-1.E0,0.E0,0.E0));
#88=VECTOR('',#87,3.86E0);
#89=CARTESIAN_POINT('',(1.925E0,3.65E0,-3.42E0));
#90=LINE('',#89,#88);
#91=DIRECTION('',(1.E0,0.E0,0.E0));
#92=VECTOR('',#91,5.28E0);
#93=CARTESIAN_POINT('',(-2.645E0,-4.E0,-3.42E0));
#94=LINE('',#93,#92);
#95=DIRECTION('',(-1.E0,0.E0,0.E0));
#96=VECTOR('',#95,7.1E-1);
#97=CARTESIAN_POINT('',(2.635E0,-2.98E0,-3.42E0));
#98=LINE('',#97,#96);
#99=DIRECTION('',(-1.E0,0.E0,0.E0));
#100=VECTOR('',#99,1.105E0);
#101=CARTESIAN_POINT('',(-8.25E-1,1.55E0,-3.42E0));
#102=LINE('',#101,#100);
#103=DIRECTION('',(0.E0,1.E0,0.E0));
#104=VECTOR('',#103,1.43E0);
#105=CARTESIAN_POINT('',(-1.93E0,1.55E0,-3.42E0));
#106=LINE('',#105,#104);
#107=DIRECTION('',(0.E0,0.E0,1.E0));
#108=VECTOR('',#107,6.1E-1);
#109=CARTESIAN_POINT('',(8.25E-1,1.55E0,-4.03E0));
#110=LINE('',#109,#108);
#111=DIRECTION('',(0.E0,-1.E0,0.E0));
#112=VECTOR('',#111,3.87E0);
#113=CARTESIAN_POINT('',(8.25E-1,6.85E0,-3.98E0));
#114=LINE('',#113,#112);
#115=CARTESIAN_POINT('',(8.25E-1,2.98E0,-3.7E0));
#116=DIRECTION('',(-1.E0,0.E0,0.E0));
#117=DIRECTION('',(0.E0,-1.110223024625E-14,-1.E0));
#118=AXIS2_PLACEMENT_3D('',#115,#116,#117);
#120=CARTESIAN_POINT('',(8.25E-1,1.4E0,-4.03E0));
#121=DIRECTION('',(-1.E0,0.E0,0.E0));
#122=DIRECTION('',(0.E0,1.E0,1.184237892934E-14));
#123=AXIS2_PLACEMENT_3D('',#120,#121,#122);
#125=DIRECTION('',(0.E0,-1.E0,0.E0));
#126=VECTOR('',#125,3.87E0);
#127=CARTESIAN_POINT('',(-8.25E-1,6.85E0,-3.98E0));
#128=LINE('',#127,#126);
#129=DIRECTION('',(0.E0,1.E0,0.E0));
#130=VECTOR('',#129,5.13E0);
#131=CARTESIAN_POINT('',(-1.93E0,2.98E0,-3.98E0));
#132=LINE('',#131,#130);
#133=DIRECTION('',(-1.E0,0.E0,0.E0));
#134=VECTOR('',#133,1.65E0);
#135=CARTESIAN_POINT('',(8.25E-1,6.85E0,-3.98E0));
#136=LINE('',#135,#134);
#137=DIRECTION('',(0.E0,0.E0,-1.E0));
#138=VECTOR('',#137,1.1E0);
#139=CARTESIAN_POINT('',(-8.25E-1,6.85E0,-3.98E0));
#140=LINE('',#139,#138);
#141=DIRECTION('',(0.E0,-1.E0,0.E0));
#142=VECTOR('',#141,9.3E0);
#143=CARTESIAN_POINT('',(-8.25E-1,6.85E0,-5.08E0));
#144=LINE('',#143,#142);
#145=DIRECTION('',(0.E0,0.E0,1.E0));
#146=VECTOR('',#145,9.E-1);
#147=CARTESIAN_POINT('',(-8.25E-1,-2.45E0,-5.08E0));
#148=LINE('',#147,#146);
#149=DIRECTION('',(0.E0,1.E0,0.E0));
#150=VECTOR('',#149,3.85E0);
#151=CARTESIAN_POINT('',(-8.25E-1,-2.45E0,-4.18E0));
#152=LINE('',#151,#150);
#153=CARTESIAN_POINT('',(-8.25E-1,1.4E0,-4.03E0));
#154=DIRECTION('',(1.E0,0.E0,0.E0));
#155=DIRECTION('',(0.E0,1.421085471520E-13,-1.E0));
#156=AXIS2_PLACEMENT_3D('',#153,#154,#155);
#158=DIRECTION('',(0.E0,0.E0,1.E0));
#159=VECTOR('',#158,6.1E-1);
#160=CARTESIAN_POINT('',(-8.25E-1,1.55E0,-4.03E0));
#161=LINE('',#160,#159);
#162=DIRECTION('',(0.E0,1.E0,0.E0));
#163=VECTOR('',#162,1.43E0);
#164=CARTESIAN_POINT('',(-8.25E-1,1.55E0,-3.42E0));
#165=LINE('',#164,#163);
#166=CARTESIAN_POINT('',(-8.25E-1,2.98E0,-3.7E0));
#167=DIRECTION('',(1.E0,0.E0,0.E0));
#168=DIRECTION('',(0.E0,-1.586032892322E-14,1.E0));
#169=AXIS2_PLACEMENT_3D('',#166,#167,#168);
#171=DIRECTION('',(0.E0,0.E0,-1.E0));
#172=VECTOR('',#171,1.1E0);
#173=CARTESIAN_POINT('',(8.25E-1,6.85E0,-3.98E0));
#174=LINE('',#173,#172);
#175=DIRECTION('',(-1.E0,0.E0,0.E0));
#176=VECTOR('',#175,1.65E0);
#177=CARTESIAN_POINT('',(8.25E-1,6.85E0,-5.08E0));
#178=LINE('',#177,#176);
#179=DIRECTION('',(-1.E0,0.E0,0.E0));
#180=VECTOR('',#179,1.65E0);
#181=CARTESIAN_POINT('',(8.25E-1,-2.45E0,-5.08E0));
#182=LINE('',#181,#180);
#183=DIRECTION('',(0.E0,-1.E0,0.E0));
#184=VECTOR('',#183,9.3E0);
#185=CARTESIAN_POINT('',(8.25E-1,6.85E0,-5.08E0));
#186=LINE('',#185,#184);
#187=DIRECTION('',(0.E0,0.E0,1.E0));
#188=VECTOR('',#187,9.E-1);
#189=CARTESIAN_POINT('',(8.25E-1,-2.45E0,-5.08E0));
#190=LINE('',#189,#188);
#191=DIRECTION('',(-1.E0,0.E0,0.E0));
#192=VECTOR('',#191,3.86E0);
#193=CARTESIAN_POINT('',(1.93E0,-2.45E0,-6.7E0));
#194=LINE('',#193,#192);
#195=DIRECTION('',(0.E0,0.E0,1.E0));
#196=VECTOR('',#195,2.52E0);
#197=CARTESIAN_POINT('',(-1.93E0,-2.45E0,-6.7E0));
#198=LINE('',#197,#196);
#199=DIRECTION('',(0.E0,1.E0,0.E0));
#200=VECTOR('',#199,3.85E0);
#201=CARTESIAN_POINT('',(8.25E-1,-2.45E0,-4.18E0));
#202=LINE('',#201,#200);
#203=DIRECTION('',(-1.E0,0.E0,0.E0));
#204=VECTOR('',#203,1.105E0);
#205=CARTESIAN_POINT('',(1.93E0,-2.45E0,-4.18E0));
#206=LINE('',#205,#204);
#207=DIRECTION('',(1.E0,0.E0,0.E0));
#208=VECTOR('',#207,1.105E0);
#209=CARTESIAN_POINT('',(8.25E-1,1.55E0,-4.03E0));
#210=LINE('',#209,#208);
#211=DIRECTION('',(-1.E0,0.E0,0.E0));
#212=VECTOR('',#211,1.105E0);
#213=CARTESIAN_POINT('',(1.93E0,1.4E0,-4.18E0));
#214=LINE('',#213,#212);
#215=DIRECTION('',(0.E0,1.E0,0.E0));
#216=VECTOR('',#215,5.13E0);
#217=CARTESIAN_POINT('',(1.93E0,2.98E0,-3.98E0));
#218=LINE('',#217,#216);
#219=DIRECTION('',(0.E0,7.071067811865E-1,-7.071067811865E-1));
#220=VECTOR('',#219,1.414213562373E0);
#221=CARTESIAN_POINT('',(1.93E0,8.11E0,-3.98E0));
#222=LINE('',#221,#220);
#223=DIRECTION('',(0.E0,0.E0,-1.E0));
#224=VECTOR('',#223,7.E-1);
#225=CARTESIAN_POINT('',(1.93E0,9.11E0,-4.98E0));
#226=LINE('',#225,#224);
#227=DIRECTION('',(0.E0,-1.E0,0.E0));
#228=VECTOR('',#227,9.54E0);
#229=CARTESIAN_POINT('',(1.93E0,9.11E0,-5.68E0));
#230=LINE('',#229,#228);
#231=DIRECTION('',(0.E0,-7.071067811865E-1,-7.071067811866E-1));
#232=VECTOR('',#231,1.442497833621E0);
#233=CARTESIAN_POINT('',(1.93E0,-4.300000000001E-1,-5.68E0));
#234=LINE('',#233,#232);
#235=DIRECTION('',(0.E0,-1.E0,0.E0));
#236=VECTOR('',#235,1.E0);
#237=CARTESIAN_POINT('',(1.93E0,-1.45E0,-6.7E0));
#238=LINE('',#237,#236);
#239=DIRECTION('',(0.E0,0.E0,1.E0));
#240=VECTOR('',#239,2.52E0);
#241=CARTESIAN_POINT('',(1.93E0,-2.45E0,-6.7E0));
#242=LINE('',#241,#240);
#243=DIRECTION('',(0.E0,1.E0,0.E0));
#244=VECTOR('',#243,3.85E0);
#245=CARTESIAN_POINT('',(1.93E0,-2.45E0,-4.18E0));
#246=LINE('',#245,#244);
#247=CARTESIAN_POINT('',(1.93E0,1.4E0,-4.03E0));
#248=DIRECTION('',(1.E0,0.E0,0.E0));
#249=DIRECTION('',(0.E0,3.552713678800E-14,-1.E0));
#250=AXIS2_PLACEMENT_3D('',#247,#248,#249);
#252=DIRECTION('',(0.E0,0.E0,1.E0));
#253=VECTOR('',#252,6.1E-1);
#254=CARTESIAN_POINT('',(1.93E0,1.55E0,-4.03E0));
#255=LINE('',#254,#253);
#256=DIRECTION('',(0.E0,1.E0,0.E0));
#257=VECTOR('',#256,1.43E0);
#258=CARTESIAN_POINT('',(1.93E0,1.55E0,-3.42E0));
#259=LINE('',#258,#257);
#260=CARTESIAN_POINT('',(1.93E0,2.98E0,-3.7E0));
#261=DIRECTION('',(1.E0,0.E0,0.E0));
#262=DIRECTION('',(0.E0,0.E0,1.E0));
#263=AXIS2_PLACEMENT_3D('',#260,#261,#262);
#265=DIRECTION('',(-1.E0,0.E0,0.E0));
#266=VECTOR('',#265,3.86E0);
#267=CARTESIAN_POINT('',(1.93E0,8.11E0,-3.98E0));
#268=LINE('',#267,#266);
#269=CARTESIAN_POINT('',(-1.93E0,1.4E0,-4.03E0));
#270=DIRECTION('',(-1.E0,0.E0,0.E0));
#271=DIRECTION('',(0.E0,1.E0,2.368475785867E-14));
#272=AXIS2_PLACEMENT_3D('',#269,#270,#271);
#274=DIRECTION('',(0.E0,7.071067811865E-1,7.071067811866E-1));
#275=VECTOR('',#274,1.442497833621E0);
#276=CARTESIAN_POINT('',(-1.93E0,-1.45E0,-6.7E0));
#277=LINE('',#276,#275);
#278=DIRECTION('',(0.E0,-7.071067811865E-1,7.071067811865E-1));
#279=VECTOR('',#278,1.414213562373E0);
#280=CARTESIAN_POINT('',(-1.93E0,9.11E0,-4.98E0));
#281=LINE('',#280,#279);
#282=CARTESIAN_POINT('',(-1.93E0,2.98E0,-3.7E0));
#283=DIRECTION('',(-1.E0,0.E0,0.E0));
#284=DIRECTION('',(0.E0,-2.379049338482E-14,-1.E0));
#285=AXIS2_PLACEMENT_3D('',#282,#283,#284);
#287=DIRECTION('',(0.E0,0.E0,1.E0));
#288=VECTOR('',#287,6.1E-1);
#289=CARTESIAN_POINT('',(-1.93E0,1.55E0,-4.03E0));
#290=LINE('',#289,#288);
#291=DIRECTION('',(-1.E0,0.E0,0.E0));
#292=VECTOR('',#291,1.105E0);
#293=CARTESIAN_POINT('',(-8.25E-1,1.4E0,-4.18E0));
#294=LINE('',#293,#292);
#295=DIRECTION('',(1.E0,0.E0,0.E0));
#296=VECTOR('',#295,1.105E0);
#297=CARTESIAN_POINT('',(-1.93E0,1.55E0,-4.03E0));
#298=LINE('',#297,#296);
#299=DIRECTION('',(-1.E0,0.E0,0.E0));
#300=VECTOR('',#299,1.105E0);
#301=CARTESIAN_POINT('',(-8.25E-1,-2.45E0,-4.18E0));
#302=LINE('',#301,#300);
#303=DIRECTION('',(0.E0,1.E0,0.E0));
#304=VECTOR('',#303,3.85E0);
#305=CARTESIAN_POINT('',(-1.93E0,-2.45E0,-4.18E0));
#306=LINE('',#305,#304);
#307=DIRECTION('',(0.E0,-1.E0,0.E0));
#308=VECTOR('',#307,1.E0);
#309=CARTESIAN_POINT('',(-1.93E0,-1.45E0,-6.7E0));
#310=LINE('',#309,#308);
#311=DIRECTION('',(-1.E0,0.E0,0.E0));
#312=VECTOR('',#311,3.86E0);
#313=CARTESIAN_POINT('',(1.93E0,-1.45E0,-6.7E0));
#314=LINE('',#313,#312);
#315=DIRECTION('',(-1.E0,0.E0,0.E0));
#316=VECTOR('',#315,3.86E0);
#317=CARTESIAN_POINT('',(1.93E0,-4.300000000001E-1,-5.68E0));
#318=LINE('',#317,#316);
#319=DIRECTION('',(0.E0,-1.E0,0.E0));
#320=VECTOR('',#319,9.54E0);
#321=CARTESIAN_POINT('',(-1.93E0,9.11E0,-5.68E0));
#322=LINE('',#321,#320);
#323=DIRECTION('',(-1.E0,0.E0,0.E0));
#324=VECTOR('',#323,3.86E0);
#325=CARTESIAN_POINT('',(1.93E0,9.11E0,-5.68E0));
#326=LINE('',#325,#324);
#327=DIRECTION('',(0.E0,0.E0,-1.E0));
#328=VECTOR('',#327,7.E-1);
#329=CARTESIAN_POINT('',(-1.93E0,9.11E0,-4.98E0));
#330=LINE('',#329,#328);
#331=DIRECTION('',(-1.E0,0.E0,0.E0));
#332=VECTOR('',#331,3.86E0);
#333=CARTESIAN_POINT('',(1.93E0,9.11E0,-4.98E0));
#334=LINE('',#333,#332);
#335=DIRECTION('',(-1.E0,0.E0,0.E0));
#336=VECTOR('',#335,1.105E0);
#337=CARTESIAN_POINT('',(-8.25E-1,2.98E0,-3.42E0));
#338=LINE('',#337,#336);
#339=DIRECTION('',(1.E0,0.E0,0.E0));
#340=VECTOR('',#339,1.105E0);
#341=CARTESIAN_POINT('',(-1.93E0,2.98E0,-3.98E0));
#342=LINE('',#341,#340);
#343=DIRECTION('',(0.E0,1.E0,0.E0));
#344=VECTOR('',#343,1.43E0);
#345=CARTESIAN_POINT('',(1.925E0,1.55E0,-3.42E0));
#346=LINE('',#345,#344);
#347=DIRECTION('',(-1.E0,0.E0,-8.881784197002E-14));
#348=VECTOR('',#347,5.E-3);
#349=CARTESIAN_POINT('',(1.93E0,1.55E0,-3.42E0));
#350=LINE('',#349,#348);
#351=DIRECTION('',(1.E0,0.E0,0.E0));
#352=VECTOR('',#351,1.105E0);
#353=CARTESIAN_POINT('',(8.25E-1,2.98E0,-3.98E0));
#354=LINE('',#353,#352);
#355=DIRECTION('',(1.E0,-1.776356839400E-13,8.881784197002E-14));
#356=VECTOR('',#355,5.E-3);
#357=CARTESIAN_POINT('',(1.925E0,2.98E0,-3.42E0));
#358=LINE('',#357,#356);
#359=DIRECTION('',(-1.E0,0.E0,0.E0));
#360=VECTOR('',#359,1.1E0);
#361=CARTESIAN_POINT('',(1.925E0,2.98E0,-3.42E0));
#362=LINE('',#361,#360);
#363=DIRECTION('',(0.E0,0.E0,1.E0));
#364=VECTOR('',#363,7.25E0);
#365=CARTESIAN_POINT('',(-2.645E0,-2.98E0,-3.42E0));
#366=LINE('',#365,#364);
#367=CARTESIAN_POINT('',(-2.645E0,-3.28E0,3.83E0));
#368=DIRECTION('',(1.E0,0.E0,0.E0));
#369=DIRECTION('',(0.E0,1.E0,0.E0));
#370=AXIS2_PLACEMENT_3D('',#367,#368,#369);
#372=DIRECTION('',(0.E0,-1.E0,0.E0));
#373=VECTOR('',#372,7.2E-1);
#374=CARTESIAN_POINT('',(-2.645E0,-3.28E0,4.13E0));
#375=LINE('',#374,#373);
#376=DIRECTION('',(0.E0,0.E0,-1.E0));
#377=VECTOR('',#376,7.55E0);
#378=CARTESIAN_POINT('',(-2.645E0,-4.E0,4.13E0));
#379=LINE('',#378,#377);
#380=DIRECTION('',(0.E0,1.E0,0.E0));
#381=VECTOR('',#380,1.02E0);
#382=CARTESIAN_POINT('',(-2.645E0,-4.E0,-3.42E0));
#383=LINE('',#382,#381);
#384=DIRECTION('',(1.E0,0.E0,0.E0));
#385=VECTOR('',#384,5.28E0);
#386=CARTESIAN_POINT('',(-2.645E0,-2.98E0,3.83E0));
#387=LINE('',#386,#385);
#388=DIRECTION('',(-1.E0,0.E0,0.E0));
#389=VECTOR('',#388,5.28E0);
#390=CARTESIAN_POINT('',(2.635E0,-3.28E0,4.13E0));
#391=LINE('',#390,#389);
#392=DIRECTION('',(0.E0,-1.E0,0.E0));
#393=VECTOR('',#392,1.02E0);
#394=CARTESIAN_POINT('',(2.635E0,-2.98E0,-3.42E0));
#395=LINE('',#394,#393);
#396=DIRECTION('',(0.E0,0.E0,1.E0));
#397=VECTOR('',#396,7.55E0);
#398=CARTESIAN_POINT('',(2.635E0,-4.E0,-3.42E0));
#399=LINE('',#398,#397);
#400=DIRECTION('',(0.E0,1.E0,0.E0));
#401=VECTOR('',#400,7.2E-1);
#402=CARTESIAN_POINT('',(2.635E0,-4.E0,4.13E0));
#403=LINE('',#402,#401);
#404=CARTESIAN_POINT('',(2.635E0,-3.28E0,3.83E0));
#405=DIRECTION('',(-1.E0,0.E0,0.E0));
#406=DIRECTION('',(0.E0,0.E0,1.E0));
#407=AXIS2_PLACEMENT_3D('',#404,#405,#406);
#409=DIRECTION('',(0.E0,0.E0,-1.E0));
#410=VECTOR('',#409,7.25E0);
#411=CARTESIAN_POINT('',(2.635E0,-2.98E0,3.83E0));
#412=LINE('',#411,#410);
#413=DIRECTION('',(-1.E0,0.E0,0.E0));
#414=VECTOR('',#413,5.28E0);
#415=CARTESIAN_POINT('',(2.635E0,-4.E0,4.13E0));
#416=LINE('',#415,#414);
#417=DIRECTION('',(0.E0,0.E0,-1.E0));
#418=VECTOR('',#417,2.49E0);
#419=CARTESIAN_POINT('',(1.245E0,-4.E0,-1.3E-1));
#420=LINE('',#419,#418);
#421=DIRECTION('',(0.E0,-1.E0,0.E0));
#422=VECTOR('',#421,1.E0);
#423=CARTESIAN_POINT('',(1.245E0,-3.E0,-1.3E-1));
#424=LINE('',#423,#422);
#425=DIRECTION('',(-1.E0,0.E0,0.E0));
#426=VECTOR('',#425,2.49E0);
#427=CARTESIAN_POINT('',(1.245E0,-4.E0,-2.62E0));
#428=LINE('',#427,#426);
#429=DIRECTION('',(0.E0,-1.E0,0.E0));
#430=VECTOR('',#429,1.E0);
#431=CARTESIAN_POINT('',(1.245E0,-3.E0,-2.62E0));
#432=LINE('',#431,#430);
#433=DIRECTION('',(0.E0,0.E0,1.E0));
#434=VECTOR('',#433,2.49E0);
#435=CARTESIAN_POINT('',(-1.245E0,-4.E0,-2.62E0));
#436=LINE('',#435,#434);
#437=DIRECTION('',(0.E0,-1.E0,0.E0));
#438=VECTOR('',#437,1.E0);
#439=CARTESIAN_POINT('',(-1.245E0,-3.E0,-2.62E0));
#440=LINE('',#439,#438);
#441=DIRECTION('',(1.E0,0.E0,0.E0));
#442=VECTOR('',#441,2.49E0);
#443=CARTESIAN_POINT('',(-1.245E0,-4.E0,-1.3E-1));
#444=LINE('',#443,#442);
#445=DIRECTION('',(0.E0,-1.E0,0.E0));
#446=VECTOR('',#445,1.E0);
#447=CARTESIAN_POINT('',(-1.245E0,-3.E0,-1.3E-1));
#448=LINE('',#447,#446);
#449=DIRECTION('',(0.E0,0.E0,-1.E0));
#450=VECTOR('',#449,2.49E0);
#451=CARTESIAN_POINT('',(1.245E0,-3.E0,-1.3E-1));
#452=LINE('',#451,#450);
#453=DIRECTION('',(-1.E0,0.E0,0.E0));
#454=VECTOR('',#453,2.49E0);
#455=CARTESIAN_POINT('',(1.245E0,-3.E0,-2.62E0));
#456=LINE('',#455,#454);
#457=DIRECTION('',(0.E0,0.E0,1.E0));
#458=VECTOR('',#457,2.49E0);
#459=CARTESIAN_POINT('',(-1.245E0,-3.E0,-2.62E0));
#460=LINE('',#459,#458);
#461=DIRECTION('',(1.E0,0.E0,0.E0));
#462=VECTOR('',#461,2.49E0);
#463=CARTESIAN_POINT('',(-1.245E0,-3.E0,-1.3E-1));
#464=LINE('',#463,#462);
#465=CARTESIAN_POINT('',(-5.E-3,-3.E0,-1.38E0));
#466=DIRECTION('',(0.E0,-1.E0,0.E0));
#467=DIRECTION('',(1.E0,0.E0,0.E0));
#468=AXIS2_PLACEMENT_3D('',#465,#466,#467);
#470=CARTESIAN_POINT('',(-5.E-3,-3.E0,-1.38E0));
#471=DIRECTION('',(0.E0,-1.E0,0.E0));
#472=DIRECTION('',(-1.E0,0.E0,0.E0));
#473=AXIS2_PLACEMENT_3D('',#470,#471,#472);
#475=DIRECTION('',(0.E0,-1.E0,0.E0));
#476=VECTOR('',#475,1.51E2);
#477=CARTESIAN_POINT('',(8.45E-1,-3.E0,-1.38E0));
#478=LINE('',#477,#476);
#479=DIRECTION('',(0.E0,-1.E0,0.E0));
#480=VECTOR('',#479,1.51E2);
#481=CARTESIAN_POINT('',(-8.55E-1,-3.E0,-1.38E0));
#482=LINE('',#481,#480);
#483=CARTESIAN_POINT('',(-5.E-3,-1.54E2,-1.38E0));
#484=DIRECTION('',(0.E0,-1.E0,0.E0));
#485=DIRECTION('',(1.E0,0.E0,0.E0));
#486=AXIS2_PLACEMENT_3D('',#483,#484,#485);
#488=CARTESIAN_POINT('',(-5.E-3,-1.54E2,-1.38E0));
#489=DIRECTION('',(0.E0,-1.E0,0.E0));
#490=DIRECTION('',(-1.E0,0.E0,0.E0));
#491=AXIS2_PLACEMENT_3D('',#488,#489,#490);
#493=CARTESIAN_POINT('',(-5.E-3,-1.54E2,-1.38E0));
#494=DIRECTION('',(0.E0,-1.E0,0.E0));
#495=DIRECTION('',(1.E0,0.E0,0.E0));
#496=AXIS2_PLACEMENT_3D('',#493,#494,#495);
#498=CARTESIAN_POINT('',(-5.E-3,-1.54E2,-1.38E0));
#499=DIRECTION('',(0.E0,-1.E0,0.E0));
#500=DIRECTION('',(-1.E0,0.E0,0.E0));
#501=AXIS2_PLACEMENT_3D('',#498,#499,#500);
#503=DIRECTION('',(0.E0,-1.E0,0.E0));
#504=VECTOR('',#503,5.E0);
#505=CARTESIAN_POINT('',(5.95E-1,-1.54E2,-1.38E0));
#506=LINE('',#505,#504);
#507=DIRECTION('',(0.E0,-1.E0,0.E0));
#508=VECTOR('',#507,5.E0);
#509=CARTESIAN_POINT('',(-6.05E-1,-1.54E2,-1.38E0));
#510=LINE('',#509,#508);
#511=CARTESIAN_POINT('',(-5.E-3,-1.59E2,-1.38E0));
#512=DIRECTION('',(0.E0,-1.E0,0.E0));
#513=DIRECTION('',(1.E0,0.E0,0.E0));
#514=AXIS2_PLACEMENT_3D('',#511,#512,#513);
#516=CARTESIAN_POINT('',(-5.E-3,-1.59E2,-1.38E0));
#517=DIRECTION('',(0.E0,-1.E0,0.E0));
#518=DIRECTION('',(-1.E0,0.E0,0.E0));
#519=AXIS2_PLACEMENT_3D('',#516,#517,#518);
#521=DIRECTION('',(0.E0,0.E0,-1.E0));
#522=VECTOR('',#521,2.49E0);
#523=CARTESIAN_POINT('',(1.245E0,-4.E0,2.87E0));
#524=LINE('',#523,#522);
#525=DIRECTION('',(0.E0,-1.E0,0.E0));
#526=VECTOR('',#525,1.E0);
#527=CARTESIAN_POINT('',(1.245E0,-3.E0,2.87E0));
#528=LINE('',#527,#526);
#529=DIRECTION('',(-1.E0,0.E0,0.E0));
#530=VECTOR('',#529,2.49E0);
#531=CARTESIAN_POINT('',(1.245E0,-4.E0,3.8E-1));
#532=LINE('',#531,#530);
#533=DIRECTION('',(0.E0,-1.E0,0.E0));
#534=VECTOR('',#533,1.E0);
#535=CARTESIAN_POINT('',(1.245E0,-3.E0,3.8E-1));
#536=LINE('',#535,#534);
#537=DIRECTION('',(0.E0,0.E0,1.E0));
#538=VECTOR('',#537,2.49E0);
#539=CARTESIAN_POINT('',(-1.245E0,-4.E0,3.8E-1));
#540=LINE('',#539,#538);
#541=DIRECTION('',(0.E0,-1.E0,0.E0));
#542=VECTOR('',#541,1.E0);
#543=CARTESIAN_POINT('',(-1.245E0,-3.E0,3.8E-1));
#544=LINE('',#543,#542);
#545=DIRECTION('',(1.E0,0.E0,0.E0));
#546=VECTOR('',#545,2.49E0);
#547=CARTESIAN_POINT('',(-1.245E0,-4.E0,2.87E0));
#548=LINE('',#547,#546);
#549=DIRECTION('',(0.E0,-1.E0,0.E0));
#550=VECTOR('',#549,1.E0);
#551=CARTESIAN_POINT('',(-1.245E0,-3.E0,2.87E0));
#552=LINE('',#551,#550);
#553=DIRECTION('',(0.E0,0.E0,-1.E0));
#554=VECTOR('',#553,2.49E0);
#555=CARTESIAN_POINT('',(1.245E0,-3.E0,2.87E0));
#556=LINE('',#555,#554);
#557=DIRECTION('',(-1.E0,0.E0,0.E0));
#558=VECTOR('',#557,2.49E0);
#559=CARTESIAN_POINT('',(1.245E0,-3.E0,3.8E-1));
#560=LINE('',#559,#558);
#561=DIRECTION('',(0.E0,0.E0,1.E0));
#562=VECTOR('',#561,2.49E0);
#563=CARTESIAN_POINT('',(-1.245E0,-3.E0,3.8E-1));
#564=LINE('',#563,#562);
#565=DIRECTION('',(1.E0,0.E0,0.E0));
#566=VECTOR('',#565,2.49E0);
#567=CARTESIAN_POINT('',(-1.245E0,-3.E0,2.87E0));
#568=LINE('',#567,#566);
#569=CARTESIAN_POINT('',(-5.E-3,-3.E0,1.62E0));
#570=DIRECTION('',(0.E0,-1.E0,0.E0));
#571=DIRECTION('',(1.E0,0.E0,0.E0));
#572=AXIS2_PLACEMENT_3D('',#569,#570,#571);
#574=CARTESIAN_POINT('',(-5.E-3,-3.E0,1.62E0));
#575=DIRECTION('',(0.E0,-1.E0,0.E0));
#576=DIRECTION('',(-1.E0,0.E0,0.E0));
#577=AXIS2_PLACEMENT_3D('',#574,#575,#576);
#579=DIRECTION('',(0.E0,-1.E0,0.E0));
#580=VECTOR('',#579,1.51E2);
#581=CARTESIAN_POINT('',(8.45E-1,-3.E0,1.62E0));
#582=LINE('',#581,#580);
#583=DIRECTION('',(0.E0,-1.E0,0.E0));
#584=VECTOR('',#583,1.51E2);
#585=CARTESIAN_POINT('',(-8.55E-1,-3.E0,1.62E0));
#586=LINE('',#585,#584);
#587=CARTESIAN_POINT('',(-5.E-3,-1.54E2,1.62E0));
#588=DIRECTION('',(0.E0,-1.E0,0.E0));
#589=DIRECTION('',(1.E0,0.E0,0.E0));
#590=AXIS2_PLACEMENT_3D('',#587,#588,#589);
#592=CARTESIAN_POINT('',(-5.E-3,-1.54E2,1.62E0));
#593=DIRECTION('',(0.E0,-1.E0,0.E0));
#594=DIRECTION('',(-1.E0,0.E0,0.E0));
#595=AXIS2_PLACEMENT_3D('',#592,#593,#594);
#597=CARTESIAN_POINT('',(-5.E-3,-1.54E2,1.62E0));
#598=DIRECTION('',(0.E0,-1.E0,0.E0));
#599=DIRECTION('',(1.E0,0.E0,0.E0));
#600=AXIS2_PLACEMENT_3D('',#597,#598,#599);
#602=CARTESIAN_POINT('',(-5.E-3,-1.54E2,1.62E0));
#603=DIRECTION('',(0.E0,-1.E0,0.E0));
#604=DIRECTION('',(-1.E0,0.E0,0.E0));
#605=AXIS2_PLACEMENT_3D('',#602,#603,#604);
#607=DIRECTION('',(0.E0,-1.E0,0.E0));
#608=VECTOR('',#607,5.E0);
#609=CARTESIAN_POINT('',(5.95E-1,-1.54E2,1.62E0));
#610=LINE('',#609,#608);
#611=DIRECTION('',(0.E0,-1.E0,0.E0));
#612=VECTOR('',#611,5.E0);
#613=CARTESIAN_POINT('',(-6.05E-1,-1.54E2,1.62E0));
#614=LINE('',#613,#612);
#615=CARTESIAN_POINT('',(-5.E-3,-1.59E2,1.62E0));
#616=DIRECTION('',(0.E0,-1.E0,0.E0));
#617=DIRECTION('',(1.E0,0.E0,0.E0));
#618=AXIS2_PLACEMENT_3D('',#615,#616,#617);
#620=CARTESIAN_POINT('',(-5.E-3,-1.59E2,1.62E0));
#621=DIRECTION('',(0.E0,-1.E0,0.E0));
#622=DIRECTION('',(-1.E0,0.E0,0.E0));
#623=AXIS2_PLACEMENT_3D('',#620,#621,#622);
#625=DIRECTION('',(0.E0,-1.E0,0.E0));
#626=VECTOR('',#625,6.35E0);
#627=CARTESIAN_POINT('',(5.5E-1,1.E1,2.7E0));
#628=LINE('',#627,#626);
#629=DIRECTION('',(-1.E0,0.E0,0.E0));
#630=VECTOR('',#629,1.75E0);
#631=CARTESIAN_POINT('',(5.5E-1,3.65E0,2.7E0));
#632=LINE('',#631,#630);
#633=DIRECTION('',(0.E0,-1.E0,0.E0));
#634=VECTOR('',#633,6.35E0);
#635=CARTESIAN_POINT('',(1.2E0,1.E1,2.05E0));
#636=LINE('',#635,#634);
#637=DIRECTION('',(-7.071067811865E-1,0.E0,7.071067811865E-1));
#638=VECTOR('',#637,9.192388155425E-1);
#639=CARTESIAN_POINT('',(1.2E0,1.E1,2.05E0));
#640=LINE('',#639,#638);
#641=DIRECTION('',(-1.E0,0.E0,0.E0));
#642=VECTOR('',#641,1.75E0);
#643=CARTESIAN_POINT('',(5.5E-1,1.E1,2.7E0));
#644=LINE('',#643,#642);
#645=DIRECTION('',(0.E0,0.E0,-1.E0));
#646=VECTOR('',#645,2.4E0);
#647=CARTESIAN_POINT('',(-1.2E0,1.E1,2.7E0));
#648=LINE('',#647,#646);
#649=DIRECTION('',(1.E0,0.E0,0.E0));
#650=VECTOR('',#649,2.4E0);
#651=CARTESIAN_POINT('',(-1.2E0,1.E1,3.E-1));
#652=LINE('',#651,#650);
#653=DIRECTION('',(0.E0,0.E0,1.E0));
#654=VECTOR('',#653,1.75E0);
#655=CARTESIAN_POINT('',(1.2E0,1.E1,3.E-1));
#656=LINE('',#655,#654);
#657=DIRECTION('',(7.071067811865E-1,0.E0,7.071067811866E-1));
#658=VECTOR('',#657,3.535533905933E-1);
#659=CARTESIAN_POINT('',(-7.35E-1,1.E1,2.01E0));
#660=LINE('',#659,#658);
#661=DIRECTION('',(7.071067811865E-1,0.E0,-7.071067811866E-1));
#662=VECTOR('',#661,3.535533905933E-1);
#663=CARTESIAN_POINT('',(4.85E-1,1.E1,2.26E0));
#664=LINE('',#663,#662);
#665=DIRECTION('',(0.E0,0.E0,-1.E0));
#666=VECTOR('',#665,2.4E0);
#667=CARTESIAN_POINT('',(-1.2E0,3.65E0,2.7E0));
#668=LINE('',#667,#666);
#669=DIRECTION('',(0.E0,-1.E0,0.E0));
#670=VECTOR('',#669,6.35E0);
#671=CARTESIAN_POINT('',(-1.2E0,1.E1,2.7E0));
#672=LINE('',#671,#670);
#673=DIRECTION('',(1.E0,0.E0,0.E0));
#674=VECTOR('',#673,2.4E0);
#675=CARTESIAN_POINT('',(-1.2E0,3.65E0,3.E-1));
#676=LINE('',#675,#674);
#677=DIRECTION('',(0.E0,-1.E0,0.E0));
#678=VECTOR('',#677,6.35E0);
#679=CARTESIAN_POINT('',(-1.2E0,1.E1,3.E-1));
#680=LINE('',#679,#678);
#681=DIRECTION('',(0.E0,-1.E0,0.E0));
#682=VECTOR('',#681,6.35E0);
#683=CARTESIAN_POINT('',(1.2E0,1.E1,3.E-1));
#684=LINE('',#683,#682);
#685=DIRECTION('',(0.E0,0.E0,1.E0));
#686=VECTOR('',#685,1.75E0);
#687=CARTESIAN_POINT('',(1.2E0,3.65E0,3.E-1));
#688=LINE('',#687,#686);
#689=DIRECTION('',(0.E0,1.E0,0.E0));
#690=VECTOR('',#689,1.E0);
#691=CARTESIAN_POINT('',(-7.35E-1,9.E0,2.01E0));
#692=LINE('',#691,#690);
#693=DIRECTION('',(0.E0,0.E0,-1.E0));
#694=VECTOR('',#693,1.25E0);
#695=CARTESIAN_POINT('',(-7.35E-1,1.E1,2.01E0));
#696=LINE('',#695,#694);
#697=DIRECTION('',(0.E0,1.E0,0.E0));
#698=VECTOR('',#697,1.E0);
#699=CARTESIAN_POINT('',(-7.35E-1,9.E0,7.6E-1));
#700=LINE('',#699,#698);
#701=DIRECTION('',(1.E0,0.E0,0.E0));
#702=VECTOR('',#701,1.47E0);
#703=CARTESIAN_POINT('',(-7.35E-1,1.E1,7.6E-1));
#704=LINE('',#703,#702);
#705=DIRECTION('',(0.E0,1.E0,0.E0));
#706=VECTOR('',#705,1.E0);
#707=CARTESIAN_POINT('',(7.35E-1,9.E0,7.6E-1));
#708=LINE('',#707,#706);
#709=DIRECTION('',(0.E0,0.E0,1.E0));
#710=VECTOR('',#709,1.25E0);
#711=CARTESIAN_POINT('',(7.35E-1,1.E1,7.6E-1));
#712=LINE('',#711,#710);
#713=DIRECTION('',(0.E0,1.E0,0.E0));
#714=VECTOR('',#713,1.E0);
#715=CARTESIAN_POINT('',(7.35E-1,9.E0,2.01E0));
#716=LINE('',#715,#714);
#717=DIRECTION('',(0.E0,1.E0,0.E0));
#718=VECTOR('',#717,1.E0);
#719=CARTESIAN_POINT('',(4.85E-1,9.E0,2.26E0));
#720=LINE('',#719,#718);
#721=DIRECTION('',(-1.E0,0.E0,0.E0));
#722=VECTOR('',#721,9.7E-1);
#723=CARTESIAN_POINT('',(4.85E-1,1.E1,2.26E0));
#724=LINE('',#723,#722);
#725=DIRECTION('',(0.E0,1.E0,0.E0));
#726=VECTOR('',#725,1.E0);
#727=CARTESIAN_POINT('',(-4.85E-1,9.E0,2.26E0));
#728=LINE('',#727,#726);
#729=DIRECTION('',(0.E0,0.E0,-1.E0));
#730=VECTOR('',#729,1.25E0);
#731=CARTESIAN_POINT('',(-7.35E-1,9.E0,2.01E0));
#732=LINE('',#731,#730);
#733=DIRECTION('',(1.E0,0.E0,0.E0));
#734=VECTOR('',#733,1.47E0);
#735=CARTESIAN_POINT('',(-7.35E-1,9.E0,7.6E-1));
#736=LINE('',#735,#734);
#737=DIRECTION('',(0.E0,0.E0,1.E0));
#738=VECTOR('',#737,1.25E0);
#739=CARTESIAN_POINT('',(7.35E-1,9.E0,7.6E-1));
#740=LINE('',#739,#738);
#741=DIRECTION('',(-7.071067811865E-1,0.E0,7.071067811866E-1));
#742=VECTOR('',#741,3.535533905933E-1);
#743=CARTESIAN_POINT('',(7.35E-1,9.E0,2.01E0));
#744=LINE('',#743,#742);
#745=DIRECTION('',(-1.E0,0.E0,0.E0));
#746=VECTOR('',#745,9.7E-1);
#747=CARTESIAN_POINT('',(4.85E-1,9.E0,2.26E0));
#748=LINE('',#747,#746);
#749=DIRECTION('',(-7.071067811865E-1,0.E0,-7.071067811866E-1));
#750=VECTOR('',#749,3.535533905933E-1);
#751=CARTESIAN_POINT('',(-4.85E-1,9.E0,2.26E0));
#752=LINE('',#751,#750);
#753=DIRECTION('',(0.E0,0.E0,1.E0));
#754=VECTOR('',#753,2.4E0);
#755=CARTESIAN_POINT('',(1.2E0,3.65E0,-2.7E0));
#756=LINE('',#755,#754);
#757=DIRECTION('',(0.E0,-1.E0,0.E0));
#758=VECTOR('',#757,6.35E0);
#759=CARTESIAN_POINT('',(1.2E0,1.E1,-2.7E0));
#760=LINE('',#759,#758);
#761=DIRECTION('',(-1.E0,0.E0,0.E0));
#762=VECTOR('',#761,2.4E0);
#763=CARTESIAN_POINT('',(1.2E0,3.65E0,-3.E-1));
#764=LINE('',#763,#762);
#765=DIRECTION('',(0.E0,-1.E0,0.E0));
#766=VECTOR('',#765,6.35E0);
#767=CARTESIAN_POINT('',(1.2E0,1.E1,-3.E-1));
#768=LINE('',#767,#766);
#769=DIRECTION('',(0.E0,0.E0,-1.E0));
#770=VECTOR('',#769,2.4E0);
#771=CARTESIAN_POINT('',(-1.2E0,3.65E0,-3.E-1));
#772=LINE('',#771,#770);
#773=DIRECTION('',(0.E0,-1.E0,0.E0));
#774=VECTOR('',#773,6.35E0);
#775=CARTESIAN_POINT('',(-1.2E0,1.E1,-3.E-1));
#776=LINE('',#775,#774);
#777=DIRECTION('',(1.E0,0.E0,0.E0));
#778=VECTOR('',#777,2.4E0);
#779=CARTESIAN_POINT('',(-1.2E0,3.65E0,-2.7E0));
#780=LINE('',#779,#778);
#781=DIRECTION('',(0.E0,-1.E0,0.E0));
#782=VECTOR('',#781,6.35E0);
#783=CARTESIAN_POINT('',(-1.2E0,1.E1,-2.7E0));
#784=LINE('',#783,#782);
#785=DIRECTION('',(0.E0,0.E0,1.E0));
#786=VECTOR('',#785,2.4E0);
#787=CARTESIAN_POINT('',(1.2E0,1.E1,-2.7E0));
#788=LINE('',#787,#786);
#789=DIRECTION('',(-1.E0,0.E0,0.E0));
#790=VECTOR('',#789,2.4E0);
#791=CARTESIAN_POINT('',(1.2E0,1.E1,-3.E-1));
#792=LINE('',#791,#790);
#793=DIRECTION('',(0.E0,0.E0,-1.E0));
#794=VECTOR('',#793,2.4E0);
#795=CARTESIAN_POINT('',(-1.2E0,1.E1,-3.E-1));
#796=LINE('',#795,#794);
#797=DIRECTION('',(1.E0,0.E0,0.E0));
#798=VECTOR('',#797,2.4E0);
#799=CARTESIAN_POINT('',(-1.2E0,1.E1,-2.7E0));
#800=LINE('',#799,#798);
#801=DIRECTION('',(7.071067811865E-1,0.E0,7.071067811866E-1));
#802=VECTOR('',#801,3.535533905933E-1);
#803=CARTESIAN_POINT('',(-7.35E-1,1.E1,-9.9E-1));
#804=LINE('',#803,#802);
#805=DIRECTION('',(7.071067811865E-1,0.E0,-7.071067811866E-1));
#806=VECTOR('',#805,3.535533905933E-1);
#807=CARTESIAN_POINT('',(4.85E-1,1.E1,-7.4E-1));
#808=LINE('',#807,#806);
#809=DIRECTION('',(0.E0,1.E0,0.E0));
#810=VECTOR('',#809,1.E0);
#811=CARTESIAN_POINT('',(-7.35E-1,9.E0,-9.9E-1));
#812=LINE('',#811,#810);
#813=DIRECTION('',(0.E0,0.E0,-1.E0));
#814=VECTOR('',#813,1.25E0);
#815=CARTESIAN_POINT('',(-7.35E-1,1.E1,-9.9E-1));
#816=LINE('',#815,#814);
#817=DIRECTION('',(0.E0,1.E0,0.E0));
#818=VECTOR('',#817,1.E0);
#819=CARTESIAN_POINT('',(-7.35E-1,9.E0,-2.24E0));
#820=LINE('',#819,#818);
#821=DIRECTION('',(1.E0,0.E0,0.E0));
#822=VECTOR('',#821,1.47E0);
#823=CARTESIAN_POINT('',(-7.35E-1,1.E1,-2.24E0));
#824=LINE('',#823,#822);
#825=DIRECTION('',(0.E0,1.E0,0.E0));
#826=VECTOR('',#825,1.E0);
#827=CARTESIAN_POINT('',(7.35E-1,9.E0,-2.24E0));
#828=LINE('',#827,#826);
#829=DIRECTION('',(0.E0,0.E0,1.E0));
#830=VECTOR('',#829,1.25E0);
#831=CARTESIAN_POINT('',(7.35E-1,1.E1,-2.24E0));
#832=LINE('',#831,#830);
#833=DIRECTION('',(0.E0,1.E0,0.E0));
#834=VECTOR('',#833,1.E0);
#835=CARTESIAN_POINT('',(7.35E-1,9.E0,-9.9E-1));
#836=LINE('',#835,#834);
#837=DIRECTION('',(0.E0,1.E0,0.E0));
#838=VECTOR('',#837,1.E0);
#839=CARTESIAN_POINT('',(4.85E-1,9.E0,-7.4E-1));
#840=LINE('',#839,#838);
#841=DIRECTION('',(-1.E0,0.E0,0.E0));
#842=VECTOR('',#841,9.7E-1);
#843=CARTESIAN_POINT('',(4.85E-1,1.E1,-7.4E-1));
#844=LINE('',#843,#842);
#845=DIRECTION('',(0.E0,1.E0,0.E0));
#846=VECTOR('',#845,1.E0);
#847=CARTESIAN_POINT('',(-4.85E-1,9.E0,-7.4E-1));
#848=LINE('',#847,#846);
#849=DIRECTION('',(0.E0,0.E0,-1.E0));
#850=VECTOR('',#849,1.25E0);
#851=CARTESIAN_POINT('',(-7.35E-1,9.E0,-9.9E-1));
#852=LINE('',#851,#850);
#853=DIRECTION('',(1.E0,0.E0,0.E0));
#854=VECTOR('',#853,1.47E0);
#855=CARTESIAN_POINT('',(-7.35E-1,9.E0,-2.24E0));
#856=LINE('',#855,#854);
#857=DIRECTION('',(0.E0,0.E0,1.E0));
#858=VECTOR('',#857,1.25E0);
#859=CARTESIAN_POINT('',(7.35E-1,9.E0,-2.24E0));
#860=LINE('',#859,#858);
#861=DIRECTION('',(-7.071067811865E-1,0.E0,7.071067811866E-1));
#862=VECTOR('',#861,3.535533905933E-1);
#863=CARTESIAN_POINT('',(7.35E-1,9.E0,-9.9E-1));
#864=LINE('',#863,#862);
#865=DIRECTION('',(-1.E0,0.E0,0.E0));
#866=VECTOR('',#865,9.7E-1);
#867=CARTESIAN_POINT('',(4.85E-1,9.E0,-7.4E-1));
#868=LINE('',#867,#866);
#869=DIRECTION('',(-7.071067811865E-1,0.E0,-7.071067811866E-1));
#870=VECTOR('',#869,3.535533905933E-1);
#871=CARTESIAN_POINT('',(-4.85E-1,9.E0,-7.4E-1));
#872=LINE('',#871,#870);
#873=CARTESIAN_POINT('',(1.925E0,-2.98E0,3.43E0));
#874=CARTESIAN_POINT('',(1.925E0,-2.98E0,-3.42E0));
#875=VERTEX_POINT('',#873);
#876=VERTEX_POINT('',#874);
#877=CARTESIAN_POINT('',(1.925E0,3.65E0,3.43E0));
#878=VERTEX_POINT('',#877);
#879=CARTESIAN_POINT('',(1.925E0,3.65E0,-3.42E0));
#880=VERTEX_POINT('',#879);
#881=CARTESIAN_POINT('',(1.925E0,2.98E0,-3.42E0));
#882=VERTEX_POINT('',#881);
#883=CARTESIAN_POINT('',(1.925E0,1.55E0,-3.42E0));
#884=VERTEX_POINT('',#883);
#885=CARTESIAN_POINT('',(-3.45E-1,-2.98E0,3.43E0));
#886=CARTESIAN_POINT('',(2.55E-1,-2.98E0,3.43E0));
#887=VERTEX_POINT('',#885);
#888=VERTEX_POINT('',#886);
#889=CARTESIAN_POINT('',(2.635E0,-2.98E0,-3.42E0));
#890=VERTEX_POINT('',#889);
#891=CARTESIAN_POINT('',(2.635E0,-2.98E0,3.83E0));
#892=VERTEX_POINT('',#891);
#893=CARTESIAN_POINT('',(-2.645E0,-2.98E0,3.83E0));
#894=VERTEX_POINT('',#893);
#895=CARTESIAN_POINT('',(-2.645E0,-2.98E0,-3.42E0));
#896=VERTEX_POINT('',#895);
#897=CARTESIAN_POINT('',(-1.935E0,-2.98E0,-3.42E0));
#898=VERTEX_POINT('',#897);
#899=CARTESIAN_POINT('',(-1.935E0,-2.98E0,3.43E0));
#900=VERTEX_POINT('',#899);
#901=CARTESIAN_POINT('',(-3.45E-1,3.65E0,3.43E0));
#902=VERTEX_POINT('',#901);
#903=CARTESIAN_POINT('',(2.55E-1,3.65E0,3.43E0));
#904=VERTEX_POINT('',#903);
#905=CARTESIAN_POINT('',(-1.935E0,3.65E0,3.43E0));
#906=VERTEX_POINT('',#905);
#907=CARTESIAN_POINT('',(-1.935E0,3.65E0,-3.42E0));
#908=VERTEX_POINT('',#907);
#909=CARTESIAN_POINT('',(5.5E-1,3.65E0,2.7E0));
#910=CARTESIAN_POINT('',(-1.2E0,3.65E0,2.7E0));
#911=VERTEX_POINT('',#909);
#912=VERTEX_POINT('',#910);
#913=CARTESIAN_POINT('',(1.2E0,3.65E0,2.05E0));
#914=VERTEX_POINT('',#913);
#915=CARTESIAN_POINT('',(1.2E0,3.65E0,3.E-1));
#916=VERTEX_POINT('',#915);
#917=CARTESIAN_POINT('',(-1.2E0,3.65E0,3.E-1));
#918=VERTEX_POINT('',#917);
#919=CARTESIAN_POINT('',(1.2E0,3.65E0,-2.7E0));
#920=CARTESIAN_POINT('',(1.2E0,3.65E0,-3.E-1));
#921=VERTEX_POINT('',#919);
#922=VERTEX_POINT('',#920);
#923=CARTESIAN_POINT('',(-1.2E0,3.65E0,-2.7E0));
#924=VERTEX_POINT('',#923);
#925=CARTESIAN_POINT('',(-1.2E0,3.65E0,-3.E-1));
#926=VERTEX_POINT('',#925);
#927=CARTESIAN_POINT('',(1.2E0,1.E1,-3.E-1));
#928=VERTEX_POINT('',#927);
#929=CARTESIAN_POINT('',(1.2E0,1.E1,-2.7E0));
#930=VERTEX_POINT('',#929);
#931=CARTESIAN_POINT('',(-1.2E0,1.E1,-3.E-1));
#932=VERTEX_POINT('',#931);
#933=CARTESIAN_POINT('',(-1.2E0,1.E1,-2.7E0));
#934=VERTEX_POINT('',#933);
#935=CARTESIAN_POINT('',(-7.35E-1,1.E1,-9.9E-1));
#936=CARTESIAN_POINT('',(-7.35E-1,1.E1,-2.24E0));
#937=VERTEX_POINT('',#935);
#938=VERTEX_POINT('',#936);
#939=CARTESIAN_POINT('',(-4.85E-1,1.E1,-7.4E-1));
#940=VERTEX_POINT('',#939);
#941=CARTESIAN_POINT('',(4.85E-1,1.E1,-7.4E-1));
#942=VERTEX_POINT('',#941);
#943=CARTESIAN_POINT('',(7.35E-1,1.E1,-9.9E-1));
#944=VERTEX_POINT('',#943);
#945=CARTESIAN_POINT('',(7.35E-1,1.E1,-2.24E0));
#946=VERTEX_POINT('',#945);
#947=CARTESIAN_POINT('',(1.2E0,1.E1,2.05E0));
#948=CARTESIAN_POINT('',(5.5E-1,1.E1,2.7E0));
#949=VERTEX_POINT('',#947);
#950=VERTEX_POINT('',#948);
#951=CARTESIAN_POINT('',(-1.2E0,1.E1,2.7E0));
#952=VERTEX_POINT('',#951);
#953=CARTESIAN_POINT('',(-1.2E0,1.E1,3.E-1));
#954=VERTEX_POINT('',#953);
#955=CARTESIAN_POINT('',(1.2E0,1.E1,3.E-1));
#956=VERTEX_POINT('',#955);
#957=CARTESIAN_POINT('',(-7.35E-1,1.E1,2.01E0));
#958=CARTESIAN_POINT('',(-7.35E-1,1.E1,7.6E-1));
#959=VERTEX_POINT('',#957);
#960=VERTEX_POINT('',#958);
#961=CARTESIAN_POINT('',(-4.85E-1,1.E1,2.26E0));
#962=VERTEX_POINT('',#961);
#963=CARTESIAN_POINT('',(4.85E-1,1.E1,2.26E0));
#964=VERTEX_POINT('',#963);
#965=CARTESIAN_POINT('',(7.35E-1,1.E1,2.01E0));
#966=VERTEX_POINT('',#965);
#967=CARTESIAN_POINT('',(7.35E-1,1.E1,7.6E-1));
#968=VERTEX_POINT('',#967);
#969=CARTESIAN_POINT('',(-7.35E-1,9.E0,7.6E-1));
#970=VERTEX_POINT('',#969);
#971=CARTESIAN_POINT('',(-7.35E-1,9.E0,2.01E0));
#972=VERTEX_POINT('',#971);
#973=CARTESIAN_POINT('',(7.35E-1,9.E0,7.6E-1));
#974=VERTEX_POINT('',#973);
#975=CARTESIAN_POINT('',(7.35E-1,9.E0,2.01E0));
#976=VERTEX_POINT('',#975);
#977=CARTESIAN_POINT('',(4.85E-1,9.E0,2.26E0));
#978=VERTEX_POINT('',#977);
#979=CARTESIAN_POINT('',(-4.85E-1,9.E0,2.26E0));
#980=VERTEX_POINT('',#979);
#981=CARTESIAN_POINT('',(-7.35E-1,9.E0,-9.9E-1));
#982=CARTESIAN_POINT('',(-7.35E-1,9.E0,-2.24E0));
#983=VERTEX_POINT('',#981);
#984=VERTEX_POINT('',#982);
#985=CARTESIAN_POINT('',(7.35E-1,9.E0,-2.24E0));
#986=VERTEX_POINT('',#985);
#987=CARTESIAN_POINT('',(7.35E-1,9.E0,-9.9E-1));
#988=VERTEX_POINT('',#987);
#989=CARTESIAN_POINT('',(4.85E-1,9.E0,-7.4E-1));
#990=VERTEX_POINT('',#989);
#991=CARTESIAN_POINT('',(-4.85E-1,9.E0,-7.4E-1));
#992=VERTEX_POINT('',#991);
#993=CARTESIAN_POINT('',(8.25E-1,1.55E0,-3.42E0));
#994=VERTEX_POINT('',#993);
#995=CARTESIAN_POINT('',(8.25E-1,2.98E0,-3.42E0));
#996=VERTEX_POINT('',#995);
#997=CARTESIAN_POINT('',(-2.645E0,-4.E0,-3.42E0));
#998=VERTEX_POINT('',#997);
#999=CARTESIAN_POINT('',(2.635E0,-4.E0,-3.42E0));
#1000=VERTEX_POINT('',#999);
#1001=CARTESIAN_POINT('',(-8.25E-1,2.98E0,-3.42E0));
#1002=CARTESIAN_POINT('',(-1.93E0,2.98E0,-3.42E0));
#1003=VERTEX_POINT('',#1001);
#1004=VERTEX_POINT('',#1002);
#1005=CARTESIAN_POINT('',(-8.25E-1,1.55E0,-3.42E0));
#1006=VERTEX_POINT('',#1005);
#1007=CARTESIAN_POINT('',(-1.93E0,1.55E0,-3.42E0));
#1008=VERTEX_POINT('',#1007);
#1009=CARTESIAN_POINT('',(-8.25E-1,2.98E0,-3.98E0));
#1010=VERTEX_POINT('',#1009);
#1011=CARTESIAN_POINT('',(-1.93E0,2.98E0,-3.98E0));
#1012=VERTEX_POINT('',#1011);
#1013=CARTESIAN_POINT('',(8.25E-1,2.98E0,-3.98E0));
#1014=VERTEX_POINT('',#1013);
#1015=CARTESIAN_POINT('',(1.93E0,2.98E0,-3.98E0));
#1016=VERTEX_POINT('',#1015);
#1017=CARTESIAN_POINT('',(1.93E0,2.98E0,-3.42E0));
#1018=VERTEX_POINT('',#1017);
#1019=CARTESIAN_POINT('',(-8.25E-1,6.85E0,-3.98E0));
#1020=VERTEX_POINT('',#1019);
#1021=CARTESIAN_POINT('',(-8.25E-1,6.85E0,-5.08E0));
#1022=VERTEX_POINT('',#1021);
#1023=CARTESIAN_POINT('',(-8.25E-1,-2.45E0,-5.08E0));
#1024=VERTEX_POINT('',#1023);
#1025=CARTESIAN_POINT('',(-8.25E-1,-2.45E0,-4.18E0));
#1026=VERTEX_POINT('',#1025);
#1027=CARTESIAN_POINT('',(-8.25E-1,1.4E0,-4.18E0));
#1028=VERTEX_POINT('',#1027);
#1029=CARTESIAN_POINT('',(-8.25E-1,1.55E0,-4.03E0));
#1030=VERTEX_POINT('',#1029);
#1031=CARTESIAN_POINT('',(-1.93E0,8.11E0,-3.98E0));
#1032=VERTEX_POINT('',#1031);
#1033=CARTESIAN_POINT('',(1.93E0,8.11E0,-3.98E0));
#1034=VERTEX_POINT('',#1033);
#1035=CARTESIAN_POINT('',(8.25E-1,6.85E0,-3.98E0));
#1036=VERTEX_POINT('',#1035);
#1037=CARTESIAN_POINT('',(-1.93E0,1.55E0,-4.03E0));
#1038=VERTEX_POINT('',#1037);
#1039=CARTESIAN_POINT('',(-1.93E0,1.4E0,-4.18E0));
#1040=VERTEX_POINT('',#1039);
#1041=CARTESIAN_POINT('',(-1.93E0,-2.45E0,-4.18E0));
#1042=VERTEX_POINT('',#1041);
#1043=CARTESIAN_POINT('',(-1.93E0,-2.45E0,-6.7E0));
#1044=VERTEX_POINT('',#1043);
#1045=CARTESIAN_POINT('',(-1.93E0,-1.45E0,-6.7E0));
#1046=VERTEX_POINT('',#1045);
#1047=CARTESIAN_POINT('',(-1.93E0,-4.300000000001E-1,-5.68E0));
#1048=VERTEX_POINT('',#1047);
#1049=CARTESIAN_POINT('',(-1.93E0,9.11E0,-5.68E0));
#1050=VERTEX_POINT('',#1049);
#1051=CARTESIAN_POINT('',(-1.93E0,9.11E0,-4.98E0));
#1052=VERTEX_POINT('',#1051);
#1053=CARTESIAN_POINT('',(8.25E-1,1.55E0,-4.03E0));
#1054=VERTEX_POINT('',#1053);
#1055=CARTESIAN_POINT('',(1.93E0,1.55E0,-3.42E0));
#1056=VERTEX_POINT('',#1055);
#1057=CARTESIAN_POINT('',(1.93E0,1.55E0,-4.03E0));
#1058=VERTEX_POINT('',#1057);
#1059=CARTESIAN_POINT('',(8.25E-1,1.4E0,-4.18E0));
#1060=VERTEX_POINT('',#1059);
#1061=CARTESIAN_POINT('',(1.93E0,1.4E0,-4.18E0));
#1062=VERTEX_POINT('',#1061);
#1063=CARTESIAN_POINT('',(8.25E-1,-2.45E0,-4.18E0));
#1064=VERTEX_POINT('',#1063);
#1065=CARTESIAN_POINT('',(1.93E0,-2.45E0,-4.18E0));
#1066=VERTEX_POINT('',#1065);
#1067=CARTESIAN_POINT('',(8.25E-1,-2.45E0,-5.08E0));
#1068=VERTEX_POINT('',#1067);
#1069=CARTESIAN_POINT('',(1.93E0,-2.45E0,-6.7E0));
#1070=VERTEX_POINT('',#1069);
#1071=CARTESIAN_POINT('',(8.25E-1,6.85E0,-5.08E0));
#1072=VERTEX_POINT('',#1071);
#1073=CARTESIAN_POINT('',(1.93E0,9.11E0,-4.98E0));
#1074=VERTEX_POINT('',#1073);
#1075=CARTESIAN_POINT('',(1.93E0,9.11E0,-5.68E0));
#1076=VERTEX_POINT('',#1075);
#1077=CARTESIAN_POINT('',(1.93E0,-4.300000000001E-1,-5.68E0));
#1078=VERTEX_POINT('',#1077);
#1079=CARTESIAN_POINT('',(1.93E0,-1.45E0,-6.7E0));
#1080=VERTEX_POINT('',#1079);
#1081=CARTESIAN_POINT('',(-2.645E0,-3.28E0,4.13E0));
#1082=VERTEX_POINT('',#1081);
#1083=CARTESIAN_POINT('',(-2.645E0,-4.E0,4.13E0));
#1084=VERTEX_POINT('',#1083);
#1085=CARTESIAN_POINT('',(2.635E0,-3.28E0,4.13E0));
#1086=VERTEX_POINT('',#1085);
#1087=CARTESIAN_POINT('',(2.635E0,-4.E0,4.13E0));
#1088=VERTEX_POINT('',#1087);
#1089=CARTESIAN_POINT('',(1.245E0,-4.E0,-1.3E-1));
#1090=CARTESIAN_POINT('',(1.245E0,-4.E0,-2.62E0));
#1091=VERTEX_POINT('',#1089);
#1092=VERTEX_POINT('',#1090);
#1093=CARTESIAN_POINT('',(-1.245E0,-4.E0,-1.3E-1));
#1094=VERTEX_POINT('',#1093);
#1095=CARTESIAN_POINT('',(-1.245E0,-4.E0,-2.62E0));
#1096=VERTEX_POINT('',#1095);
#1097=CARTESIAN_POINT('',(1.245E0,-4.E0,2.87E0));
#1098=CARTESIAN_POINT('',(1.245E0,-4.E0,3.8E-1));
#1099=VERTEX_POINT('',#1097);
#1100=VERTEX_POINT('',#1098);
#1101=CARTESIAN_POINT('',(-1.245E0,-4.E0,2.87E0));
#1102=VERTEX_POINT('',#1101);
#1103=CARTESIAN_POINT('',(-1.245E0,-4.E0,3.8E-1));
#1104=VERTEX_POINT('',#1103);
#1105=CARTESIAN_POINT('',(1.245E0,-3.E0,-2.62E0));
#1106=VERTEX_POINT('',#1105);
#1107=CARTESIAN_POINT('',(1.245E0,-3.E0,-1.3E-1));
#1108=VERTEX_POINT('',#1107);
#1109=CARTESIAN_POINT('',(-1.245E0,-3.E0,-2.62E0));
#1110=VERTEX_POINT('',#1109);
#1111=CARTESIAN_POINT('',(-1.245E0,-3.E0,-1.3E-1));
#1112=VERTEX_POINT('',#1111);
#1113=CARTESIAN_POINT('',(1.245E0,-3.E0,2.87E0));
#1114=CARTESIAN_POINT('',(1.245E0,-3.E0,3.8E-1));
#1115=VERTEX_POINT('',#1113);
#1116=VERTEX_POINT('',#1114);
#1117=CARTESIAN_POINT('',(-1.245E0,-3.E0,3.8E-1));
#1118=VERTEX_POINT('',#1117);
#1119=CARTESIAN_POINT('',(-1.245E0,-3.E0,2.87E0));
#1120=VERTEX_POINT('',#1119);
#1121=CARTESIAN_POINT('',(8.45E-1,-1.54E2,1.62E0));
#1122=CARTESIAN_POINT('',(-8.55E-1,-1.54E2,1.62E0));
#1123=VERTEX_POINT('',#1121);
#1124=VERTEX_POINT('',#1122);
#1125=CARTESIAN_POINT('',(8.45E-1,-3.E0,1.62E0));
#1126=CARTESIAN_POINT('',(-8.55E-1,-3.E0,1.62E0));
#1127=VERTEX_POINT('',#1125);
#1128=VERTEX_POINT('',#1126);
#1129=CARTESIAN_POINT('',(8.45E-1,-1.54E2,-1.38E0));
#1130=CARTESIAN_POINT('',(-8.55E-1,-1.54E2,-1.38E0));
#1131=VERTEX_POINT('',#1129);
#1132=VERTEX_POINT('',#1130);
#1133=CARTESIAN_POINT('',(8.45E-1,-3.E0,-1.38E0));
#1134=CARTESIAN_POINT('',(-8.55E-1,-3.E0,-1.38E0));
#1135=VERTEX_POINT('',#1133);
#1136=VERTEX_POINT('',#1134);
#1137=CARTESIAN_POINT('',(5.95E-1,-1.59E2,1.62E0));
#1138=CARTESIAN_POINT('',(-6.05E-1,-1.59E2,1.62E0));
#1139=VERTEX_POINT('',#1137);
#1140=VERTEX_POINT('',#1138);
#1141=CARTESIAN_POINT('',(5.95E-1,-1.54E2,1.62E0));
#1142=CARTESIAN_POINT('',(-6.05E-1,-1.54E2,1.62E0));
#1143=VERTEX_POINT('',#1141);
#1144=VERTEX_POINT('',#1142);
#1145=CARTESIAN_POINT('',(5.95E-1,-1.59E2,-1.38E0));
#1146=CARTESIAN_POINT('',(-6.05E-1,-1.59E2,-1.38E0));
#1147=VERTEX_POINT('',#1145);
#1148=VERTEX_POINT('',#1146);
#1149=CARTESIAN_POINT('',(5.95E-1,-1.54E2,-1.38E0));
#1150=CARTESIAN_POINT('',(-6.05E-1,-1.54E2,-1.38E0));
#1151=VERTEX_POINT('',#1149);
#1152=VERTEX_POINT('',#1150);
#1153=CARTESIAN_POINT('',(1.925E0,0.E0,0.E0));
#1154=DIRECTION('',(1.E0,0.E0,0.E0));
#1155=DIRECTION('',(0.E0,1.E0,0.E0));
#1156=AXIS2_PLACEMENT_3D('',#1153,#1154,#1155);
#1157=PLANE('',#1156);
#1159=ORIENTED_EDGE('',*,*,#1158,.F.);
#1161=ORIENTED_EDGE('',*,*,#1160,.T.);
#1163=ORIENTED_EDGE('',*,*,#1162,.T.);
#1165=ORIENTED_EDGE('',*,*,#1164,.T.);
#1167=ORIENTED_EDGE('',*,*,#1166,.F.);
#1169=ORIENTED_EDGE('',*,*,#1168,.T.);
#1170=EDGE_LOOP('',(#1159,#1161,#1163,#1165,#1167,#1169));
#1171=FACE_OUTER_BOUND('',#1170,.F.);
#1172=ADVANCED_FACE('',(#1171),#1157,.T.);
#1173=CARTESIAN_POINT('',(1.925E0,-2.98E0,3.43E0));
#1174=DIRECTION('',(0.E0,1.E0,0.E0));
#1175=DIRECTION('',(0.E0,0.E0,1.E0));
#1176=AXIS2_PLACEMENT_3D('',#1173,#1174,#1175);
#1177=PLANE('',#1176);
#1179=ORIENTED_EDGE('',*,*,#1178,.T.);
#1181=ORIENTED_EDGE('',*,*,#1180,.F.);
#1182=ORIENTED_EDGE('',*,*,#1158,.T.);
#1184=ORIENTED_EDGE('',*,*,#1183,.F.);
#1186=ORIENTED_EDGE('',*,*,#1185,.F.);
#1188=ORIENTED_EDGE('',*,*,#1187,.F.);
#1190=ORIENTED_EDGE('',*,*,#1189,.F.);
#1192=ORIENTED_EDGE('',*,*,#1191,.T.);
#1194=ORIENTED_EDGE('',*,*,#1193,.T.);
#1196=ORIENTED_EDGE('',*,*,#1195,.F.);
#1197=EDGE_LOOP('',(#1179,#1181,#1182,#1184,#1186,#1188,#1190,#1192,#1194,
#1196));
#1198=FACE_OUTER_BOUND('',#1197,.F.);
#1199=ADVANCED_FACE('',(#1198),#1177,.T.);
#1200=CARTESIAN_POINT('',(-4.5E-2,3.65E0,3.43E0));
#1201=DIRECTION('',(0.E0,-1.E0,0.E0));
#1202=DIRECTION('',(1.E0,0.E0,0.E0));
#1203=AXIS2_PLACEMENT_3D('',#1200,#1201,#1202);
#1204=CYLINDRICAL_SURFACE('',#1203,3.E-1);
#1205=ORIENTED_EDGE('',*,*,#1178,.F.);
#1207=ORIENTED_EDGE('',*,*,#1206,.T.);
#1209=ORIENTED_EDGE('',*,*,#1208,.F.);
#1211=ORIENTED_EDGE('',*,*,#1210,.T.);
#1212=EDGE_LOOP('',(#1205,#1207,#1209,#1211));
#1213=FACE_OUTER_BOUND('',#1212,.F.);
#1214=ADVANCED_FACE('',(#1213),#1204,.T.);
#1215=CARTESIAN_POINT('',(1.925E0,3.65E0,3.43E0));
#1216=DIRECTION('',(0.E0,0.E0,1.E0));
#1217=DIRECTION('',(0.E0,-1.E0,0.E0));
#1218=AXIS2_PLACEMENT_3D('',#1215,#1216,#1217);
#1219=PLANE('',#1218);
#1221=ORIENTED_EDGE('',*,*,#1220,.F.);
#1222=ORIENTED_EDGE('',*,*,#1206,.F.);
#1223=ORIENTED_EDGE('',*,*,#1195,.T.);
#1225=ORIENTED_EDGE('',*,*,#1224,.F.);
#1226=EDGE_LOOP('',(#1221,#1222,#1223,#1225));
#1227=FACE_OUTER_BOUND('',#1226,.F.);
#1228=ADVANCED_FACE('',(#1227),#1219,.T.);
#1229=CARTESIAN_POINT('',(1.925E0,3.65E0,-3.42E0));
#1230=DIRECTION('',(0.E0,1.E0,0.E0));
#1231=DIRECTION('',(0.E0,0.E0,1.E0));
#1232=AXIS2_PLACEMENT_3D('',#1229,#1230,#1231);
#1233=PLANE('',#1232);
#1235=ORIENTED_EDGE('',*,*,#1234,.T.);
#1236=ORIENTED_EDGE('',*,*,#1208,.T.);
#1237=ORIENTED_EDGE('',*,*,#1220,.T.);
#1239=ORIENTED_EDGE('',*,*,#1238,.F.);
#1241=ORIENTED_EDGE('',*,*,#1240,.F.);
#1242=ORIENTED_EDGE('',*,*,#1162,.F.);
#1243=EDGE_LOOP('',(#1235,#1236,#1237,#1239,#1241,#1242));
#1244=FACE_OUTER_BOUND('',#1243,.F.);
#1246=ORIENTED_EDGE('',*,*,#1245,.F.);
#1248=ORIENTED_EDGE('',*,*,#1247,.T.);
#1250=ORIENTED_EDGE('',*,*,#1249,.F.);
#1252=ORIENTED_EDGE('',*,*,#1251,.F.);
#1254=ORIENTED_EDGE('',*,*,#1253,.F.);
#1255=EDGE_LOOP('',(#1246,#1248,#1250,#1252,#1254));
#1256=FACE_BOUND('',#1255,.F.);
#1258=ORIENTED_EDGE('',*,*,#1257,.F.);
#1260=ORIENTED_EDGE('',*,*,#1259,.F.);
#1262=ORIENTED_EDGE('',*,*,#1261,.F.);
#1264=ORIENTED_EDGE('',*,*,#1263,.F.);
#1265=EDGE_LOOP('',(#1258,#1260,#1262,#1264));
#1266=FACE_BOUND('',#1265,.F.);
#1267=ADVANCED_FACE('',(#1244,#1256,#1266),#1233,.T.);
#1268=CARTESIAN_POINT('',(1.925E0,3.65E0,3.43E0));
#1269=DIRECTION('',(0.E0,0.E0,1.E0));
#1270=DIRECTION('',(0.E0,-1.E0,0.E0));
#1271=AXIS2_PLACEMENT_3D('',#1268,#1269,#1270);
#1272=PLANE('',#1271);
#1273=ORIENTED_EDGE('',*,*,#1234,.F.);
#1274=ORIENTED_EDGE('',*,*,#1160,.F.);
#1275=ORIENTED_EDGE('',*,*,#1180,.T.);
#1276=ORIENTED_EDGE('',*,*,#1210,.F.);
#1277=EDGE_LOOP('',(#1273,#1274,#1275,#1276));
#1278=FACE_OUTER_BOUND('',#1277,.F.);
#1279=ADVANCED_FACE('',(#1278),#1272,.T.);
#1280=CARTESIAN_POINT('',(-1.935E0,0.E0,0.E0));
#1281=DIRECTION('',(1.E0,0.E0,0.E0));
#1282=DIRECTION('',(0.E0,1.E0,0.E0));
#1283=AXIS2_PLACEMENT_3D('',#1280,#1281,#1282);
#1284=PLANE('',#1283);
#1285=ORIENTED_EDGE('',*,*,#1193,.F.);
#1287=ORIENTED_EDGE('',*,*,#1286,.T.);
#1288=ORIENTED_EDGE('',*,*,#1238,.T.);
#1289=ORIENTED_EDGE('',*,*,#1224,.T.);
#1290=EDGE_LOOP('',(#1285,#1287,#1288,#1289));
#1291=FACE_OUTER_BOUND('',#1290,.F.);
#1292=ADVANCED_FACE('',(#1291),#1284,.F.);
#1293=CARTESIAN_POINT('',(1.925E0,-2.98E0,-3.42E0));
#1294=DIRECTION('',(0.E0,0.E0,-1.E0));
#1295=DIRECTION('',(0.E0,1.E0,0.E0));
#1296=AXIS2_PLACEMENT_3D('',#1293,#1294,#1295);
#1297=PLANE('',#1296);
#1299=ORIENTED_EDGE('',*,*,#1298,.T.);
#1301=ORIENTED_EDGE('',*,*,#1300,.T.);
#1303=ORIENTED_EDGE('',*,*,#1302,.F.);
#1304=ORIENTED_EDGE('',*,*,#1164,.F.);
#1305=ORIENTED_EDGE('',*,*,#1240,.T.);
#1306=ORIENTED_EDGE('',*,*,#1286,.F.);
#1307=ORIENTED_EDGE('',*,*,#1191,.F.);
#1309=ORIENTED_EDGE('',*,*,#1308,.F.);
#1311=ORIENTED_EDGE('',*,*,#1310,.T.);
#1313=ORIENTED_EDGE('',*,*,#1312,.F.);
#1314=ORIENTED_EDGE('',*,*,#1183,.T.);
#1315=ORIENTED_EDGE('',*,*,#1168,.F.);
#1316=EDGE_LOOP('',(#1299,#1301,#1303,#1304,#1305,#1306,#1307,#1309,#1311,#1313,
#1314,#1315));
#1317=FACE_OUTER_BOUND('',#1316,.F.);
#1319=ORIENTED_EDGE('',*,*,#1318,.F.);
#1321=ORIENTED_EDGE('',*,*,#1320,.F.);
#1323=ORIENTED_EDGE('',*,*,#1322,.T.);
#1325=ORIENTED_EDGE('',*,*,#1324,.T.);
#1326=EDGE_LOOP('',(#1319,#1321,#1323,#1325));
#1327=FACE_BOUND('',#1326,.F.);
#1328=ADVANCED_FACE('',(#1317,#1327),#1297,.T.);
#1329=CARTESIAN_POINT('',(-1.93E0,1.55E0,-3.42E0));
#1330=DIRECTION('',(0.E0,-1.E0,0.E0));
#1331=DIRECTION('',(0.E0,0.E0,-1.E0));
#1332=AXIS2_PLACEMENT_3D('',#1329,#1330,#1331);
#1333=PLANE('',#1332);
#1335=ORIENTED_EDGE('',*,*,#1334,.T.);
#1336=ORIENTED_EDGE('',*,*,#1298,.F.);
#1338=ORIENTED_EDGE('',*,*,#1337,.F.);
#1340=ORIENTED_EDGE('',*,*,#1339,.F.);
#1342=ORIENTED_EDGE('',*,*,#1341,.F.);
#1343=EDGE_LOOP('',(#1335,#1336,#1338,#1340,#1342));
#1344=FACE_OUTER_BOUND('',#1343,.F.);
#1345=ADVANCED_FACE('',(#1344),#1333,.T.);
#1346=CARTESIAN_POINT('',(8.25E-1,0.E0,0.E0));
#1347=DIRECTION('',(1.E0,0.E0,0.E0));
#1348=DIRECTION('',(0.E0,-1.E0,0.E0));
#1349=AXIS2_PLACEMENT_3D('',#1346,#1347,#1348);
#1350=PLANE('',#1349);
#1352=ORIENTED_EDGE('',*,*,#1351,.T.);
#1354=ORIENTED_EDGE('',*,*,#1353,.T.);
#1355=ORIENTED_EDGE('',*,*,#1300,.F.);
#1356=ORIENTED_EDGE('',*,*,#1334,.F.);
#1358=ORIENTED_EDGE('',*,*,#1357,.T.);
#1360=ORIENTED_EDGE('',*,*,#1359,.F.);
#1362=ORIENTED_EDGE('',*,*,#1361,.F.);
#1364=ORIENTED_EDGE('',*,*,#1363,.F.);
#1366=ORIENTED_EDGE('',*,*,#1365,.F.);
#1367=EDGE_LOOP('',(#1352,#1354,#1355,#1356,#1358,#1360,#1362,#1364,#1366));
#1368=FACE_OUTER_BOUND('',#1367,.F.);
#1369=ADVANCED_FACE('',(#1368),#1350,.F.);
#1370=CARTESIAN_POINT('',(-1.93E0,8.11E0,-3.98E0));
#1371=DIRECTION('',(0.E0,0.E0,1.E0));
#1372=DIRECTION('',(0.E0,-1.E0,0.E0));
#1373=AXIS2_PLACEMENT_3D('',#1370,#1371,#1372);
#1374=PLANE('',#1373);
#1376=ORIENTED_EDGE('',*,*,#1375,.T.);
#1378=ORIENTED_EDGE('',*,*,#1377,.F.);
#1380=ORIENTED_EDGE('',*,*,#1379,.T.);
#1382=ORIENTED_EDGE('',*,*,#1381,.F.);
#1384=ORIENTED_EDGE('',*,*,#1383,.F.);
#1386=ORIENTED_EDGE('',*,*,#1385,.F.);
#1387=ORIENTED_EDGE('',*,*,#1351,.F.);
#1389=ORIENTED_EDGE('',*,*,#1388,.T.);
#1390=EDGE_LOOP('',(#1376,#1378,#1380,#1382,#1384,#1386,#1387,#1389));
#1391=FACE_OUTER_BOUND('',#1390,.F.);
#1392=ADVANCED_FACE('',(#1391),#1374,.T.);
#1393=CARTESIAN_POINT('',(-8.25E-1,0.E0,0.E0));
#1394=DIRECTION('',(1.E0,0.E0,0.E0));
#1395=DIRECTION('',(0.E0,-1.E0,0.E0));
#1396=AXIS2_PLACEMENT_3D('',#1393,#1394,#1395);
#1397=PLANE('',#1396);
#1398=ORIENTED_EDGE('',*,*,#1375,.F.);
#1400=ORIENTED_EDGE('',*,*,#1399,.T.);
#1402=ORIENTED_EDGE('',*,*,#1401,.T.);
#1404=ORIENTED_EDGE('',*,*,#1403,.T.);
#1406=ORIENTED_EDGE('',*,*,#1405,.T.);
#1408=ORIENTED_EDGE('',*,*,#1407,.T.);
#1410=ORIENTED_EDGE('',*,*,#1409,.T.);
#1411=ORIENTED_EDGE('',*,*,#1320,.T.);
#1413=ORIENTED_EDGE('',*,*,#1412,.T.);
#1414=EDGE_LOOP('',(#1398,#1400,#1402,#1404,#1406,#1408,#1410,#1411,#1413));
#1415=FACE_OUTER_BOUND('',#1414,.F.);
#1416=ADVANCED_FACE('',(#1415),#1397,.T.);
#1417=CARTESIAN_POINT('',(-8.25E-1,6.85E0,-5.08E0));
#1418=DIRECTION('',(0.E0,1.E0,0.E0));
#1419=DIRECTION('',(0.E0,0.E0,1.E0));
#1420=AXIS2_PLACEMENT_3D('',#1417,#1418,#1419);
#1421=PLANE('',#1420);
#1422=ORIENTED_EDGE('',*,*,#1388,.F.);
#1423=ORIENTED_EDGE('',*,*,#1365,.T.);
#1425=ORIENTED_EDGE('',*,*,#1424,.T.);
#1426=ORIENTED_EDGE('',*,*,#1399,.F.);
#1427=EDGE_LOOP('',(#1422,#1423,#1425,#1426));
#1428=FACE_OUTER_BOUND('',#1427,.F.);
#1429=ADVANCED_FACE('',(#1428),#1421,.F.);
#1430=CARTESIAN_POINT('',(-8.25E-1,-2.45E0,-5.08E0));
#1431=DIRECTION('',(0.E0,0.E0,-1.E0));
#1432=DIRECTION('',(0.E0,1.E0,0.E0));
#1433=AXIS2_PLACEMENT_3D('',#1430,#1431,#1432);
#1434=PLANE('',#1433);
#1436=ORIENTED_EDGE('',*,*,#1435,.T.);
#1437=ORIENTED_EDGE('',*,*,#1401,.F.);
#1438=ORIENTED_EDGE('',*,*,#1424,.F.);
#1439=ORIENTED_EDGE('',*,*,#1363,.T.);
#1440=EDGE_LOOP('',(#1436,#1437,#1438,#1439));
#1441=FACE_OUTER_BOUND('',#1440,.F.);
#1442=ADVANCED_FACE('',(#1441),#1434,.F.);
#1443=CARTESIAN_POINT('',(-1.93E0,-2.45E0,-4.18E0));
#1444=DIRECTION('',(0.E0,-1.E0,0.E0));
#1445=DIRECTION('',(0.E0,0.E0,-1.E0));
#1446=AXIS2_PLACEMENT_3D('',#1443,#1444,#1445);
#1447=PLANE('',#1446);
#1448=ORIENTED_EDGE('',*,*,#1403,.F.);
#1449=ORIENTED_EDGE('',*,*,#1435,.F.);
#1450=ORIENTED_EDGE('',*,*,#1361,.T.);
#1452=ORIENTED_EDGE('',*,*,#1451,.F.);
#1454=ORIENTED_EDGE('',*,*,#1453,.F.);
#1456=ORIENTED_EDGE('',*,*,#1455,.T.);
#1458=ORIENTED_EDGE('',*,*,#1457,.T.);
#1460=ORIENTED_EDGE('',*,*,#1459,.F.);
#1461=EDGE_LOOP('',(#1448,#1449,#1450,#1452,#1454,#1456,#1458,#1460));
#1462=FACE_OUTER_BOUND('',#1461,.F.);
#1463=ADVANCED_FACE('',(#1462),#1447,.T.);
#1464=CARTESIAN_POINT('',(-1.93E0,1.4E0,-4.18E0));
#1465=DIRECTION('',(0.E0,0.E0,1.E0));
#1466=DIRECTION('',(0.E0,-1.E0,0.E0));
#1467=AXIS2_PLACEMENT_3D('',#1464,#1465,#1466);
#1468=PLANE('',#1467);
#1469=ORIENTED_EDGE('',*,*,#1359,.T.);
#1471=ORIENTED_EDGE('',*,*,#1470,.F.);
#1473=ORIENTED_EDGE('',*,*,#1472,.F.);
#1474=ORIENTED_EDGE('',*,*,#1451,.T.);
#1475=EDGE_LOOP('',(#1469,#1471,#1473,#1474));
#1476=FACE_OUTER_BOUND('',#1475,.F.);
#1477=ADVANCED_FACE('',(#1476),#1468,.T.);
#1478=CARTESIAN_POINT('',(-1.93E0,1.4E0,-4.03E0));
#1479=DIRECTION('',(1.E0,0.E0,0.E0));
#1480=DIRECTION('',(0.E0,0.E0,-1.E0));
#1481=AXIS2_PLACEMENT_3D('',#1478,#1479,#1480);
#1482=CYLINDRICAL_SURFACE('',#1481,1.5E-1);
#1483=ORIENTED_EDGE('',*,*,#1357,.F.);
#1484=ORIENTED_EDGE('',*,*,#1341,.T.);
#1486=ORIENTED_EDGE('',*,*,#1485,.F.);
#1487=ORIENTED_EDGE('',*,*,#1470,.T.);
#1488=EDGE_LOOP('',(#1483,#1484,#1486,#1487));
#1489=FACE_OUTER_BOUND('',#1488,.F.);
#1490=ADVANCED_FACE('',(#1489),#1482,.F.);
#1491=CARTESIAN_POINT('',(1.93E0,0.E0,0.E0));
#1492=DIRECTION('',(1.E0,0.E0,0.E0));
#1493=DIRECTION('',(0.E0,0.E0,-1.E0));
#1494=AXIS2_PLACEMENT_3D('',#1491,#1492,#1493);
#1495=PLANE('',#1494);
#1496=ORIENTED_EDGE('',*,*,#1383,.T.);
#1498=ORIENTED_EDGE('',*,*,#1497,.T.);
#1500=ORIENTED_EDGE('',*,*,#1499,.T.);
#1502=ORIENTED_EDGE('',*,*,#1501,.T.);
#1504=ORIENTED_EDGE('',*,*,#1503,.T.);
#1506=ORIENTED_EDGE('',*,*,#1505,.T.);
#1507=ORIENTED_EDGE('',*,*,#1453,.T.);
#1508=ORIENTED_EDGE('',*,*,#1472,.T.);
#1509=ORIENTED_EDGE('',*,*,#1485,.T.);
#1510=ORIENTED_EDGE('',*,*,#1339,.T.);
#1512=ORIENTED_EDGE('',*,*,#1511,.T.);
#1514=ORIENTED_EDGE('',*,*,#1513,.T.);
#1515=EDGE_LOOP('',(#1496,#1498,#1500,#1502,#1504,#1506,#1507,#1508,#1509,#1510,
#1512,#1514));
#1516=FACE_OUTER_BOUND('',#1515,.F.);
#1517=ADVANCED_FACE('',(#1516),#1495,.T.);
#1518=CARTESIAN_POINT('',(-1.93E0,9.11E0,-4.98E0));
#1519=DIRECTION('',(0.E0,7.071067811865E-1,7.071067811865E-1));
#1520=DIRECTION('',(0.E0,-7.071067811865E-1,7.071067811865E-1));
#1521=AXIS2_PLACEMENT_3D('',#1518,#1519,#1520);
#1522=PLANE('',#1521);
#1524=ORIENTED_EDGE('',*,*,#1523,.F.);
#1526=ORIENTED_EDGE('',*,*,#1525,.F.);
#1527=ORIENTED_EDGE('',*,*,#1497,.F.);
#1528=ORIENTED_EDGE('',*,*,#1381,.T.);
#1529=EDGE_LOOP('',(#1524,#1526,#1527,#1528));
#1530=FACE_OUTER_BOUND('',#1529,.F.);
#1531=ADVANCED_FACE('',(#1530),#1522,.T.);
#1532=CARTESIAN_POINT('',(-1.93E0,0.E0,0.E0));
#1533=DIRECTION('',(1.E0,0.E0,0.E0));
#1534=DIRECTION('',(0.E0,0.E0,-1.E0));
#1535=AXIS2_PLACEMENT_3D('',#1532,#1533,#1534);
#1536=PLANE('',#1535);
#1537=ORIENTED_EDGE('',*,*,#1324,.F.);
#1539=ORIENTED_EDGE('',*,*,#1538,.F.);
#1541=ORIENTED_EDGE('',*,*,#1540,.T.);
#1543=ORIENTED_EDGE('',*,*,#1542,.F.);
#1544=ORIENTED_EDGE('',*,*,#1457,.F.);
#1546=ORIENTED_EDGE('',*,*,#1545,.F.);
#1548=ORIENTED_EDGE('',*,*,#1547,.T.);
#1550=ORIENTED_EDGE('',*,*,#1549,.F.);
#1552=ORIENTED_EDGE('',*,*,#1551,.F.);
#1553=ORIENTED_EDGE('',*,*,#1523,.T.);
#1554=ORIENTED_EDGE('',*,*,#1379,.F.);
#1556=ORIENTED_EDGE('',*,*,#1555,.T.);
#1557=EDGE_LOOP('',(#1537,#1539,#1541,#1543,#1544,#1546,#1548,#1550,#1552,#1553,
#1554,#1556));
#1558=FACE_OUTER_BOUND('',#1557,.F.);
#1559=ADVANCED_FACE('',(#1558),#1536,.F.);
#1560=CARTESIAN_POINT('',(-1.93E0,1.55E0,-3.42E0));
#1561=DIRECTION('',(0.E0,-1.E0,0.E0));
#1562=DIRECTION('',(0.E0,0.E0,-1.E0));
#1563=AXIS2_PLACEMENT_3D('',#1560,#1561,#1562);
#1564=PLANE('',#1563);
#1565=ORIENTED_EDGE('',*,*,#1409,.F.);
#1567=ORIENTED_EDGE('',*,*,#1566,.F.);
#1568=ORIENTED_EDGE('',*,*,#1538,.T.);
#1569=ORIENTED_EDGE('',*,*,#1322,.F.);
#1570=EDGE_LOOP('',(#1565,#1567,#1568,#1569));
#1571=FACE_OUTER_BOUND('',#1570,.F.);
#1572=ADVANCED_FACE('',(#1571),#1564,.T.);
#1573=CARTESIAN_POINT('',(-1.93E0,1.4E0,-4.03E0));
#1574=DIRECTION('',(1.E0,0.E0,0.E0));
#1575=DIRECTION('',(0.E0,0.E0,-1.E0));
#1576=AXIS2_PLACEMENT_3D('',#1573,#1574,#1575);
#1577=CYLINDRICAL_SURFACE('',#1576,1.5E-1);
#1578=ORIENTED_EDGE('',*,*,#1407,.F.);
#1580=ORIENTED_EDGE('',*,*,#1579,.T.);
#1581=ORIENTED_EDGE('',*,*,#1540,.F.);
#1582=ORIENTED_EDGE('',*,*,#1566,.T.);
#1583=EDGE_LOOP('',(#1578,#1580,#1581,#1582));
#1584=FACE_OUTER_BOUND('',#1583,.F.);
#1585=ADVANCED_FACE('',(#1584),#1577,.F.);
#1586=CARTESIAN_POINT('',(-1.93E0,1.4E0,-4.18E0));
#1587=DIRECTION('',(0.E0,0.E0,1.E0));
#1588=DIRECTION('',(0.E0,-1.E0,0.E0));
#1589=AXIS2_PLACEMENT_3D('',#1586,#1587,#1588);
#1590=PLANE('',#1589);
#1591=ORIENTED_EDGE('',*,*,#1405,.F.);
#1592=ORIENTED_EDGE('',*,*,#1459,.T.);
#1593=ORIENTED_EDGE('',*,*,#1542,.T.);
#1594=ORIENTED_EDGE('',*,*,#1579,.F.);
#1595=EDGE_LOOP('',(#1591,#1592,#1593,#1594));
#1596=FACE_OUTER_BOUND('',#1595,.F.);
#1597=ADVANCED_FACE('',(#1596),#1590,.T.);
#1598=CARTESIAN_POINT('',(-1.93E0,-2.45E0,-6.7E0));
#1599=DIRECTION('',(0.E0,0.E0,-1.E0));
#1600=DIRECTION('',(0.E0,1.E0,0.E0));
#1601=AXIS2_PLACEMENT_3D('',#1598,#1599,#1600);
#1602=PLANE('',#1601);
#1603=ORIENTED_EDGE('',*,*,#1545,.T.);
#1604=ORIENTED_EDGE('',*,*,#1455,.F.);
#1605=ORIENTED_EDGE('',*,*,#1505,.F.);
#1607=ORIENTED_EDGE('',*,*,#1606,.T.);
#1608=EDGE_LOOP('',(#1603,#1604,#1605,#1607));
#1609=FACE_OUTER_BOUND('',#1608,.F.);
#1610=ADVANCED_FACE('',(#1609),#1602,.T.);
#1611=CARTESIAN_POINT('',(-1.93E0,-1.45E0,-6.7E0));
#1612=DIRECTION('',(0.E0,7.071067811866E-1,-7.071067811865E-1));
#1613=DIRECTION('',(0.E0,7.071067811865E-1,7.071067811866E-1));
#1614=AXIS2_PLACEMENT_3D('',#1611,#1612,#1613);
#1615=PLANE('',#1614);
#1616=ORIENTED_EDGE('',*,*,#1547,.F.);
#1617=ORIENTED_EDGE('',*,*,#1606,.F.);
#1618=ORIENTED_EDGE('',*,*,#1503,.F.);
#1620=ORIENTED_EDGE('',*,*,#1619,.T.);
#1621=EDGE_LOOP('',(#1616,#1617,#1618,#1620));
#1622=FACE_OUTER_BOUND('',#1621,.F.);
#1623=ADVANCED_FACE('',(#1622),#1615,.T.);
#1624=CARTESIAN_POINT('',(-1.93E0,-4.3E-1,-5.68E0));
#1625=DIRECTION('',(0.E0,0.E0,-1.E0));
#1626=DIRECTION('',(0.E0,1.E0,0.E0));
#1627=AXIS2_PLACEMENT_3D('',#1624,#1625,#1626);
#1628=PLANE('',#1627);
#1629=ORIENTED_EDGE('',*,*,#1549,.T.);
#1630=ORIENTED_EDGE('',*,*,#1619,.F.);
#1631=ORIENTED_EDGE('',*,*,#1501,.F.);
#1633=ORIENTED_EDGE('',*,*,#1632,.T.);
#1634=EDGE_LOOP('',(#1629,#1630,#1631,#1633));
#1635=FACE_OUTER_BOUND('',#1634,.F.);
#1636=ADVANCED_FACE('',(#1635),#1628,.T.);
#1637=CARTESIAN_POINT('',(-1.93E0,9.11E0,-5.68E0));
#1638=DIRECTION('',(0.E0,1.E0,0.E0));
#1639=DIRECTION('',(0.E0,0.E0,1.E0));
#1640=AXIS2_PLACEMENT_3D('',#1637,#1638,#1639);
#1641=PLANE('',#1640);
#1642=ORIENTED_EDGE('',*,*,#1551,.T.);
#1643=ORIENTED_EDGE('',*,*,#1632,.F.);
#1644=ORIENTED_EDGE('',*,*,#1499,.F.);
#1645=ORIENTED_EDGE('',*,*,#1525,.T.);
#1646=EDGE_LOOP('',(#1642,#1643,#1644,#1645));
#1647=FACE_OUTER_BOUND('',#1646,.F.);
#1648=ADVANCED_FACE('',(#1647),#1641,.T.);
#1649=CARTESIAN_POINT('',(-1.93E0,2.98E0,-3.7E0));
#1650=DIRECTION('',(1.E0,0.E0,0.E0));
#1651=DIRECTION('',(0.E0,0.E0,-1.E0));
#1652=AXIS2_PLACEMENT_3D('',#1649,#1650,#1651);
#1653=CYLINDRICAL_SURFACE('',#1652,2.8E-1);
#1654=ORIENTED_EDGE('',*,*,#1412,.F.);
#1655=ORIENTED_EDGE('',*,*,#1318,.T.);
#1656=ORIENTED_EDGE('',*,*,#1555,.F.);
#1657=ORIENTED_EDGE('',*,*,#1377,.T.);
#1658=EDGE_LOOP('',(#1654,#1655,#1656,#1657));
#1659=FACE_OUTER_BOUND('',#1658,.F.);
#1660=ADVANCED_FACE('',(#1659),#1653,.F.);
#1661=CARTESIAN_POINT('',(-1.93E0,2.98E0,-3.42E0));
#1662=DIRECTION('',(0.E0,0.E0,1.E0));
#1663=DIRECTION('',(0.E0,-1.E0,0.E0));
#1664=AXIS2_PLACEMENT_3D('',#1661,#1662,#1663);
#1665=PLANE('',#1664);
#1666=ORIENTED_EDGE('',*,*,#1166,.T.);
#1668=ORIENTED_EDGE('',*,*,#1667,.F.);
#1669=ORIENTED_EDGE('',*,*,#1511,.F.);
#1670=ORIENTED_EDGE('',*,*,#1337,.T.);
#1671=EDGE_LOOP('',(#1666,#1668,#1669,#1670));
#1672=FACE_OUTER_BOUND('',#1671,.F.);
#1673=ADVANCED_FACE('',(#1672),#1665,.T.);
#1674=CARTESIAN_POINT('',(-1.93E0,2.98E0,-3.7E0));
#1675=DIRECTION('',(1.E0,0.E0,0.E0));
#1676=DIRECTION('',(0.E0,0.E0,-1.E0));
#1677=AXIS2_PLACEMENT_3D('',#1674,#1675,#1676);
#1678=CYLINDRICAL_SURFACE('',#1677,2.8E-1);
#1679=ORIENTED_EDGE('',*,*,#1353,.F.);
#1680=ORIENTED_EDGE('',*,*,#1385,.T.);
#1681=ORIENTED_EDGE('',*,*,#1513,.F.);
#1682=ORIENTED_EDGE('',*,*,#1667,.T.);
#1683=ORIENTED_EDGE('',*,*,#1302,.T.);
#1684=EDGE_LOOP('',(#1679,#1680,#1681,#1682,#1683));
#1685=FACE_OUTER_BOUND('',#1684,.F.);
#1686=ADVANCED_FACE('',(#1685),#1678,.F.);
#1687=CARTESIAN_POINT('',(-2.645E0,-4.3E-1,-5.68E0));
#1688=DIRECTION('',(-1.E0,0.E0,0.E0));
#1689=DIRECTION('',(0.E0,1.E0,0.E0));
#1690=AXIS2_PLACEMENT_3D('',#1687,#1688,#1689);
#1691=PLANE('',#1690);
#1692=ORIENTED_EDGE('',*,*,#1189,.T.);
#1694=ORIENTED_EDGE('',*,*,#1693,.T.);
#1696=ORIENTED_EDGE('',*,*,#1695,.T.);
#1698=ORIENTED_EDGE('',*,*,#1697,.T.);
#1699=ORIENTED_EDGE('',*,*,#1308,.T.);
#1700=EDGE_LOOP('',(#1692,#1694,#1696,#1698,#1699));
#1701=FACE_OUTER_BOUND('',#1700,.F.);
#1702=ADVANCED_FACE('',(#1701),#1691,.T.);
#1703=CARTESIAN_POINT('',(1.925E0,-3.28E0,3.83E0));
#1704=DIRECTION('',(1.E0,0.E0,0.E0));
#1705=DIRECTION('',(0.E0,0.E0,-1.E0));
#1706=AXIS2_PLACEMENT_3D('',#1703,#1704,#1705);
#1707=CYLINDRICAL_SURFACE('',#1706,3.E-1);
#1708=ORIENTED_EDGE('',*,*,#1187,.T.);
#1710=ORIENTED_EDGE('',*,*,#1709,.F.);
#1712=ORIENTED_EDGE('',*,*,#1711,.T.);
#1713=ORIENTED_EDGE('',*,*,#1693,.F.);
#1714=EDGE_LOOP('',(#1708,#1710,#1712,#1713));
#1715=FACE_OUTER_BOUND('',#1714,.F.);
#1716=ADVANCED_FACE('',(#1715),#1707,.T.);
#1717=CARTESIAN_POINT('',(2.635E0,-4.3E-1,-5.68E0));
#1718=DIRECTION('',(1.E0,0.E0,0.E0));
#1719=DIRECTION('',(0.E0,-1.E0,0.E0));
#1720=AXIS2_PLACEMENT_3D('',#1717,#1718,#1719);
#1721=PLANE('',#1720);
#1722=ORIENTED_EDGE('',*,*,#1312,.T.);
#1724=ORIENTED_EDGE('',*,*,#1723,.T.);
#1726=ORIENTED_EDGE('',*,*,#1725,.T.);
#1727=ORIENTED_EDGE('',*,*,#1709,.T.);
#1728=ORIENTED_EDGE('',*,*,#1185,.T.);
#1729=EDGE_LOOP('',(#1722,#1724,#1726,#1727,#1728));
#1730=FACE_OUTER_BOUND('',#1729,.F.);
#1731=ADVANCED_FACE('',(#1730),#1721,.T.);
#1732=CARTESIAN_POINT('',(1.925E0,-4.E0,4.13E0));
#1733=DIRECTION('',(0.E0,-1.E0,0.E0));
#1734=DIRECTION('',(0.E0,0.E0,-1.E0));
#1735=AXIS2_PLACEMENT_3D('',#1732,#1733,#1734);
#1736=PLANE('',#1735);
#1738=ORIENTED_EDGE('',*,*,#1737,.F.);
#1739=ORIENTED_EDGE('',*,*,#1723,.F.);
#1740=ORIENTED_EDGE('',*,*,#1310,.F.);
#1741=ORIENTED_EDGE('',*,*,#1697,.F.);
#1742=EDGE_LOOP('',(#1738,#1739,#1740,#1741));
#1743=FACE_OUTER_BOUND('',#1742,.F.);
#1745=ORIENTED_EDGE('',*,*,#1744,.F.);
#1747=ORIENTED_EDGE('',*,*,#1746,.F.);
#1749=ORIENTED_EDGE('',*,*,#1748,.F.);
#1751=ORIENTED_EDGE('',*,*,#1750,.F.);
#1752=EDGE_LOOP('',(#1745,#1747,#1749,#1751));
#1753=FACE_BOUND('',#1752,.F.);
#1755=ORIENTED_EDGE('',*,*,#1754,.F.);
#1757=ORIENTED_EDGE('',*,*,#1756,.F.);
#1759=ORIENTED_EDGE('',*,*,#1758,.F.);
#1761=ORIENTED_EDGE('',*,*,#1760,.F.);
#1762=EDGE_LOOP('',(#1755,#1757,#1759,#1761));
#1763=FACE_BOUND('',#1762,.F.);
#1764=ADVANCED_FACE('',(#1743,#1753,#1763),#1736,.T.);
#1765=CARTESIAN_POINT('',(1.925E0,-3.28E0,4.13E0));
#1766=DIRECTION('',(0.E0,0.E0,1.E0));
#1767=DIRECTION('',(0.E0,-1.E0,0.E0));
#1768=AXIS2_PLACEMENT_3D('',#1765,#1766,#1767);
#1769=PLANE('',#1768);
#1770=ORIENTED_EDGE('',*,*,#1711,.F.);
#1771=ORIENTED_EDGE('',*,*,#1725,.F.);
#1772=ORIENTED_EDGE('',*,*,#1737,.T.);
#1773=ORIENTED_EDGE('',*,*,#1695,.F.);
#1774=EDGE_LOOP('',(#1770,#1771,#1772,#1773));
#1775=FACE_OUTER_BOUND('',#1774,.F.);
#1776=ADVANCED_FACE('',(#1775),#1769,.T.);
#1777=CARTESIAN_POINT('',(1.245E0,-4.E0,-2.62E0));
#1778=DIRECTION('',(1.E0,0.E0,0.E0));
#1779=DIRECTION('',(0.E0,0.E0,1.E0));
#1780=AXIS2_PLACEMENT_3D('',#1777,#1778,#1779);
#1781=PLANE('',#1780);
#1782=ORIENTED_EDGE('',*,*,#1744,.T.);
#1784=ORIENTED_EDGE('',*,*,#1783,.F.);
#1786=ORIENTED_EDGE('',*,*,#1785,.F.);
#1788=ORIENTED_EDGE('',*,*,#1787,.T.);
#1789=EDGE_LOOP('',(#1782,#1784,#1786,#1788));
#1790=FACE_OUTER_BOUND('',#1789,.F.);
#1791=ADVANCED_FACE('',(#1790),#1781,.F.);
#1792=CARTESIAN_POINT('',(-1.245E0,-4.E0,-2.62E0));
#1793=DIRECTION('',(0.E0,0.E0,-1.E0));
#1794=DIRECTION('',(1.E0,0.E0,0.E0));
#1795=AXIS2_PLACEMENT_3D('',#1792,#1793,#1794);
#1796=PLANE('',#1795);
#1797=ORIENTED_EDGE('',*,*,#1750,.T.);
#1799=ORIENTED_EDGE('',*,*,#1798,.F.);
#1801=ORIENTED_EDGE('',*,*,#1800,.F.);
#1802=ORIENTED_EDGE('',*,*,#1783,.T.);
#1803=EDGE_LOOP('',(#1797,#1799,#1801,#1802));
#1804=FACE_OUTER_BOUND('',#1803,.F.);
#1805=ADVANCED_FACE('',(#1804),#1796,.F.);
#1806=CARTESIAN_POINT('',(-1.245E0,-4.E0,-1.3E-1));
#1807=DIRECTION('',(-1.E0,0.E0,0.E0));
#1808=DIRECTION('',(0.E0,0.E0,-1.E0));
#1809=AXIS2_PLACEMENT_3D('',#1806,#1807,#1808);
#1810=PLANE('',#1809);
#1811=ORIENTED_EDGE('',*,*,#1748,.T.);
#1813=ORIENTED_EDGE('',*,*,#1812,.F.);
#1815=ORIENTED_EDGE('',*,*,#1814,.F.);
#1816=ORIENTED_EDGE('',*,*,#1798,.T.);
#1817=EDGE_LOOP('',(#1811,#1813,#1815,#1816));
#1818=FACE_OUTER_BOUND('',#1817,.F.);
#1819=ADVANCED_FACE('',(#1818),#1810,.F.);
#1820=CARTESIAN_POINT('',(1.245E0,-4.E0,-1.3E-1));
#1821=DIRECTION('',(0.E0,0.E0,1.E0));
#1822=DIRECTION('',(-1.E0,0.E0,0.E0));
#1823=AXIS2_PLACEMENT_3D('',#1820,#1821,#1822);
#1824=PLANE('',#1823);
#1825=ORIENTED_EDGE('',*,*,#1746,.T.);
#1826=ORIENTED_EDGE('',*,*,#1787,.F.);
#1828=ORIENTED_EDGE('',*,*,#1827,.F.);
#1829=ORIENTED_EDGE('',*,*,#1812,.T.);
#1830=EDGE_LOOP('',(#1825,#1826,#1828,#1829));
#1831=FACE_OUTER_BOUND('',#1830,.F.);
#1832=ADVANCED_FACE('',(#1831),#1824,.F.);
#1833=CARTESIAN_POINT('',(1.925E0,-3.E0,0.E0));
#1834=DIRECTION('',(0.E0,-1.E0,0.E0));
#1835=DIRECTION('',(-1.E0,0.E0,0.E0));
#1836=AXIS2_PLACEMENT_3D('',#1833,#1834,#1835);
#1837=PLANE('',#1836);
#1838=ORIENTED_EDGE('',*,*,#1785,.T.);
#1839=ORIENTED_EDGE('',*,*,#1800,.T.);
#1840=ORIENTED_EDGE('',*,*,#1814,.T.);
#1841=ORIENTED_EDGE('',*,*,#1827,.T.);
#1842=EDGE_LOOP('',(#1838,#1839,#1840,#1841));
#1843=FACE_OUTER_BOUND('',#1842,.F.);
#1845=ORIENTED_EDGE('',*,*,#1844,.T.);
#1847=ORIENTED_EDGE('',*,*,#1846,.T.);
#1848=EDGE_LOOP('',(#1845,#1847));
#1849=FACE_BOUND('',#1848,.F.);
#1850=ADVANCED_FACE('',(#1843,#1849),#1837,.T.);
#1851=CARTESIAN_POINT('',(-5.E-3,-3.E0,-1.38E0));
#1852=DIRECTION('',(0.E0,-1.E0,0.E0));
#1853=DIRECTION('',(1.E0,0.E0,0.E0));
#1854=AXIS2_PLACEMENT_3D('',#1851,#1852,#1853);
#1855=CYLINDRICAL_SURFACE('',#1854,8.5E-1);
#1856=ORIENTED_EDGE('',*,*,#1844,.F.);
#1858=ORIENTED_EDGE('',*,*,#1857,.T.);
#1860=ORIENTED_EDGE('',*,*,#1859,.T.);
#1862=ORIENTED_EDGE('',*,*,#1861,.F.);
#1863=EDGE_LOOP('',(#1856,#1858,#1860,#1862));
#1864=FACE_OUTER_BOUND('',#1863,.F.);
#1865=ADVANCED_FACE('',(#1864),#1855,.T.);
#1866=CARTESIAN_POINT('',(-5.E-3,-3.E0,-1.38E0));
#1867=DIRECTION('',(0.E0,-1.E0,0.E0));
#1868=DIRECTION('',(1.E0,0.E0,0.E0));
#1869=AXIS2_PLACEMENT_3D('',#1866,#1867,#1868);
#1870=CYLINDRICAL_SURFACE('',#1869,8.5E-1);
#1871=ORIENTED_EDGE('',*,*,#1846,.F.);
#1872=ORIENTED_EDGE('',*,*,#1861,.T.);
#1874=ORIENTED_EDGE('',*,*,#1873,.T.);
#1875=ORIENTED_EDGE('',*,*,#1857,.F.);
#1876=EDGE_LOOP('',(#1871,#1872,#1874,#1875));
#1877=FACE_OUTER_BOUND('',#1876,.F.);
#1878=ADVANCED_FACE('',(#1877),#1870,.T.);
#1879=CARTESIAN_POINT('',(0.E0,-1.54E2,-3.E0));
#1880=DIRECTION('',(0.E0,-1.E0,0.E0));
#1881=DIRECTION('',(1.E0,0.E0,0.E0));
#1882=AXIS2_PLACEMENT_3D('',#1879,#1880,#1881);
#1883=PLANE('',#1882);
#1884=ORIENTED_EDGE('',*,*,#1859,.F.);
#1885=ORIENTED_EDGE('',*,*,#1873,.F.);
#1886=EDGE_LOOP('',(#1884,#1885));
#1887=FACE_OUTER_BOUND('',#1886,.F.);
#1889=ORIENTED_EDGE('',*,*,#1888,.T.);
#1891=ORIENTED_EDGE('',*,*,#1890,.T.);
#1892=EDGE_LOOP('',(#1889,#1891));
#1893=FACE_BOUND('',#1892,.F.);
#1894=ADVANCED_FACE('',(#1887,#1893),#1883,.T.);
#1895=CARTESIAN_POINT('',(-5.E-3,-1.54E2,-1.38E0));
#1896=DIRECTION('',(0.E0,-1.E0,0.E0));
#1897=DIRECTION('',(1.E0,0.E0,0.E0));
#1898=AXIS2_PLACEMENT_3D('',#1895,#1896,#1897);
#1899=CYLINDRICAL_SURFACE('',#1898,6.E-1);
#1900=ORIENTED_EDGE('',*,*,#1888,.F.);
#1902=ORIENTED_EDGE('',*,*,#1901,.T.);
#1904=ORIENTED_EDGE('',*,*,#1903,.T.);
#1906=ORIENTED_EDGE('',*,*,#1905,.F.);
#1907=EDGE_LOOP('',(#1900,#1902,#1904,#1906));
#1908=FACE_OUTER_BOUND('',#1907,.F.);
#1909=ADVANCED_FACE('',(#1908),#1899,.T.);
#1910=CARTESIAN_POINT('',(-5.E-3,-1.54E2,-1.38E0));
#1911=DIRECTION('',(0.E0,-1.E0,0.E0));
#1912=DIRECTION('',(1.E0,0.E0,0.E0));
#1913=AXIS2_PLACEMENT_3D('',#1910,#1911,#1912);
#1914=CYLINDRICAL_SURFACE('',#1913,6.E-1);
#1915=ORIENTED_EDGE('',*,*,#1890,.F.);
#1916=ORIENTED_EDGE('',*,*,#1905,.T.);
#1918=ORIENTED_EDGE('',*,*,#1917,.T.);
#1919=ORIENTED_EDGE('',*,*,#1901,.F.);
#1920=EDGE_LOOP('',(#1915,#1916,#1918,#1919));
#1921=FACE_OUTER_BOUND('',#1920,.F.);
#1922=ADVANCED_FACE('',(#1921),#1914,.T.);
#1923=CARTESIAN_POINT('',(0.E0,-1.59E2,0.E0));
#1924=DIRECTION('',(0.E0,-1.E0,0.E0));
#1925=DIRECTION('',(1.E0,0.E0,0.E0));
#1926=AXIS2_PLACEMENT_3D('',#1923,#1924,#1925);
#1927=PLANE('',#1926);
#1928=ORIENTED_EDGE('',*,*,#1903,.F.);
#1929=ORIENTED_EDGE('',*,*,#1917,.F.);
#1930=EDGE_LOOP('',(#1928,#1929));
#1931=FACE_OUTER_BOUND('',#1930,.F.);
#1932=ADVANCED_FACE('',(#1931),#1927,.T.);
#1933=CARTESIAN_POINT('',(1.245E0,-4.E0,3.8E-1));
#1934=DIRECTION('',(1.E0,0.E0,0.E0));
#1935=DIRECTION('',(0.E0,0.E0,1.E0));
#1936=AXIS2_PLACEMENT_3D('',#1933,#1934,#1935);
#1937=PLANE('',#1936);
#1938=ORIENTED_EDGE('',*,*,#1754,.T.);
#1940=ORIENTED_EDGE('',*,*,#1939,.F.);
#1942=ORIENTED_EDGE('',*,*,#1941,.F.);
#1944=ORIENTED_EDGE('',*,*,#1943,.T.);
#1945=EDGE_LOOP('',(#1938,#1940,#1942,#1944));
#1946=FACE_OUTER_BOUND('',#1945,.F.);
#1947=ADVANCED_FACE('',(#1946),#1937,.F.);
#1948=CARTESIAN_POINT('',(-1.245E0,-4.E0,3.8E-1));
#1949=DIRECTION('',(0.E0,0.E0,-1.E0));
#1950=DIRECTION('',(1.E0,0.E0,0.E0));
#1951=AXIS2_PLACEMENT_3D('',#1948,#1949,#1950);
#1952=PLANE('',#1951);
#1953=ORIENTED_EDGE('',*,*,#1760,.T.);
#1955=ORIENTED_EDGE('',*,*,#1954,.F.);
#1957=ORIENTED_EDGE('',*,*,#1956,.F.);
#1958=ORIENTED_EDGE('',*,*,#1939,.T.);
#1959=EDGE_LOOP('',(#1953,#1955,#1957,#1958));
#1960=FACE_OUTER_BOUND('',#1959,.F.);
#1961=ADVANCED_FACE('',(#1960),#1952,.F.);
#1962=CARTESIAN_POINT('',(-1.245E0,-4.E0,2.87E0));
#1963=DIRECTION('',(-1.E0,0.E0,0.E0));
#1964=DIRECTION('',(0.E0,0.E0,-1.E0));
#1965=AXIS2_PLACEMENT_3D('',#1962,#1963,#1964);
#1966=PLANE('',#1965);
#1967=ORIENTED_EDGE('',*,*,#1758,.T.);
#1969=ORIENTED_EDGE('',*,*,#1968,.F.);
#1971=ORIENTED_EDGE('',*,*,#1970,.F.);
#1972=ORIENTED_EDGE('',*,*,#1954,.T.);
#1973=EDGE_LOOP('',(#1967,#1969,#1971,#1972));
#1974=FACE_OUTER_BOUND('',#1973,.F.);
#1975=ADVANCED_FACE('',(#1974),#1966,.F.);
#1976=CARTESIAN_POINT('',(1.245E0,-4.E0,2.87E0));
#1977=DIRECTION('',(0.E0,0.E0,1.E0));
#1978=DIRECTION('',(-1.E0,0.E0,0.E0));
#1979=AXIS2_PLACEMENT_3D('',#1976,#1977,#1978);
#1980=PLANE('',#1979);
#1981=ORIENTED_EDGE('',*,*,#1756,.T.);
#1982=ORIENTED_EDGE('',*,*,#1943,.F.);
#1984=ORIENTED_EDGE('',*,*,#1983,.F.);
#1985=ORIENTED_EDGE('',*,*,#1968,.T.);
#1986=EDGE_LOOP('',(#1981,#1982,#1984,#1985));
#1987=FACE_OUTER_BOUND('',#1986,.F.);
#1988=ADVANCED_FACE('',(#1987),#1980,.F.);
#1989=CARTESIAN_POINT('',(1.925E0,-3.E0,0.E0));
#1990=DIRECTION('',(0.E0,-1.E0,0.E0));
#1991=DIRECTION('',(-1.E0,0.E0,0.E0));
#1992=AXIS2_PLACEMENT_3D('',#1989,#1990,#1991);
#1993=PLANE('',#1992);
#1994=ORIENTED_EDGE('',*,*,#1941,.T.);
#1995=ORIENTED_EDGE('',*,*,#1956,.T.);
#1996=ORIENTED_EDGE('',*,*,#1970,.T.);
#1997=ORIENTED_EDGE('',*,*,#1983,.T.);
#1998=EDGE_LOOP('',(#1994,#1995,#1996,#1997));
#1999=FACE_OUTER_BOUND('',#1998,.F.);
#2001=ORIENTED_EDGE('',*,*,#2000,.T.);
#2003=ORIENTED_EDGE('',*,*,#2002,.T.);
#2004=EDGE_LOOP('',(#2001,#2003));
#2005=FACE_BOUND('',#2004,.F.);
#2006=ADVANCED_FACE('',(#1999,#2005),#1993,.T.);
#2007=CARTESIAN_POINT('',(-5.E-3,-3.E0,1.62E0));
#2008=DIRECTION('',(0.E0,-1.E0,0.E0));
#2009=DIRECTION('',(1.E0,0.E0,0.E0));
#2010=AXIS2_PLACEMENT_3D('',#2007,#2008,#2009);
#2011=CYLINDRICAL_SURFACE('',#2010,8.5E-1);
#2012=ORIENTED_EDGE('',*,*,#2000,.F.);
#2014=ORIENTED_EDGE('',*,*,#2013,.T.);
#2016=ORIENTED_EDGE('',*,*,#2015,.T.);
#2018=ORIENTED_EDGE('',*,*,#2017,.F.);
#2019=EDGE_LOOP('',(#2012,#2014,#2016,#2018));
#2020=FACE_OUTER_BOUND('',#2019,.F.);
#2021=ADVANCED_FACE('',(#2020),#2011,.T.);
#2022=CARTESIAN_POINT('',(-5.E-3,-3.E0,1.62E0));
#2023=DIRECTION('',(0.E0,-1.E0,0.E0));
#2024=DIRECTION('',(1.E0,0.E0,0.E0));
#2025=AXIS2_PLACEMENT_3D('',#2022,#2023,#2024);
#2026=CYLINDRICAL_SURFACE('',#2025,8.5E-1);
#2027=ORIENTED_EDGE('',*,*,#2002,.F.);
#2028=ORIENTED_EDGE('',*,*,#2017,.T.);
#2030=ORIENTED_EDGE('',*,*,#2029,.T.);
#2031=ORIENTED_EDGE('',*,*,#2013,.F.);
#2032=EDGE_LOOP('',(#2027,#2028,#2030,#2031));
#2033=FACE_OUTER_BOUND('',#2032,.F.);
#2034=ADVANCED_FACE('',(#2033),#2026,.T.);
#2035=CARTESIAN_POINT('',(0.E0,-1.54E2,0.E0));
#2036=DIRECTION('',(0.E0,-1.E0,0.E0));
#2037=DIRECTION('',(1.E0,0.E0,0.E0));
#2038=AXIS2_PLACEMENT_3D('',#2035,#2036,#2037);
#2039=PLANE('',#2038);
#2040=ORIENTED_EDGE('',*,*,#2015,.F.);
#2041=ORIENTED_EDGE('',*,*,#2029,.F.);
#2042=EDGE_LOOP('',(#2040,#2041));
#2043=FACE_OUTER_BOUND('',#2042,.F.);
#2045=ORIENTED_EDGE('',*,*,#2044,.T.);
#2047=ORIENTED_EDGE('',*,*,#2046,.T.);
#2048=EDGE_LOOP('',(#2045,#2047));
#2049=FACE_BOUND('',#2048,.F.);
#2050=ADVANCED_FACE('',(#2043,#2049),#2039,.T.);
#2051=CARTESIAN_POINT('',(-5.E-3,-1.54E2,1.62E0));
#2052=DIRECTION('',(0.E0,-1.E0,0.E0));
#2053=DIRECTION('',(1.E0,0.E0,0.E0));
#2054=AXIS2_PLACEMENT_3D('',#2051,#2052,#2053);
#2055=CYLINDRICAL_SURFACE('',#2054,6.E-1);
#2056=ORIENTED_EDGE('',*,*,#2044,.F.);
#2058=ORIENTED_EDGE('',*,*,#2057,.T.);
#2060=ORIENTED_EDGE('',*,*,#2059,.T.);
#2062=ORIENTED_EDGE('',*,*,#2061,.F.);
#2063=EDGE_LOOP('',(#2056,#2058,#2060,#2062));
#2064=FACE_OUTER_BOUND('',#2063,.F.);
#2065=ADVANCED_FACE('',(#2064),#2055,.T.);
#2066=CARTESIAN_POINT('',(-5.E-3,-1.54E2,1.62E0));
#2067=DIRECTION('',(0.E0,-1.E0,0.E0));
#2068=DIRECTION('',(1.E0,0.E0,0.E0));
#2069=AXIS2_PLACEMENT_3D('',#2066,#2067,#2068);
#2070=CYLINDRICAL_SURFACE('',#2069,6.E-1);
#2071=ORIENTED_EDGE('',*,*,#2046,.F.);
#2072=ORIENTED_EDGE('',*,*,#2061,.T.);
#2074=ORIENTED_EDGE('',*,*,#2073,.T.);
#2075=ORIENTED_EDGE('',*,*,#2057,.F.);
#2076=EDGE_LOOP('',(#2071,#2072,#2074,#2075));
#2077=FACE_OUTER_BOUND('',#2076,.F.);
#2078=ADVANCED_FACE('',(#2077),#2070,.T.);
#2079=CARTESIAN_POINT('',(0.E0,-1.59E2,0.E0));
#2080=DIRECTION('',(0.E0,-1.E0,0.E0));
#2081=DIRECTION('',(1.E0,0.E0,0.E0));
#2082=AXIS2_PLACEMENT_3D('',#2079,#2080,#2081);
#2083=PLANE('',#2082);
#2084=ORIENTED_EDGE('',*,*,#2059,.F.);
#2085=ORIENTED_EDGE('',*,*,#2073,.F.);
#2086=EDGE_LOOP('',(#2084,#2085));
#2087=FACE_OUTER_BOUND('',#2086,.F.);
#2088=ADVANCED_FACE('',(#2087),#2083,.T.);
#2089=CARTESIAN_POINT('',(-1.2E0,3.65E0,2.7E0));
#2090=DIRECTION('',(0.E0,0.E0,1.E0));
#2091=DIRECTION('',(1.E0,0.E0,0.E0));
#2092=AXIS2_PLACEMENT_3D('',#2089,#2090,#2091);
#2093=PLANE('',#2092);
#2095=ORIENTED_EDGE('',*,*,#2094,.T.);
#2096=ORIENTED_EDGE('',*,*,#1245,.T.);
#2098=ORIENTED_EDGE('',*,*,#2097,.F.);
#2100=ORIENTED_EDGE('',*,*,#2099,.F.);
#2101=EDGE_LOOP('',(#2095,#2096,#2098,#2100));
#2102=FACE_OUTER_BOUND('',#2101,.F.);
#2103=ADVANCED_FACE('',(#2102),#2093,.T.);
#2104=CARTESIAN_POINT('',(5.5E-1,1.E1,2.7E0));
#2105=DIRECTION('',(7.071067811865E-1,0.E0,7.071067811865E-1));
#2106=DIRECTION('',(7.071067811865E-1,0.E0,-7.071067811865E-1));
#2107=AXIS2_PLACEMENT_3D('',#2104,#2105,#2106);
#2108=PLANE('',#2107);
#2109=ORIENTED_EDGE('',*,*,#1247,.F.);
#2110=ORIENTED_EDGE('',*,*,#2094,.F.);
#2112=ORIENTED_EDGE('',*,*,#2111,.F.);
#2114=ORIENTED_EDGE('',*,*,#2113,.T.);
#2115=EDGE_LOOP('',(#2109,#2110,#2112,#2114));
#2116=FACE_OUTER_BOUND('',#2115,.F.);
#2117=ADVANCED_FACE('',(#2116),#2108,.T.);
#2118=CARTESIAN_POINT('',(1.925E0,1.E1,4.13E0));
#2119=DIRECTION('',(0.E0,-1.E0,0.E0));
#2120=DIRECTION('',(0.E0,0.E0,-1.E0));
#2121=AXIS2_PLACEMENT_3D('',#2118,#2119,#2120);
#2122=PLANE('',#2121);
#2123=ORIENTED_EDGE('',*,*,#2111,.T.);
#2124=ORIENTED_EDGE('',*,*,#2099,.T.);
#2126=ORIENTED_EDGE('',*,*,#2125,.T.);
#2128=ORIENTED_EDGE('',*,*,#2127,.T.);
#2130=ORIENTED_EDGE('',*,*,#2129,.T.);
#2131=EDGE_LOOP('',(#2123,#2124,#2126,#2128,#2130));
#2132=FACE_OUTER_BOUND('',#2131,.F.);
#2134=ORIENTED_EDGE('',*,*,#2133,.F.);
#2136=ORIENTED_EDGE('',*,*,#2135,.T.);
#2138=ORIENTED_EDGE('',*,*,#2137,.F.);
#2140=ORIENTED_EDGE('',*,*,#2139,.T.);
#2142=ORIENTED_EDGE('',*,*,#2141,.F.);
#2144=ORIENTED_EDGE('',*,*,#2143,.F.);
#2145=EDGE_LOOP('',(#2134,#2136,#2138,#2140,#2142,#2144));
#2146=FACE_BOUND('',#2145,.F.);
#2147=ADVANCED_FACE('',(#2132,#2146),#2122,.F.);
#2148=CARTESIAN_POINT('',(-1.2E0,3.65E0,3.E-1));
#2149=DIRECTION('',(-1.E0,0.E0,0.E0));
#2150=DIRECTION('',(0.E0,0.E0,1.E0));
#2151=AXIS2_PLACEMENT_3D('',#2148,#2149,#2150);
#2152=PLANE('',#2151);
#2153=ORIENTED_EDGE('',*,*,#1253,.T.);
#2155=ORIENTED_EDGE('',*,*,#2154,.F.);
#2156=ORIENTED_EDGE('',*,*,#2125,.F.);
#2157=ORIENTED_EDGE('',*,*,#2097,.T.);
#2158=EDGE_LOOP('',(#2153,#2155,#2156,#2157));
#2159=FACE_OUTER_BOUND('',#2158,.F.);
#2160=ADVANCED_FACE('',(#2159),#2152,.T.);
#2161=CARTESIAN_POINT('',(1.2E0,3.65E0,3.E-1));
#2162=DIRECTION('',(0.E0,0.E0,-1.E0));
#2163=DIRECTION('',(-1.E0,0.E0,0.E0));
#2164=AXIS2_PLACEMENT_3D('',#2161,#2162,#2163);
#2165=PLANE('',#2164);
#2166=ORIENTED_EDGE('',*,*,#1251,.T.);
#2168=ORIENTED_EDGE('',*,*,#2167,.F.);
#2169=ORIENTED_EDGE('',*,*,#2127,.F.);
#2170=ORIENTED_EDGE('',*,*,#2154,.T.);
#2171=EDGE_LOOP('',(#2166,#2168,#2169,#2170));
#2172=FACE_OUTER_BOUND('',#2171,.F.);
#2173=ADVANCED_FACE('',(#2172),#2165,.T.);
#2174=CARTESIAN_POINT('',(1.2E0,3.65E0,2.7E0));
#2175=DIRECTION('',(1.E0,0.E0,0.E0));
#2176=DIRECTION('',(0.E0,0.E0,-1.E0));
#2177=AXIS2_PLACEMENT_3D('',#2174,#2175,#2176);
#2178=PLANE('',#2177);
#2179=ORIENTED_EDGE('',*,*,#2113,.F.);
#2180=ORIENTED_EDGE('',*,*,#2129,.F.);
#2181=ORIENTED_EDGE('',*,*,#2167,.T.);
#2182=ORIENTED_EDGE('',*,*,#1249,.T.);
#2183=EDGE_LOOP('',(#2179,#2180,#2181,#2182));
#2184=FACE_OUTER_BOUND('',#2183,.F.);
#2185=ADVANCED_FACE('',(#2184),#2178,.T.);
#2186=CARTESIAN_POINT('',(-7.35E-1,1.E1,7.6E-1));
#2187=DIRECTION('',(-1.E0,0.E0,0.E0));
#2188=DIRECTION('',(0.E0,0.E0,1.E0));
#2189=AXIS2_PLACEMENT_3D('',#2186,#2187,#2188);
#2190=PLANE('',#2189);
#2192=ORIENTED_EDGE('',*,*,#2191,.F.);
#2194=ORIENTED_EDGE('',*,*,#2193,.F.);
#2196=ORIENTED_EDGE('',*,*,#2195,.T.);
#2197=ORIENTED_EDGE('',*,*,#2133,.T.);
#2198=EDGE_LOOP('',(#2192,#2194,#2196,#2197));
#2199=FACE_OUTER_BOUND('',#2198,.F.);
#2200=ADVANCED_FACE('',(#2199),#2190,.F.);
#2201=CARTESIAN_POINT('',(7.35E-1,1.E1,7.6E-1));
#2202=DIRECTION('',(0.E0,0.E0,-1.E0));
#2203=DIRECTION('',(-1.E0,0.E0,0.E0));
#2204=AXIS2_PLACEMENT_3D('',#2201,#2202,#2203);
#2205=PLANE('',#2204);
#2206=ORIENTED_EDGE('',*,*,#2191,.T.);
#2207=ORIENTED_EDGE('',*,*,#2143,.T.);
#2209=ORIENTED_EDGE('',*,*,#2208,.F.);
#2211=ORIENTED_EDGE('',*,*,#2210,.F.);
#2212=EDGE_LOOP('',(#2206,#2207,#2209,#2211));
#2213=FACE_OUTER_BOUND('',#2212,.F.);
#2214=ADVANCED_FACE('',(#2213),#2205,.F.);
#2215=CARTESIAN_POINT('',(7.35E-1,1.E1,2.01E0));
#2216=DIRECTION('',(1.E0,0.E0,0.E0));
#2217=DIRECTION('',(0.E0,0.E0,-1.E0));
#2218=AXIS2_PLACEMENT_3D('',#2215,#2216,#2217);
#2219=PLANE('',#2218);
#2220=ORIENTED_EDGE('',*,*,#2208,.T.);
#2221=ORIENTED_EDGE('',*,*,#2141,.T.);
#2223=ORIENTED_EDGE('',*,*,#2222,.F.);
#2225=ORIENTED_EDGE('',*,*,#2224,.F.);
#2226=EDGE_LOOP('',(#2220,#2221,#2223,#2225));
#2227=FACE_OUTER_BOUND('',#2226,.F.);
#2228=ADVANCED_FACE('',(#2227),#2219,.F.);
#2229=CARTESIAN_POINT('',(4.85E-1,1.E1,2.26E0));
#2230=DIRECTION('',(7.071067811866E-1,0.E0,7.071067811865E-1));
#2231=DIRECTION('',(7.071067811865E-1,0.E0,-7.071067811866E-1));
#2232=AXIS2_PLACEMENT_3D('',#2229,#2230,#2231);
#2233=PLANE('',#2232);
#2235=ORIENTED_EDGE('',*,*,#2234,.F.);
#2237=ORIENTED_EDGE('',*,*,#2236,.F.);
#2238=ORIENTED_EDGE('',*,*,#2222,.T.);
#2239=ORIENTED_EDGE('',*,*,#2139,.F.);
#2240=EDGE_LOOP('',(#2235,#2237,#2238,#2239));
#2241=FACE_OUTER_BOUND('',#2240,.F.);
#2242=ADVANCED_FACE('',(#2241),#2233,.F.);
#2243=CARTESIAN_POINT('',(-4.85E-1,1.E1,2.26E0));
#2244=DIRECTION('',(0.E0,0.E0,1.E0));
#2245=DIRECTION('',(1.E0,0.E0,0.E0));
#2246=AXIS2_PLACEMENT_3D('',#2243,#2244,#2245);
#2247=PLANE('',#2246);
#2249=ORIENTED_EDGE('',*,*,#2248,.F.);
#2251=ORIENTED_EDGE('',*,*,#2250,.F.);
#2252=ORIENTED_EDGE('',*,*,#2234,.T.);
#2253=ORIENTED_EDGE('',*,*,#2137,.T.);
#2254=EDGE_LOOP('',(#2249,#2251,#2252,#2253));
#2255=FACE_OUTER_BOUND('',#2254,.F.);
#2256=ADVANCED_FACE('',(#2255),#2247,.F.);
#2257=CARTESIAN_POINT('',(-7.35E-1,1.E1,2.01E0));
#2258=DIRECTION('',(-7.071067811866E-1,0.E0,7.071067811865E-1));
#2259=DIRECTION('',(7.071067811865E-1,0.E0,7.071067811866E-1));
#2260=AXIS2_PLACEMENT_3D('',#2257,#2258,#2259);
#2261=PLANE('',#2260);
#2262=ORIENTED_EDGE('',*,*,#2248,.T.);
#2263=ORIENTED_EDGE('',*,*,#2135,.F.);
#2264=ORIENTED_EDGE('',*,*,#2195,.F.);
#2266=ORIENTED_EDGE('',*,*,#2265,.F.);
#2267=EDGE_LOOP('',(#2262,#2263,#2264,#2266));
#2268=FACE_OUTER_BOUND('',#2267,.F.);
#2269=ADVANCED_FACE('',(#2268),#2261,.F.);
#2270=CARTESIAN_POINT('',(1.925E0,9.E0,4.13E0));
#2271=DIRECTION('',(0.E0,1.E0,0.E0));
#2272=DIRECTION('',(1.E0,0.E0,0.E0));
#2273=AXIS2_PLACEMENT_3D('',#2270,#2271,#2272);
#2274=PLANE('',#2273);
#2275=ORIENTED_EDGE('',*,*,#2193,.T.);
#2276=ORIENTED_EDGE('',*,*,#2210,.T.);
#2277=ORIENTED_EDGE('',*,*,#2224,.T.);
#2278=ORIENTED_EDGE('',*,*,#2236,.T.);
#2279=ORIENTED_EDGE('',*,*,#2250,.T.);
#2280=ORIENTED_EDGE('',*,*,#2265,.T.);
#2281=EDGE_LOOP('',(#2275,#2276,#2277,#2278,#2279,#2280));
#2282=FACE_OUTER_BOUND('',#2281,.F.);
#2283=ADVANCED_FACE('',(#2282),#2274,.T.);
#2284=CARTESIAN_POINT('',(1.2E0,3.65E0,-3.E-1));
#2285=DIRECTION('',(1.E0,0.E0,0.E0));
#2286=DIRECTION('',(0.E0,0.E0,-1.E0));
#2287=AXIS2_PLACEMENT_3D('',#2284,#2285,#2286);
#2288=PLANE('',#2287);
#2289=ORIENTED_EDGE('',*,*,#1257,.T.);
#2291=ORIENTED_EDGE('',*,*,#2290,.F.);
#2293=ORIENTED_EDGE('',*,*,#2292,.F.);
#2295=ORIENTED_EDGE('',*,*,#2294,.T.);
#2296=EDGE_LOOP('',(#2289,#2291,#2293,#2295));
#2297=FACE_OUTER_BOUND('',#2296,.F.);
#2298=ADVANCED_FACE('',(#2297),#2288,.T.);
#2299=CARTESIAN_POINT('',(-1.2E0,3.65E0,-3.E-1));
#2300=DIRECTION('',(0.E0,0.E0,1.E0));
#2301=DIRECTION('',(1.E0,0.E0,0.E0));
#2302=AXIS2_PLACEMENT_3D('',#2299,#2300,#2301);
#2303=PLANE('',#2302);
#2304=ORIENTED_EDGE('',*,*,#1263,.T.);
#2306=ORIENTED_EDGE('',*,*,#2305,.F.);
#2308=ORIENTED_EDGE('',*,*,#2307,.F.);
#2309=ORIENTED_EDGE('',*,*,#2290,.T.);
#2310=EDGE_LOOP('',(#2304,#2306,#2308,#2309));
#2311=FACE_OUTER_BOUND('',#2310,.F.);
#2312=ADVANCED_FACE('',(#2311),#2303,.T.);
#2313=CARTESIAN_POINT('',(-1.2E0,3.65E0,-2.7E0));
#2314=DIRECTION('',(-1.E0,0.E0,0.E0));
#2315=DIRECTION('',(0.E0,0.E0,1.E0));
#2316=AXIS2_PLACEMENT_3D('',#2313,#2314,#2315);
#2317=PLANE('',#2316);
#2318=ORIENTED_EDGE('',*,*,#1261,.T.);
#2320=ORIENTED_EDGE('',*,*,#2319,.F.);
#2322=ORIENTED_EDGE('',*,*,#2321,.F.);
#2323=ORIENTED_EDGE('',*,*,#2305,.T.);
#2324=EDGE_LOOP('',(#2318,#2320,#2322,#2323));
#2325=FACE_OUTER_BOUND('',#2324,.F.);
#2326=ADVANCED_FACE('',(#2325),#2317,.T.);
#2327=CARTESIAN_POINT('',(1.2E0,3.65E0,-2.7E0));
#2328=DIRECTION('',(0.E0,0.E0,-1.E0));
#2329=DIRECTION('',(-1.E0,0.E0,0.E0));
#2330=AXIS2_PLACEMENT_3D('',#2327,#2328,#2329);
#2331=PLANE('',#2330);
#2332=ORIENTED_EDGE('',*,*,#1259,.T.);
#2333=ORIENTED_EDGE('',*,*,#2294,.F.);
#2335=ORIENTED_EDGE('',*,*,#2334,.F.);
#2336=ORIENTED_EDGE('',*,*,#2319,.T.);
#2337=EDGE_LOOP('',(#2332,#2333,#2335,#2336));
#2338=FACE_OUTER_BOUND('',#2337,.F.);
#2339=ADVANCED_FACE('',(#2338),#2331,.T.);
#2340=CARTESIAN_POINT('',(1.925E0,1.E1,4.13E0));
#2341=DIRECTION('',(0.E0,-1.E0,0.E0));
#2342=DIRECTION('',(0.E0,0.E0,-1.E0));
#2343=AXIS2_PLACEMENT_3D('',#2340,#2341,#2342);
#2344=PLANE('',#2343);
#2345=ORIENTED_EDGE('',*,*,#2292,.T.);
#2346=ORIENTED_EDGE('',*,*,#2307,.T.);
#2347=ORIENTED_EDGE('',*,*,#2321,.T.);
#2348=ORIENTED_EDGE('',*,*,#2334,.T.);
#2349=EDGE_LOOP('',(#2345,#2346,#2347,#2348));
#2350=FACE_OUTER_BOUND('',#2349,.F.);
#2352=ORIENTED_EDGE('',*,*,#2351,.F.);
#2354=ORIENTED_EDGE('',*,*,#2353,.T.);
#2356=ORIENTED_EDGE('',*,*,#2355,.F.);
#2358=ORIENTED_EDGE('',*,*,#2357,.T.);
#2360=ORIENTED_EDGE('',*,*,#2359,.F.);
#2362=ORIENTED_EDGE('',*,*,#2361,.F.);
#2363=EDGE_LOOP('',(#2352,#2354,#2356,#2358,#2360,#2362));
#2364=FACE_BOUND('',#2363,.F.);
#2365=ADVANCED_FACE('',(#2350,#2364),#2344,.F.);
#2366=CARTESIAN_POINT('',(-7.35E-1,1.E1,-2.24E0));
#2367=DIRECTION('',(-1.E0,0.E0,0.E0));
#2368=DIRECTION('',(0.E0,0.E0,1.E0));
#2369=AXIS2_PLACEMENT_3D('',#2366,#2367,#2368);
#2370=PLANE('',#2369);
#2372=ORIENTED_EDGE('',*,*,#2371,.F.);
#2374=ORIENTED_EDGE('',*,*,#2373,.F.);
#2376=ORIENTED_EDGE('',*,*,#2375,.T.);
#2377=ORIENTED_EDGE('',*,*,#2351,.T.);
#2378=EDGE_LOOP('',(#2372,#2374,#2376,#2377));
#2379=FACE_OUTER_BOUND('',#2378,.F.);
#2380=ADVANCED_FACE('',(#2379),#2370,.F.);
#2381=CARTESIAN_POINT('',(7.35E-1,1.E1,-2.24E0));
#2382=DIRECTION('',(0.E0,0.E0,-1.E0));
#2383=DIRECTION('',(-1.E0,0.E0,0.E0));
#2384=AXIS2_PLACEMENT_3D('',#2381,#2382,#2383);
#2385=PLANE('',#2384);
#2386=ORIENTED_EDGE('',*,*,#2371,.T.);
#2387=ORIENTED_EDGE('',*,*,#2361,.T.);
#2389=ORIENTED_EDGE('',*,*,#2388,.F.);
#2391=ORIENTED_EDGE('',*,*,#2390,.F.);
#2392=EDGE_LOOP('',(#2386,#2387,#2389,#2391));
#2393=FACE_OUTER_BOUND('',#2392,.F.);
#2394=ADVANCED_FACE('',(#2393),#2385,.F.);
#2395=CARTESIAN_POINT('',(7.35E-1,1.E1,-9.9E-1));
#2396=DIRECTION('',(1.E0,0.E0,0.E0));
#2397=DIRECTION('',(0.E0,0.E0,-1.E0));
#2398=AXIS2_PLACEMENT_3D('',#2395,#2396,#2397);
#2399=PLANE('',#2398);
#2400=ORIENTED_EDGE('',*,*,#2388,.T.);
#2401=ORIENTED_EDGE('',*,*,#2359,.T.);
#2403=ORIENTED_EDGE('',*,*,#2402,.F.);
#2405=ORIENTED_EDGE('',*,*,#2404,.F.);
#2406=EDGE_LOOP('',(#2400,#2401,#2403,#2405));
#2407=FACE_OUTER_BOUND('',#2406,.F.);
#2408=ADVANCED_FACE('',(#2407),#2399,.F.);
#2409=CARTESIAN_POINT('',(4.85E-1,1.E1,-7.4E-1));
#2410=DIRECTION('',(7.071067811866E-1,0.E0,7.071067811865E-1));
#2411=DIRECTION('',(7.071067811865E-1,0.E0,-7.071067811866E-1));
#2412=AXIS2_PLACEMENT_3D('',#2409,#2410,#2411);
#2413=PLANE('',#2412);
#2415=ORIENTED_EDGE('',*,*,#2414,.F.);
#2417=ORIENTED_EDGE('',*,*,#2416,.F.);
#2418=ORIENTED_EDGE('',*,*,#2402,.T.);
#2419=ORIENTED_EDGE('',*,*,#2357,.F.);
#2420=EDGE_LOOP('',(#2415,#2417,#2418,#2419));
#2421=FACE_OUTER_BOUND('',#2420,.F.);
#2422=ADVANCED_FACE('',(#2421),#2413,.F.);
#2423=CARTESIAN_POINT('',(-4.85E-1,1.E1,-7.4E-1));
#2424=DIRECTION('',(0.E0,0.E0,1.E0));
#2425=DIRECTION('',(1.E0,0.E0,0.E0));
#2426=AXIS2_PLACEMENT_3D('',#2423,#2424,#2425);
#2427=PLANE('',#2426);
#2429=ORIENTED_EDGE('',*,*,#2428,.F.);
#2431=ORIENTED_EDGE('',*,*,#2430,.F.);
#2432=ORIENTED_EDGE('',*,*,#2414,.T.);
#2433=ORIENTED_EDGE('',*,*,#2355,.T.);
#2434=EDGE_LOOP('',(#2429,#2431,#2432,#2433));
#2435=FACE_OUTER_BOUND('',#2434,.F.);
#2436=ADVANCED_FACE('',(#2435),#2427,.F.);
#2437=CARTESIAN_POINT('',(-7.35E-1,1.E1,-9.9E-1));
#2438=DIRECTION('',(-7.071067811866E-1,0.E0,7.071067811865E-1));
#2439=DIRECTION('',(7.071067811865E-1,0.E0,7.071067811866E-1));
#2440=AXIS2_PLACEMENT_3D('',#2437,#2438,#2439);
#2441=PLANE('',#2440);
#2442=ORIENTED_EDGE('',*,*,#2428,.T.);
#2443=ORIENTED_EDGE('',*,*,#2353,.F.);
#2444=ORIENTED_EDGE('',*,*,#2375,.F.);
#2446=ORIENTED_EDGE('',*,*,#2445,.F.);
#2447=EDGE_LOOP('',(#2442,#2443,#2444,#2446));
#2448=FACE_OUTER_BOUND('',#2447,.F.);
#2449=ADVANCED_FACE('',(#2448),#2441,.F.);
#2450=CARTESIAN_POINT('',(1.925E0,9.E0,4.13E0));
#2451=DIRECTION('',(0.E0,1.E0,0.E0));
#2452=DIRECTION('',(1.E0,0.E0,0.E0));
#2453=AXIS2_PLACEMENT_3D('',#2450,#2451,#2452);
#2454=PLANE('',#2453);
#2455=ORIENTED_EDGE('',*,*,#2373,.T.);
#2456=ORIENTED_EDGE('',*,*,#2390,.T.);
#2457=ORIENTED_EDGE('',*,*,#2404,.T.);
#2458=ORIENTED_EDGE('',*,*,#2416,.T.);
#2459=ORIENTED_EDGE('',*,*,#2430,.T.);
#2460=ORIENTED_EDGE('',*,*,#2445,.T.);
#2461=EDGE_LOOP('',(#2455,#2456,#2457,#2458,#2459,#2460));
#2462=FACE_OUTER_BOUND('',#2461,.F.);
#2463=ADVANCED_FACE('',(#2462),#2454,.T.);
#2464=CLOSED_SHELL('',(#1172,#1199,#1214,#1228,#1267,#1279,#1292,#1328,#1345,
#1369,#1392,#1416,#1429,#1442,#1463,#1477,#1490,#1517,#1531,#1559,#1572,#1585,
#1597,#1610,#1623,#1636,#1648,#1660,#1673,#1686,#1702,#1716,#1731,#1764,#1776,
#1791,#1805,#1819,#1832,#1850,#1865,#1878,#1894,#1909,#1922,#1932,#1947,#1961,
#1975,#1988,#2006,#2021,#2034,#2050,#2065,#2078,#2088,#2103,#2117,#2147,#2160,
#2173,#2185,#2200,#2214,#2228,#2242,#2256,#2269,#2283,#2298,#2312,#2326,#2339,
#2365,#2380,#2394,#2408,#2422,#2436,#2449,#2463));
#2465=MANIFOLD_SOLID_BREP('',#2464);
#2466=CARTESIAN_POINT('',(0.E0,0.E0,0.E0));
#2467=DIRECTION('',(0.E0,0.E0,1.E0));
#2468=DIRECTION('',(1.E0,0.E0,0.E0));
#2469=AXIS2_PLACEMENT_3D('430250200',#2466,#2467,#2468);
#2470=DIRECTION('',(0.E0,-1.E0,0.E0));
#2471=VECTOR('',#2470,1.51E2);
#2472=CARTESIAN_POINT('',(-5.E-3,-3.E0,1.62E0));
#2473=LINE('',#2472,#2471);
#2476=DIRECTION('',(0.E0,-1.E0,0.E0));
#2477=VECTOR('',#2476,1.51E2);
#2478=CARTESIAN_POINT('',(-5.E-3,-3.E0,-1.38E0));
#2479=LINE('',#2478,#2477);
#2481=DIRECTION('',(0.E0,-1.E0,0.E0));
#2482=VECTOR('',#2481,5.E0);
#2483=CARTESIAN_POINT('',(-5.E-3,-1.54E2,1.62E0));
#2484=LINE('',#2483,#2482);
#2486=DIRECTION('',(0.E0,-1.E0,0.E0));
#2487=VECTOR('',#2486,5.E0);
#2488=CARTESIAN_POINT('',(-5.E-3,-1.54E2,-1.38E0));
#2489=LINE('',#2488,#2487);
#2492=DIMENSIONAL_EXPONENTS(0.E0,0.E0,0.E0,0.E0,0.E0,0.E0,0.E0);
#2494=PLANE_ANGLE_MEASURE_WITH_UNIT(PLANE_ANGLE_MEASURE(1.745329251994E-2),
#2493);
#2495=(CONVERSION_BASED_UNIT('DEGREE',#2494)NAMED_UNIT(*)PLANE_ANGLE_UNIT());
#2497=UNCERTAINTY_MEASURE_WITH_UNIT(LENGTH_MEASURE(1.694221675359E-2),#2491,
'closure',
'Maximum model space distance between geometric entities at asserted connectivities');
#2498=(GEOMETRIC_REPRESENTATION_CONTEXT(3)GLOBAL_UNCERTAINTY_ASSIGNED_CONTEXT((
#2497))GLOBAL_UNIT_ASSIGNED_CONTEXT((#2491,#2495,#2496))REPRESENTATION_CONTEXT(
'ID1','3'));
#2475=GEOMETRIC_SET('',(#2474,#2480,#2485,#2490));
#2502=SHAPE_REPRESENTATION_RELATIONSHIP('','',#2501,#2499);
#2503=SHAPE_REPRESENTATION_RELATIONSHIP('','',#2501,#2500);
#2504=APPLICATION_CONTEXT(
'CONFIGURATION CONTROLLED 3D DESIGNS OF MECHANICAL PARTS AND ASSEMBLIES');
#2505=APPLICATION_PROTOCOL_DEFINITION('international standard',
'config_control_design',1994,#2504);
#2506=DESIGN_CONTEXT('',#2504,'design');
#2507=MECHANICAL_CONTEXT('',#2504,'mechanical');
#2508=PRODUCT('2147561021','2147561021','NOT SPECIFIED',(#2507));
#2509=PRODUCT_DEFINITION_FORMATION_WITH_SPECIFIED_SOURCE('3','LAST_VERSION',
#2508,.MADE.);
#2513=PRODUCT_CATEGORY('part','');
#2514=PRODUCT_RELATED_PRODUCT_CATEGORY('detail','',(#2508));
#2515=PRODUCT_CATEGORY_RELATIONSHIP('','',#2513,#2514);
#2516=SECURITY_CLASSIFICATION_LEVEL('unclassified');
#2517=SECURITY_CLASSIFICATION('','',#2516);
#2518=CC_DESIGN_SECURITY_CLASSIFICATION(#2517,(#2509));
#2519=APPROVAL_STATUS('approved');
#2520=APPROVAL(#2519,'');
#2521=CC_DESIGN_APPROVAL(#2520,(#2517,#2509,#2510));
#2522=CALENDAR_DATE(120,22,5);
#2523=COORDINATED_UNIVERSAL_TIME_OFFSET(5,30,.AHEAD.);
#2524=LOCAL_TIME(13,58,3.4E1,#2523);
#2525=DATE_AND_TIME(#2522,#2524);
#2526=APPROVAL_DATE_TIME(#2525,#2520);
#2527=DATE_TIME_ROLE('creation_date');
#2528=CC_DESIGN_DATE_AND_TIME_ASSIGNMENT(#2525,#2527,(#2510));
#2529=DATE_TIME_ROLE('classification_date');
#2530=CC_DESIGN_DATE_AND_TIME_ASSIGNMENT(#2525,#2529,(#2517));
#2531=PERSON('UNSPECIFIED','UNSPECIFIED',$,$,$,$);
#2532=ORGANIZATION('UNSPECIFIED','UNSPECIFIED','UNSPECIFIED');
#2533=PERSON_AND_ORGANIZATION(#2531,#2532);
#2534=APPROVAL_ROLE('approver');
#2535=APPROVAL_PERSON_ORGANIZATION(#2533,#2520,#2534);
#2536=PERSON_AND_ORGANIZATION_ROLE('creator');
#2537=CC_DESIGN_PERSON_AND_ORGANIZATION_ASSIGNMENT(#2533,#2536,(#2509,#2510));
#2538=PERSON_AND_ORGANIZATION_ROLE('design_supplier');
#2539=CC_DESIGN_PERSON_AND_ORGANIZATION_ASSIGNMENT(#2533,#2538,(#2509));
#2540=PERSON_AND_ORGANIZATION_ROLE('classification_officer');
#2541=CC_DESIGN_PERSON_AND_ORGANIZATION_ASSIGNMENT(#2533,#2540,(#2517));
#2542=PERSON_AND_ORGANIZATION_ROLE('design_owner');
#2543=CC_DESIGN_PERSON_AND_ORGANIZATION_ASSIGNMENT(#2533,#2542,(#2508));
#21=CIRCLE('',#20,3.E-1);
#54=CIRCLE('',#53,3.E-1);
#119=CIRCLE('',#118,2.8E-1);
#124=CIRCLE('',#123,1.5E-1);
#157=CIRCLE('',#156,1.5E-1);
#170=CIRCLE('',#169,2.8E-1);
#251=CIRCLE('',#250,1.5E-1);
#264=CIRCLE('',#263,2.8E-1);
#273=CIRCLE('',#272,1.5E-1);
#286=CIRCLE('',#285,2.8E-1);
#371=CIRCLE('',#370,3.E-1);
#408=CIRCLE('',#407,3.E-1);
#469=CIRCLE('',#468,8.5E-1);
#474=CIRCLE('',#473,8.5E-1);
#487=CIRCLE('',#486,8.5E-1);
#492=CIRCLE('',#491,8.5E-1);
#497=CIRCLE('',#496,6.E-1);
#502=CIRCLE('',#501,6.E-1);
#515=CIRCLE('',#514,6.E-1);
#520=CIRCLE('',#519,6.E-1);
#573=CIRCLE('',#572,8.5E-1);
#578=CIRCLE('',#577,8.5E-1);
#591=CIRCLE('',#590,8.5E-1);
#596=CIRCLE('',#595,8.5E-1);
#601=CIRCLE('',#600,6.E-1);
#606=CIRCLE('',#605,6.E-1);
#619=CIRCLE('',#618,6.E-1);
#624=CIRCLE('',#623,6.E-1);
#1158=EDGE_CURVE('',#875,#876,#25,.T.);
#1160=EDGE_CURVE('',#875,#878,#4,.T.);
#1162=EDGE_CURVE('',#878,#880,#8,.T.);
#1164=EDGE_CURVE('',#880,#882,#12,.T.);
#1166=EDGE_CURVE('',#884,#882,#346,.T.);
#1168=EDGE_CURVE('',#884,#876,#16,.T.);
#1178=EDGE_CURVE('',#887,#888,#21,.T.);
#1180=EDGE_CURVE('',#875,#888,#66,.T.);
#1183=EDGE_CURVE('',#890,#876,#98,.T.);
#1185=EDGE_CURVE('',#892,#890,#412,.T.);
#1187=EDGE_CURVE('',#894,#892,#387,.T.);
#1189=EDGE_CURVE('',#896,#894,#366,.T.);
#1191=EDGE_CURVE('',#896,#898,#29,.T.);
#1193=EDGE_CURVE('',#898,#900,#33,.T.);
#1195=EDGE_CURVE('',#887,#900,#45,.T.);
#1206=EDGE_CURVE('',#887,#902,#37,.T.);
#1208=EDGE_CURVE('',#904,#902,#54,.T.);
#1210=EDGE_CURVE('',#904,#888,#41,.T.);
#1220=EDGE_CURVE('',#902,#906,#58,.T.);
#1224=EDGE_CURVE('',#906,#900,#78,.T.);
#1234=EDGE_CURVE('',#878,#904,#49,.T.);
#1238=EDGE_CURVE('',#908,#906,#74,.T.);
#1240=EDGE_CURVE('',#880,#908,#90,.T.);
#1245=EDGE_CURVE('',#911,#912,#632,.T.);
#1247=EDGE_CURVE('',#911,#914,#62,.T.);
#1249=EDGE_CURVE('',#916,#914,#688,.T.);
#1251=EDGE_CURVE('',#918,#916,#676,.T.);
#1253=EDGE_CURVE('',#912,#918,#668,.T.);
#1257=EDGE_CURVE('',#921,#922,#756,.T.);
#1259=EDGE_CURVE('',#924,#921,#780,.T.);
#1261=EDGE_CURVE('',#926,#924,#772,.T.);
#1263=EDGE_CURVE('',#922,#926,#764,.T.);
#1286=EDGE_CURVE('',#898,#908,#70,.T.);
#1298=EDGE_CURVE('',#884,#994,#82,.T.);
#1300=EDGE_CURVE('',#994,#996,#86,.T.);
#1302=EDGE_CURVE('',#882,#996,#362,.T.);
#1308=EDGE_CURVE('',#998,#896,#383,.T.);
#1310=EDGE_CURVE('',#998,#1000,#94,.T.);
#1312=EDGE_CURVE('',#890,#1000,#395,.T.);
#1318=EDGE_CURVE('',#1003,#1004,#338,.T.);
#1320=EDGE_CURVE('',#1006,#1003,#165,.T.);
#1322=EDGE_CURVE('',#1006,#1008,#102,.T.);
#1324=EDGE_CURVE('',#1008,#1004,#106,.T.);
#1334=EDGE_CURVE('',#1054,#994,#110,.T.);
#1337=EDGE_CURVE('',#1056,#884,#350,.T.);
#1339=EDGE_CURVE('',#1058,#1056,#255,.T.);
#1341=EDGE_CURVE('',#1054,#1058,#210,.T.);
#1351=EDGE_CURVE('',#1036,#1014,#114,.T.);
#1353=EDGE_CURVE('',#1014,#996,#119,.T.);
#1357=EDGE_CURVE('',#1054,#1060,#124,.T.);
#1359=EDGE_CURVE('',#1064,#1060,#202,.T.);
#1361=EDGE_CURVE('',#1068,#1064,#190,.T.);
#1363=EDGE_CURVE('',#1072,#1068,#186,.T.);
#1365=EDGE_CURVE('',#1036,#1072,#174,.T.);
#1375=EDGE_CURVE('',#1020,#1010,#128,.T.);
#1377=EDGE_CURVE('',#1012,#1010,#342,.T.);
#1379=EDGE_CURVE('',#1012,#1032,#132,.T.);
#1381=EDGE_CURVE('',#1034,#1032,#268,.T.);
#1383=EDGE_CURVE('',#1016,#1034,#218,.T.);
#1385=EDGE_CURVE('',#1014,#1016,#354,.T.);
#1388=EDGE_CURVE('',#1036,#1020,#136,.T.);
#1399=EDGE_CURVE('',#1020,#1022,#140,.T.);
#1401=EDGE_CURVE('',#1022,#1024,#144,.T.);
#1403=EDGE_CURVE('',#1024,#1026,#148,.T.);
#1405=EDGE_CURVE('',#1026,#1028,#152,.T.);
#1407=EDGE_CURVE('',#1028,#1030,#157,.T.);
#1409=EDGE_CURVE('',#1030,#1006,#161,.T.);
#1412=EDGE_CURVE('',#1003,#1010,#170,.T.);
#1424=EDGE_CURVE('',#1072,#1022,#178,.T.);
#1435=EDGE_CURVE('',#1068,#1024,#182,.T.);
#1451=EDGE_CURVE('',#1066,#1064,#206,.T.);
#1453=EDGE_CURVE('',#1070,#1066,#242,.T.);
#1455=EDGE_CURVE('',#1070,#1044,#194,.T.);
#1457=EDGE_CURVE('',#1044,#1042,#198,.T.);
#1459=EDGE_CURVE('',#1026,#1042,#302,.T.);
#1470=EDGE_CURVE('',#1062,#1060,#214,.T.);
#1472=EDGE_CURVE('',#1066,#1062,#246,.T.);
#1485=EDGE_CURVE('',#1062,#1058,#251,.T.);
#1497=EDGE_CURVE('',#1034,#1074,#222,.T.);
#1499=EDGE_CURVE('',#1074,#1076,#226,.T.);
#1501=EDGE_CURVE('',#1076,#1078,#230,.T.);
#1503=EDGE_CURVE('',#1078,#1080,#234,.T.);
#1505=EDGE_CURVE('',#1080,#1070,#238,.T.);
#1511=EDGE_CURVE('',#1056,#1018,#259,.T.);
#1513=EDGE_CURVE('',#1018,#1016,#264,.T.);
#1523=EDGE_CURVE('',#1052,#1032,#281,.T.);
#1525=EDGE_CURVE('',#1074,#1052,#334,.T.);
#1538=EDGE_CURVE('',#1038,#1008,#290,.T.);
#1540=EDGE_CURVE('',#1038,#1040,#273,.T.);
#1542=EDGE_CURVE('',#1042,#1040,#306,.T.);
#1545=EDGE_CURVE('',#1046,#1044,#310,.T.);
#1547=EDGE_CURVE('',#1046,#1048,#277,.T.);
#1549=EDGE_CURVE('',#1050,#1048,#322,.T.);
#1551=EDGE_CURVE('',#1052,#1050,#330,.T.);
#1555=EDGE_CURVE('',#1012,#1004,#286,.T.);
#1566=EDGE_CURVE('',#1038,#1030,#298,.T.);
#1579=EDGE_CURVE('',#1028,#1040,#294,.T.);
#1606=EDGE_CURVE('',#1080,#1046,#314,.T.);
#1619=EDGE_CURVE('',#1078,#1048,#318,.T.);
#1632=EDGE_CURVE('',#1076,#1050,#326,.T.);
#1667=EDGE_CURVE('',#1018,#882,#358,.T.);
#1693=EDGE_CURVE('',#894,#1082,#371,.T.);
#1695=EDGE_CURVE('',#1082,#1084,#375,.T.);
#1697=EDGE_CURVE('',#1084,#998,#379,.T.);
#1709=EDGE_CURVE('',#1086,#892,#408,.T.);
#1711=EDGE_CURVE('',#1086,#1082,#391,.T.);
#1723=EDGE_CURVE('',#1000,#1088,#399,.T.);
#1725=EDGE_CURVE('',#1088,#1086,#403,.T.);
#1737=EDGE_CURVE('',#1088,#1084,#416,.T.);
#1744=EDGE_CURVE('',#1091,#1092,#420,.T.);
#1746=EDGE_CURVE('',#1094,#1091,#444,.T.);
#1748=EDGE_CURVE('',#1096,#1094,#436,.T.);
#1750=EDGE_CURVE('',#1092,#1096,#428,.T.);
#1754=EDGE_CURVE('',#1099,#1100,#524,.T.);
#1756=EDGE_CURVE('',#1102,#1099,#548,.T.);
#1758=EDGE_CURVE('',#1104,#1102,#540,.T.);
#1760=EDGE_CURVE('',#1100,#1104,#532,.T.);
#1783=EDGE_CURVE('',#1106,#1092,#432,.T.);
#1785=EDGE_CURVE('',#1108,#1106,#452,.T.);
#1787=EDGE_CURVE('',#1108,#1091,#424,.T.);
#1798=EDGE_CURVE('',#1110,#1096,#440,.T.);
#1800=EDGE_CURVE('',#1106,#1110,#456,.T.);
#1812=EDGE_CURVE('',#1112,#1094,#448,.T.);
#1814=EDGE_CURVE('',#1110,#1112,#460,.T.);
#1827=EDGE_CURVE('',#1112,#1108,#464,.T.);
#1844=EDGE_CURVE('',#1135,#1136,#469,.T.);
#1846=EDGE_CURVE('',#1136,#1135,#474,.T.);
#1857=EDGE_CURVE('',#1135,#1131,#478,.T.);
#1859=EDGE_CURVE('',#1131,#1132,#487,.T.);
#1861=EDGE_CURVE('',#1136,#1132,#482,.T.);
#1873=EDGE_CURVE('',#1132,#1131,#492,.T.);
#1888=EDGE_CURVE('',#1151,#1152,#497,.T.);
#1890=EDGE_CURVE('',#1152,#1151,#502,.T.);
#1901=EDGE_CURVE('',#1151,#1147,#506,.T.);
#1903=EDGE_CURVE('',#1147,#1148,#515,.T.);
#1905=EDGE_CURVE('',#1152,#1148,#510,.T.);
#1917=EDGE_CURVE('',#1148,#1147,#520,.T.);
#1939=EDGE_CURVE('',#1116,#1100,#536,.T.);
#1941=EDGE_CURVE('',#1115,#1116,#556,.T.);
#1943=EDGE_CURVE('',#1115,#1099,#528,.T.);
#1954=EDGE_CURVE('',#1118,#1104,#544,.T.);
#1956=EDGE_CURVE('',#1116,#1118,#560,.T.);
#1968=EDGE_CURVE('',#1120,#1102,#552,.T.);
#1970=EDGE_CURVE('',#1118,#1120,#564,.T.);
#1983=EDGE_CURVE('',#1120,#1115,#568,.T.);
#2000=EDGE_CURVE('',#1127,#1128,#573,.T.);
#2002=EDGE_CURVE('',#1128,#1127,#578,.T.);
#2013=EDGE_CURVE('',#1127,#1123,#582,.T.);
#2015=EDGE_CURVE('',#1123,#1124,#591,.T.);
#2017=EDGE_CURVE('',#1128,#1124,#586,.T.);
#2029=EDGE_CURVE('',#1124,#1123,#596,.T.);
#2044=EDGE_CURVE('',#1143,#1144,#601,.T.);
#2046=EDGE_CURVE('',#1144,#1143,#606,.T.);
#2057=EDGE_CURVE('',#1143,#1139,#610,.T.);
#2059=EDGE_CURVE('',#1139,#1140,#619,.T.);
#2061=EDGE_CURVE('',#1144,#1140,#614,.T.);
#2073=EDGE_CURVE('',#1140,#1139,#624,.T.);
#2094=EDGE_CURVE('',#950,#911,#628,.T.);
#2097=EDGE_CURVE('',#952,#912,#672,.T.);
#2099=EDGE_CURVE('',#950,#952,#644,.T.);
#2111=EDGE_CURVE('',#949,#950,#640,.T.);
#2113=EDGE_CURVE('',#949,#914,#636,.T.);
#2125=EDGE_CURVE('',#952,#954,#648,.T.);
#2127=EDGE_CURVE('',#954,#956,#652,.T.);
#2129=EDGE_CURVE('',#956,#949,#656,.T.);
#2133=EDGE_CURVE('',#959,#960,#696,.T.);
#2135=EDGE_CURVE('',#959,#962,#660,.T.);
#2137=EDGE_CURVE('',#964,#962,#724,.T.);
#2139=EDGE_CURVE('',#964,#966,#664,.T.);
#2141=EDGE_CURVE('',#968,#966,#712,.T.);
#2143=EDGE_CURVE('',#960,#968,#704,.T.);
#2154=EDGE_CURVE('',#954,#918,#680,.T.);
#2167=EDGE_CURVE('',#956,#916,#684,.T.);
#2191=EDGE_CURVE('',#970,#960,#700,.T.);
#2193=EDGE_CURVE('',#972,#970,#732,.T.);
#2195=EDGE_CURVE('',#972,#959,#692,.T.);
#2208=EDGE_CURVE('',#974,#968,#708,.T.);
#2210=EDGE_CURVE('',#970,#974,#736,.T.);
#2222=EDGE_CURVE('',#976,#966,#716,.T.);
#2224=EDGE_CURVE('',#974,#976,#740,.T.);
#2234=EDGE_CURVE('',#978,#964,#720,.T.);
#2236=EDGE_CURVE('',#976,#978,#744,.T.);
#2248=EDGE_CURVE('',#980,#962,#728,.T.);
#2250=EDGE_CURVE('',#978,#980,#748,.T.);
#2265=EDGE_CURVE('',#980,#972,#752,.T.);
#2290=EDGE_CURVE('',#928,#922,#768,.T.);
#2292=EDGE_CURVE('',#930,#928,#788,.T.);
#2294=EDGE_CURVE('',#930,#921,#760,.T.);
#2305=EDGE_CURVE('',#932,#926,#776,.T.);
#2307=EDGE_CURVE('',#928,#932,#792,.T.);
#2319=EDGE_CURVE('',#934,#924,#784,.T.);
#2321=EDGE_CURVE('',#932,#934,#796,.T.);
#2334=EDGE_CURVE('',#934,#930,#800,.T.);
#2351=EDGE_CURVE('',#937,#938,#816,.T.);
#2353=EDGE_CURVE('',#937,#940,#804,.T.);
#2355=EDGE_CURVE('',#942,#940,#844,.T.);
#2357=EDGE_CURVE('',#942,#944,#808,.T.);
#2359=EDGE_CURVE('',#946,#944,#832,.T.);
#2361=EDGE_CURVE('',#938,#946,#824,.T.);
#2371=EDGE_CURVE('',#984,#938,#820,.T.);
#2373=EDGE_CURVE('',#983,#984,#852,.T.);
#2375=EDGE_CURVE('',#983,#937,#812,.T.);
#2388=EDGE_CURVE('',#986,#946,#828,.T.);
#2390=EDGE_CURVE('',#984,#986,#856,.T.);
#2402=EDGE_CURVE('',#988,#944,#836,.T.);
#2404=EDGE_CURVE('',#986,#988,#860,.T.);
#2414=EDGE_CURVE('',#990,#942,#840,.T.);
#2416=EDGE_CURVE('',#988,#990,#864,.T.);
#2428=EDGE_CURVE('',#992,#940,#848,.T.);
#2430=EDGE_CURVE('',#990,#992,#868,.T.);
#2445=EDGE_CURVE('',#992,#983,#872,.T.);
#2474=TRIMMED_CURVE('A_1',#2473,(PARAMETER_VALUE(0.E0)),(PARAMETER_VALUE(1.E0)),
.T.,.UNSPECIFIED.);
#2480=TRIMMED_CURVE('A_2',#2479,(PARAMETER_VALUE(0.E0)),(PARAMETER_VALUE(1.E0)),
.T.,.UNSPECIFIED.);
#2485=TRIMMED_CURVE('A_3',#2484,(PARAMETER_VALUE(0.E0)),(PARAMETER_VALUE(1.E0)),
.T.,.UNSPECIFIED.);
#2490=TRIMMED_CURVE('A_4',#2489,(PARAMETER_VALUE(0.E0)),(PARAMETER_VALUE(1.E0)),
.T.,.UNSPECIFIED.);
#2491=(LENGTH_UNIT()NAMED_UNIT(*)SI_UNIT(.MILLI.,.METRE.));
#2493=(NAMED_UNIT(*)PLANE_ANGLE_UNIT()SI_UNIT($,.RADIAN.));
#2496=(NAMED_UNIT(*)SI_UNIT($,.STERADIAN.)SOLID_ANGLE_UNIT());
#2499=ADVANCED_BREP_SHAPE_REPRESENTATION('',(#2465),#2498);
#2500=GEOMETRICALLY_BOUNDED_SURFACE_SHAPE_REPRESENTATION('',(#2475),#2498);
#2501=SHAPE_REPRESENTATION('',(#2469),#2498);
#2510=PRODUCT_DEFINITION('design','',#2509,#2506);
#2511=PRODUCT_DEFINITION_SHAPE('','SHAPE FOR 2147561021.',#2510);
#2512=SHAPE_DEFINITION_REPRESENTATION(#2511,#2501);
ENDSEC;
END-ISO-10303-21;
