ISO-10303-21;
HEADER;
/* Generated by software containing ST-Developer
 * from STEP Tools, Inc. (www.steptools.com) 
 */

FILE_DESCRIPTION(
/* description */ (''),
/* implementation_level */ '2;1');

FILE_NAME(
/* name */ '430450200.stp',
/* time_stamp */ '2024-12-04T09:22:53+01:00',
/* author */ ('llevesque'),
/* organization */ (''),
/* preprocessor_version */ 'ST-DEVELOPER v20',
/* originating_system */ 'Autodesk Inventor 2025',
/* authorisation */ '');

FILE_SCHEMA (('AUTOMOTIVE_DESIGN { 1 0 10303 214 3 1 1 }'));
ENDSEC;

DATA;
#10=MECHANICAL_DESIGN_GEOMETRIC_PRESENTATION_REPRESENTATION('',(#13),#5802);
#11=SHAPE_REPRESENTATION_RELATIONSHIP('SRR','None',#5809,#12);
#12=ADVANCED_BREP_SHAPE_REPRESENTATION('',(#14),#5801);
#13=STYLED_ITEM('',(#5818),#14);
#14=MANIFOLD_SOLID_BREP('Solid1',#3626);
#15=TOROIDAL_SURFACE('',#3741,0.5321241419778,0.25);
#16=TOROIDAL_SURFACE('',#3757,0.5321241419778,0.25);
#17=CONICAL_SURFACE('',#3737,1.024315246462,0.523598775598299);
#18=CONICAL_SURFACE('',#3755,1.024315246462,0.523598775598299);
#19=CYLINDRICAL_SURFACE('',#3727,1.);
#20=CYLINDRICAL_SURFACE('',#3740,1.3);
#21=CYLINDRICAL_SURFACE('',#3747,1.);
#22=CYLINDRICAL_SURFACE('',#3753,1.3);
#23=CYLINDRICAL_SURFACE('',#3782,0.75);
#24=(
BOUNDED_CURVE()
B_SPLINE_CURVE(2,(#5376,#5377,#5378),.UNSPECIFIED.,.F.,.F.)
B_SPLINE_CURVE_WITH_KNOTS((3,3),(0.10184287531567,0.261140969573655),
 .UNSPECIFIED.)
CURVE()
GEOMETRIC_REPRESENTATION_ITEM()
RATIONAL_B_SPLINE_CURVE((1.33887950582867,1.53971143170302,1.53971143170302))
REPRESENTATION_ITEM('')
);
#25=(
BOUNDED_CURVE()
B_SPLINE_CURVE(2,(#5390,#5391,#5392),.UNSPECIFIED.,.F.,.F.)
B_SPLINE_CURVE_WITH_KNOTS((3,3),(-0.420439063832196,-0.261140969573655),
 .UNSPECIFIED.)
CURVE()
GEOMETRIC_REPRESENTATION_ITEM()
RATIONAL_B_SPLINE_CURVE((1.33887950582727,1.53971143170302,1.53971143170302))
REPRESENTATION_ITEM('')
);
#26=(
BOUNDED_CURVE()
B_SPLINE_CURVE(2,(#5418,#5419,#5420),.UNSPECIFIED.,.F.,.F.)
B_SPLINE_CURVE_WITH_KNOTS((3,3),(0.261140969573656,0.420439063832196),
 .UNSPECIFIED.)
CURVE()
GEOMETRIC_REPRESENTATION_ITEM()
RATIONAL_B_SPLINE_CURVE((1.53971143170302,1.53971143170302,1.33887950582726))
REPRESENTATION_ITEM('')
);
#27=(
BOUNDED_CURVE()
B_SPLINE_CURVE(2,(#5426,#5427,#5428),.UNSPECIFIED.,.F.,.F.)
B_SPLINE_CURVE_WITH_KNOTS((3,3),(-0.261140969573656,-0.10184287531567),
 .UNSPECIFIED.)
CURVE()
GEOMETRIC_REPRESENTATION_ITEM()
RATIONAL_B_SPLINE_CURVE((1.53971143170302,1.53971143170302,1.33887950582867))
REPRESENTATION_ITEM('')
);
#28=CIRCLE('',#3720,0.25);
#29=CIRCLE('',#3721,0.25);
#30=CIRCLE('',#3725,1.3);
#31=CIRCLE('',#3726,1.);
#32=CIRCLE('',#3728,1.);
#33=CIRCLE('',#3729,1.);
#34=CIRCLE('',#3738,0.7486304929239);
#35=CIRCLE('',#3739,1.3);
#36=CIRCLE('',#3742,0.5321241419778);
#37=CIRCLE('',#3745,0.25);
#38=CIRCLE('',#3746,0.25);
#39=CIRCLE('',#3748,1.);
#40=CIRCLE('',#3749,1.);
#41=CIRCLE('',#3750,1.);
#42=CIRCLE('',#3752,1.3);
#43=CIRCLE('',#3754,1.3);
#44=CIRCLE('',#3756,0.7486304929239);
#45=CIRCLE('',#3758,0.5321241419778);
#46=CIRCLE('',#3781,0.75);
#47=CIRCLE('',#3783,0.75);
#48=FACE_BOUND('',#317,.T.);
#49=FACE_BOUND('',#318,.T.);
#50=FACE_BOUND('',#361,.T.);
#51=FACE_BOUND('',#362,.T.);
#52=FACE_BOUND('',#364,.T.);
#53=FACE_BOUND('',#393,.T.);
#54=FACE_BOUND('',#395,.T.);
#55=FACE_OUTER_BOUND('',#247,.T.);
#56=FACE_OUTER_BOUND('',#248,.T.);
#57=FACE_OUTER_BOUND('',#249,.T.);
#58=FACE_OUTER_BOUND('',#250,.T.);
#59=FACE_OUTER_BOUND('',#251,.T.);
#60=FACE_OUTER_BOUND('',#252,.T.);
#61=FACE_OUTER_BOUND('',#253,.T.);
#62=FACE_OUTER_BOUND('',#254,.T.);
#63=FACE_OUTER_BOUND('',#255,.T.);
#64=FACE_OUTER_BOUND('',#256,.T.);
#65=FACE_OUTER_BOUND('',#257,.T.);
#66=FACE_OUTER_BOUND('',#258,.T.);
#67=FACE_OUTER_BOUND('',#259,.T.);
#68=FACE_OUTER_BOUND('',#260,.T.);
#69=FACE_OUTER_BOUND('',#261,.T.);
#70=FACE_OUTER_BOUND('',#262,.T.);
#71=FACE_OUTER_BOUND('',#263,.T.);
#72=FACE_OUTER_BOUND('',#264,.T.);
#73=FACE_OUTER_BOUND('',#265,.T.);
#74=FACE_OUTER_BOUND('',#266,.T.);
#75=FACE_OUTER_BOUND('',#267,.T.);
#76=FACE_OUTER_BOUND('',#268,.T.);
#77=FACE_OUTER_BOUND('',#269,.T.);
#78=FACE_OUTER_BOUND('',#270,.T.);
#79=FACE_OUTER_BOUND('',#271,.T.);
#80=FACE_OUTER_BOUND('',#272,.T.);
#81=FACE_OUTER_BOUND('',#273,.T.);
#82=FACE_OUTER_BOUND('',#274,.T.);
#83=FACE_OUTER_BOUND('',#275,.T.);
#84=FACE_OUTER_BOUND('',#276,.T.);
#85=FACE_OUTER_BOUND('',#277,.T.);
#86=FACE_OUTER_BOUND('',#278,.T.);
#87=FACE_OUTER_BOUND('',#279,.T.);
#88=FACE_OUTER_BOUND('',#280,.T.);
#89=FACE_OUTER_BOUND('',#281,.T.);
#90=FACE_OUTER_BOUND('',#282,.T.);
#91=FACE_OUTER_BOUND('',#283,.T.);
#92=FACE_OUTER_BOUND('',#284,.T.);
#93=FACE_OUTER_BOUND('',#285,.T.);
#94=FACE_OUTER_BOUND('',#286,.T.);
#95=FACE_OUTER_BOUND('',#287,.T.);
#96=FACE_OUTER_BOUND('',#288,.T.);
#97=FACE_OUTER_BOUND('',#289,.T.);
#98=FACE_OUTER_BOUND('',#290,.T.);
#99=FACE_OUTER_BOUND('',#291,.T.);
#100=FACE_OUTER_BOUND('',#292,.T.);
#101=FACE_OUTER_BOUND('',#293,.T.);
#102=FACE_OUTER_BOUND('',#294,.T.);
#103=FACE_OUTER_BOUND('',#295,.T.);
#104=FACE_OUTER_BOUND('',#296,.T.);
#105=FACE_OUTER_BOUND('',#297,.T.);
#106=FACE_OUTER_BOUND('',#298,.T.);
#107=FACE_OUTER_BOUND('',#299,.T.);
#108=FACE_OUTER_BOUND('',#300,.T.);
#109=FACE_OUTER_BOUND('',#301,.T.);
#110=FACE_OUTER_BOUND('',#302,.T.);
#111=FACE_OUTER_BOUND('',#303,.T.);
#112=FACE_OUTER_BOUND('',#304,.T.);
#113=FACE_OUTER_BOUND('',#305,.T.);
#114=FACE_OUTER_BOUND('',#306,.T.);
#115=FACE_OUTER_BOUND('',#307,.T.);
#116=FACE_OUTER_BOUND('',#308,.T.);
#117=FACE_OUTER_BOUND('',#309,.T.);
#118=FACE_OUTER_BOUND('',#310,.T.);
#119=FACE_OUTER_BOUND('',#311,.T.);
#120=FACE_OUTER_BOUND('',#312,.T.);
#121=FACE_OUTER_BOUND('',#313,.T.);
#122=FACE_OUTER_BOUND('',#314,.T.);
#123=FACE_OUTER_BOUND('',#315,.T.);
#124=FACE_OUTER_BOUND('',#316,.T.);
#125=FACE_OUTER_BOUND('',#319,.T.);
#126=FACE_OUTER_BOUND('',#320,.T.);
#127=FACE_OUTER_BOUND('',#321,.T.);
#128=FACE_OUTER_BOUND('',#322,.T.);
#129=FACE_OUTER_BOUND('',#323,.T.);
#130=FACE_OUTER_BOUND('',#324,.T.);
#131=FACE_OUTER_BOUND('',#325,.T.);
#132=FACE_OUTER_BOUND('',#326,.T.);
#133=FACE_OUTER_BOUND('',#327,.T.);
#134=FACE_OUTER_BOUND('',#328,.T.);
#135=FACE_OUTER_BOUND('',#329,.T.);
#136=FACE_OUTER_BOUND('',#330,.T.);
#137=FACE_OUTER_BOUND('',#331,.T.);
#138=FACE_OUTER_BOUND('',#332,.T.);
#139=FACE_OUTER_BOUND('',#333,.T.);
#140=FACE_OUTER_BOUND('',#334,.T.);
#141=FACE_OUTER_BOUND('',#335,.T.);
#142=FACE_OUTER_BOUND('',#336,.T.);
#143=FACE_OUTER_BOUND('',#337,.T.);
#144=FACE_OUTER_BOUND('',#338,.T.);
#145=FACE_OUTER_BOUND('',#339,.T.);
#146=FACE_OUTER_BOUND('',#340,.T.);
#147=FACE_OUTER_BOUND('',#341,.T.);
#148=FACE_OUTER_BOUND('',#342,.T.);
#149=FACE_OUTER_BOUND('',#343,.T.);
#150=FACE_OUTER_BOUND('',#344,.T.);
#151=FACE_OUTER_BOUND('',#345,.T.);
#152=FACE_OUTER_BOUND('',#346,.T.);
#153=FACE_OUTER_BOUND('',#347,.T.);
#154=FACE_OUTER_BOUND('',#348,.T.);
#155=FACE_OUTER_BOUND('',#349,.T.);
#156=FACE_OUTER_BOUND('',#350,.T.);
#157=FACE_OUTER_BOUND('',#351,.T.);
#158=FACE_OUTER_BOUND('',#352,.T.);
#159=FACE_OUTER_BOUND('',#353,.T.);
#160=FACE_OUTER_BOUND('',#354,.T.);
#161=FACE_OUTER_BOUND('',#355,.T.);
#162=FACE_OUTER_BOUND('',#356,.T.);
#163=FACE_OUTER_BOUND('',#357,.T.);
#164=FACE_OUTER_BOUND('',#358,.T.);
#165=FACE_OUTER_BOUND('',#359,.T.);
#166=FACE_OUTER_BOUND('',#360,.T.);
#167=FACE_OUTER_BOUND('',#363,.T.);
#168=FACE_OUTER_BOUND('',#365,.T.);
#169=FACE_OUTER_BOUND('',#366,.T.);
#170=FACE_OUTER_BOUND('',#367,.T.);
#171=FACE_OUTER_BOUND('',#368,.T.);
#172=FACE_OUTER_BOUND('',#369,.T.);
#173=FACE_OUTER_BOUND('',#370,.T.);
#174=FACE_OUTER_BOUND('',#371,.T.);
#175=FACE_OUTER_BOUND('',#372,.T.);
#176=FACE_OUTER_BOUND('',#373,.T.);
#177=FACE_OUTER_BOUND('',#374,.T.);
#178=FACE_OUTER_BOUND('',#375,.T.);
#179=FACE_OUTER_BOUND('',#376,.T.);
#180=FACE_OUTER_BOUND('',#377,.T.);
#181=FACE_OUTER_BOUND('',#378,.T.);
#182=FACE_OUTER_BOUND('',#379,.T.);
#183=FACE_OUTER_BOUND('',#380,.T.);
#184=FACE_OUTER_BOUND('',#381,.T.);
#185=FACE_OUTER_BOUND('',#382,.T.);
#186=FACE_OUTER_BOUND('',#383,.T.);
#187=FACE_OUTER_BOUND('',#384,.T.);
#188=FACE_OUTER_BOUND('',#385,.T.);
#189=FACE_OUTER_BOUND('',#386,.T.);
#190=FACE_OUTER_BOUND('',#387,.T.);
#191=FACE_OUTER_BOUND('',#388,.T.);
#192=FACE_OUTER_BOUND('',#389,.T.);
#193=FACE_OUTER_BOUND('',#390,.T.);
#194=FACE_OUTER_BOUND('',#391,.T.);
#195=FACE_OUTER_BOUND('',#392,.T.);
#196=FACE_OUTER_BOUND('',#394,.T.);
#197=FACE_OUTER_BOUND('',#396,.T.);
#198=FACE_OUTER_BOUND('',#397,.T.);
#199=FACE_OUTER_BOUND('',#398,.T.);
#200=FACE_OUTER_BOUND('',#399,.T.);
#201=FACE_OUTER_BOUND('',#400,.T.);
#202=FACE_OUTER_BOUND('',#401,.T.);
#203=FACE_OUTER_BOUND('',#402,.T.);
#204=FACE_OUTER_BOUND('',#403,.T.);
#205=FACE_OUTER_BOUND('',#404,.T.);
#206=FACE_OUTER_BOUND('',#405,.T.);
#207=FACE_OUTER_BOUND('',#406,.T.);
#208=FACE_OUTER_BOUND('',#407,.T.);
#209=FACE_OUTER_BOUND('',#408,.T.);
#210=FACE_OUTER_BOUND('',#409,.T.);
#211=FACE_OUTER_BOUND('',#410,.T.);
#212=FACE_OUTER_BOUND('',#411,.T.);
#213=FACE_OUTER_BOUND('',#412,.T.);
#214=FACE_OUTER_BOUND('',#413,.T.);
#215=FACE_OUTER_BOUND('',#414,.T.);
#216=FACE_OUTER_BOUND('',#415,.T.);
#217=FACE_OUTER_BOUND('',#416,.T.);
#218=FACE_OUTER_BOUND('',#417,.T.);
#219=FACE_OUTER_BOUND('',#418,.T.);
#220=FACE_OUTER_BOUND('',#419,.T.);
#221=FACE_OUTER_BOUND('',#420,.T.);
#222=FACE_OUTER_BOUND('',#421,.T.);
#223=FACE_OUTER_BOUND('',#422,.T.);
#224=FACE_OUTER_BOUND('',#423,.T.);
#225=FACE_OUTER_BOUND('',#424,.T.);
#226=FACE_OUTER_BOUND('',#425,.T.);
#227=FACE_OUTER_BOUND('',#426,.T.);
#228=FACE_OUTER_BOUND('',#427,.T.);
#229=FACE_OUTER_BOUND('',#428,.T.);
#230=FACE_OUTER_BOUND('',#429,.T.);
#231=FACE_OUTER_BOUND('',#430,.T.);
#232=FACE_OUTER_BOUND('',#431,.T.);
#233=FACE_OUTER_BOUND('',#432,.T.);
#234=FACE_OUTER_BOUND('',#433,.T.);
#235=FACE_OUTER_BOUND('',#434,.T.);
#236=FACE_OUTER_BOUND('',#435,.T.);
#237=FACE_OUTER_BOUND('',#436,.T.);
#238=FACE_OUTER_BOUND('',#437,.T.);
#239=FACE_OUTER_BOUND('',#438,.T.);
#240=FACE_OUTER_BOUND('',#439,.T.);
#241=FACE_OUTER_BOUND('',#440,.T.);
#242=FACE_OUTER_BOUND('',#441,.T.);
#243=FACE_OUTER_BOUND('',#442,.T.);
#244=FACE_OUTER_BOUND('',#443,.T.);
#245=FACE_OUTER_BOUND('',#444,.T.);
#246=FACE_OUTER_BOUND('',#445,.T.);
#247=EDGE_LOOP('',(#2239,#2240,#2241,#2242,#2243));
#248=EDGE_LOOP('',(#2244,#2245,#2246,#2247,#2248));
#249=EDGE_LOOP('',(#2249,#2250,#2251,#2252,#2253,#2254));
#250=EDGE_LOOP('',(#2255,#2256,#2257,#2258,#2259));
#251=EDGE_LOOP('',(#2260,#2261,#2262,#2263));
#252=EDGE_LOOP('',(#2264,#2265,#2266,#2267));
#253=EDGE_LOOP('',(#2268,#2269,#2270,#2271));
#254=EDGE_LOOP('',(#2272,#2273,#2274,#2275,#2276));
#255=EDGE_LOOP('',(#2277,#2278,#2279,#2280));
#256=EDGE_LOOP('',(#2281,#2282,#2283,#2284,#2285,#2286));
#257=EDGE_LOOP('',(#2287,#2288,#2289,#2290,#2291,#2292));
#258=EDGE_LOOP('',(#2293,#2294,#2295,#2296));
#259=EDGE_LOOP('',(#2297,#2298,#2299,#2300));
#260=EDGE_LOOP('',(#2301,#2302,#2303,#2304,#2305,#2306,#2307));
#261=EDGE_LOOP('',(#2308,#2309,#2310,#2311,#2312,#2313));
#262=EDGE_LOOP('',(#2314,#2315,#2316,#2317,#2318));
#263=EDGE_LOOP('',(#2319,#2320,#2321,#2322,#2323,#2324,#2325,#2326,#2327,
#2328,#2329,#2330));
#264=EDGE_LOOP('',(#2331,#2332,#2333,#2334));
#265=EDGE_LOOP('',(#2335,#2336,#2337,#2338));
#266=EDGE_LOOP('',(#2339,#2340,#2341,#2342,#2343,#2344));
#267=EDGE_LOOP('',(#2345,#2346,#2347,#2348,#2349,#2350,#2351,#2352,#2353,
#2354,#2355,#2356));
#268=EDGE_LOOP('',(#2357,#2358,#2359,#2360,#2361,#2362));
#269=EDGE_LOOP('',(#2363,#2364,#2365,#2366,#2367,#2368,#2369,#2370));
#270=EDGE_LOOP('',(#2371,#2372,#2373,#2374));
#271=EDGE_LOOP('',(#2375,#2376,#2377,#2378,#2379,#2380));
#272=EDGE_LOOP('',(#2381,#2382,#2383,#2384,#2385,#2386,#2387,#2388));
#273=EDGE_LOOP('',(#2389,#2390,#2391,#2392,#2393,#2394,#2395,#2396));
#274=EDGE_LOOP('',(#2397,#2398,#2399,#2400));
#275=EDGE_LOOP('',(#2401,#2402,#2403,#2404));
#276=EDGE_LOOP('',(#2405,#2406,#2407,#2408));
#277=EDGE_LOOP('',(#2409,#2410,#2411,#2412));
#278=EDGE_LOOP('',(#2413,#2414,#2415,#2416));
#279=EDGE_LOOP('',(#2417,#2418,#2419,#2420,#2421,#2422,#2423,#2424));
#280=EDGE_LOOP('',(#2425,#2426,#2427,#2428));
#281=EDGE_LOOP('',(#2429,#2430,#2431,#2432));
#282=EDGE_LOOP('',(#2433,#2434,#2435,#2436));
#283=EDGE_LOOP('',(#2437,#2438,#2439,#2440));
#284=EDGE_LOOP('',(#2441,#2442,#2443,#2444,#2445,#2446));
#285=EDGE_LOOP('',(#2447,#2448,#2449,#2450,#2451,#2452,#2453,#2454,#2455,
#2456,#2457,#2458));
#286=EDGE_LOOP('',(#2459,#2460,#2461,#2462,#2463,#2464));
#287=EDGE_LOOP('',(#2465,#2466,#2467,#2468,#2469,#2470,#2471,#2472,#2473,
#2474,#2475,#2476,#2477,#2478,#2479,#2480,#2481,#2482,#2483,#2484));
#288=EDGE_LOOP('',(#2485,#2486,#2487,#2488,#2489,#2490,#2491,#2492,#2493,
#2494,#2495,#2496,#2497,#2498,#2499,#2500,#2501,#2502,#2503,#2504,#2505,
#2506,#2507,#2508,#2509,#2510,#2511,#2512,#2513,#2514));
#289=EDGE_LOOP('',(#2515,#2516,#2517,#2518));
#290=EDGE_LOOP('',(#2519,#2520,#2521,#2522));
#291=EDGE_LOOP('',(#2523,#2524,#2525,#2526));
#292=EDGE_LOOP('',(#2527,#2528,#2529,#2530,#2531,#2532));
#293=EDGE_LOOP('',(#2533,#2534,#2535,#2536));
#294=EDGE_LOOP('',(#2537,#2538,#2539,#2540,#2541,#2542));
#295=EDGE_LOOP('',(#2543,#2544,#2545,#2546));
#296=EDGE_LOOP('',(#2547,#2548,#2549,#2550));
#297=EDGE_LOOP('',(#2551,#2552,#2553,#2554));
#298=EDGE_LOOP('',(#2555,#2556,#2557,#2558,#2559,#2560));
#299=EDGE_LOOP('',(#2561,#2562,#2563,#2564));
#300=EDGE_LOOP('',(#2565,#2566,#2567,#2568,#2569,#2570));
#301=EDGE_LOOP('',(#2571,#2572,#2573,#2574));
#302=EDGE_LOOP('',(#2575,#2576,#2577,#2578,#2579,#2580));
#303=EDGE_LOOP('',(#2581,#2582,#2583,#2584));
#304=EDGE_LOOP('',(#2585,#2586,#2587,#2588));
#305=EDGE_LOOP('',(#2589,#2590,#2591,#2592));
#306=EDGE_LOOP('',(#2593,#2594,#2595,#2596));
#307=EDGE_LOOP('',(#2597,#2598,#2599,#2600));
#308=EDGE_LOOP('',(#2601,#2602,#2603,#2604,#2605,#2606));
#309=EDGE_LOOP('',(#2607,#2608,#2609,#2610));
#310=EDGE_LOOP('',(#2611,#2612,#2613,#2614));
#311=EDGE_LOOP('',(#2615,#2616,#2617,#2618,#2619,#2620));
#312=EDGE_LOOP('',(#2621,#2622,#2623,#2624,#2625,#2626));
#313=EDGE_LOOP('',(#2627,#2628,#2629,#2630,#2631,#2632));
#314=EDGE_LOOP('',(#2633,#2634,#2635,#2636,#2637,#2638));
#315=EDGE_LOOP('',(#2639,#2640,#2641,#2642));
#316=EDGE_LOOP('',(#2643,#2644,#2645,#2646,#2647,#2648,#2649,#2650,#2651,
#2652,#2653,#2654,#2655,#2656,#2657));
#317=EDGE_LOOP('',(#2658,#2659,#2660,#2661));
#318=EDGE_LOOP('',(#2662,#2663,#2664,#2665));
#319=EDGE_LOOP('',(#2666,#2667,#2668,#2669,#2670,#2671,#2672,#2673,#2674,
#2675,#2676,#2677,#2678,#2679));
#320=EDGE_LOOP('',(#2680,#2681,#2682,#2683));
#321=EDGE_LOOP('',(#2684,#2685,#2686,#2687));
#322=EDGE_LOOP('',(#2688,#2689,#2690,#2691));
#323=EDGE_LOOP('',(#2692,#2693,#2694,#2695,#2696));
#324=EDGE_LOOP('',(#2697,#2698,#2699,#2700));
#325=EDGE_LOOP('',(#2701,#2702,#2703,#2704));
#326=EDGE_LOOP('',(#2705,#2706,#2707,#2708,#2709));
#327=EDGE_LOOP('',(#2710,#2711,#2712,#2713));
#328=EDGE_LOOP('',(#2714,#2715,#2716,#2717));
#329=EDGE_LOOP('',(#2718,#2719,#2720,#2721));
#330=EDGE_LOOP('',(#2722,#2723,#2724,#2725));
#331=EDGE_LOOP('',(#2726,#2727,#2728,#2729,#2730,#2731));
#332=EDGE_LOOP('',(#2732,#2733,#2734,#2735));
#333=EDGE_LOOP('',(#2736,#2737,#2738,#2739));
#334=EDGE_LOOP('',(#2740,#2741));
#335=EDGE_LOOP('',(#2742,#2743,#2744,#2745,#2746,#2747,#2748,#2749,#2750,
#2751,#2752,#2753,#2754,#2755));
#336=EDGE_LOOP('',(#2756,#2757,#2758,#2759,#2760));
#337=EDGE_LOOP('',(#2761,#2762,#2763,#2764));
#338=EDGE_LOOP('',(#2765,#2766,#2767,#2768));
#339=EDGE_LOOP('',(#2769,#2770,#2771,#2772,#2773,#2774));
#340=EDGE_LOOP('',(#2775,#2776,#2777,#2778));
#341=EDGE_LOOP('',(#2779,#2780));
#342=EDGE_LOOP('',(#2781,#2782,#2783,#2784));
#343=EDGE_LOOP('',(#2785,#2786,#2787,#2788));
#344=EDGE_LOOP('',(#2789,#2790,#2791,#2792,#2793));
#345=EDGE_LOOP('',(#2794,#2795,#2796,#2797));
#346=EDGE_LOOP('',(#2798,#2799,#2800,#2801));
#347=EDGE_LOOP('',(#2802,#2803,#2804,#2805,#2806,#2807));
#348=EDGE_LOOP('',(#2808,#2809,#2810,#2811,#2812));
#349=EDGE_LOOP('',(#2813,#2814,#2815,#2816));
#350=EDGE_LOOP('',(#2817,#2818,#2819,#2820,#2821));
#351=EDGE_LOOP('',(#2822,#2823,#2824,#2825));
#352=EDGE_LOOP('',(#2826,#2827,#2828,#2829));
#353=EDGE_LOOP('',(#2830,#2831,#2832,#2833,#2834));
#354=EDGE_LOOP('',(#2835,#2836,#2837,#2838));
#355=EDGE_LOOP('',(#2839,#2840,#2841,#2842,#2843));
#356=EDGE_LOOP('',(#2844,#2845,#2846));
#357=EDGE_LOOP('',(#2847,#2848,#2849));
#358=EDGE_LOOP('',(#2850,#2851,#2852,#2853));
#359=EDGE_LOOP('',(#2854,#2855,#2856,#2857,#2858));
#360=EDGE_LOOP('',(#2859,#2860,#2861,#2862,#2863,#2864,#2865,#2866));
#361=EDGE_LOOP('',(#2867,#2868,#2869,#2870));
#362=EDGE_LOOP('',(#2871,#2872,#2873,#2874,#2875));
#363=EDGE_LOOP('',(#2876,#2877,#2878,#2879,#2880,#2881,#2882,#2883,#2884,
#2885,#2886,#2887,#2888,#2889));
#364=EDGE_LOOP('',(#2890,#2891,#2892,#2893));
#365=EDGE_LOOP('',(#2894,#2895,#2896,#2897,#2898));
#366=EDGE_LOOP('',(#2899,#2900,#2901,#2902));
#367=EDGE_LOOP('',(#2903,#2904,#2905,#2906,#2907));
#368=EDGE_LOOP('',(#2908,#2909,#2910,#2911));
#369=EDGE_LOOP('',(#2912,#2913,#2914,#2915));
#370=EDGE_LOOP('',(#2916,#2917,#2918,#2919));
#371=EDGE_LOOP('',(#2920,#2921,#2922,#2923));
#372=EDGE_LOOP('',(#2924,#2925,#2926,#2927,#2928,#2929,#2930,#2931));
#373=EDGE_LOOP('',(#2932,#2933,#2934,#2935));
#374=EDGE_LOOP('',(#2936,#2937,#2938,#2939));
#375=EDGE_LOOP('',(#2940,#2941,#2942,#2943));
#376=EDGE_LOOP('',(#2944,#2945,#2946,#2947,#2948,#2949));
#377=EDGE_LOOP('',(#2950,#2951,#2952,#2953));
#378=EDGE_LOOP('',(#2954,#2955,#2956,#2957));
#379=EDGE_LOOP('',(#2958,#2959,#2960,#2961));
#380=EDGE_LOOP('',(#2962,#2963,#2964,#2965));
#381=EDGE_LOOP('',(#2966,#2967,#2968,#2969));
#382=EDGE_LOOP('',(#2970,#2971,#2972,#2973));
#383=EDGE_LOOP('',(#2974,#2975,#2976,#2977,#2978,#2979));
#384=EDGE_LOOP('',(#2980,#2981,#2982,#2983));
#385=EDGE_LOOP('',(#2984,#2985,#2986,#2987));
#386=EDGE_LOOP('',(#2988,#2989,#2990,#2991));
#387=EDGE_LOOP('',(#2992,#2993,#2994,#2995));
#388=EDGE_LOOP('',(#2996,#2997,#2998,#2999));
#389=EDGE_LOOP('',(#3000,#3001,#3002,#3003));
#390=EDGE_LOOP('',(#3004,#3005,#3006,#3007));
#391=EDGE_LOOP('',(#3008,#3009,#3010,#3011));
#392=EDGE_LOOP('',(#3012,#3013,#3014,#3015));
#393=EDGE_LOOP('',(#3016,#3017,#3018,#3019));
#394=EDGE_LOOP('',(#3020,#3021,#3022,#3023,#3024));
#395=EDGE_LOOP('',(#3025,#3026,#3027,#3028));
#396=EDGE_LOOP('',(#3029,#3030,#3031,#3032));
#397=EDGE_LOOP('',(#3033,#3034,#3035,#3036));
#398=EDGE_LOOP('',(#3037,#3038,#3039,#3040));
#399=EDGE_LOOP('',(#3041,#3042,#3043,#3044));
#400=EDGE_LOOP('',(#3045,#3046,#3047,#3048));
#401=EDGE_LOOP('',(#3049,#3050,#3051,#3052));
#402=EDGE_LOOP('',(#3053,#3054,#3055,#3056));
#403=EDGE_LOOP('',(#3057,#3058,#3059,#3060));
#404=EDGE_LOOP('',(#3061,#3062,#3063,#3064));
#405=EDGE_LOOP('',(#3065,#3066,#3067,#3068));
#406=EDGE_LOOP('',(#3069,#3070,#3071,#3072));
#407=EDGE_LOOP('',(#3073,#3074,#3075,#3076));
#408=EDGE_LOOP('',(#3077,#3078,#3079,#3080));
#409=EDGE_LOOP('',(#3081,#3082,#3083,#3084));
#410=EDGE_LOOP('',(#3085,#3086,#3087,#3088));
#411=EDGE_LOOP('',(#3089,#3090,#3091,#3092));
#412=EDGE_LOOP('',(#3093,#3094,#3095,#3096));
#413=EDGE_LOOP('',(#3097,#3098,#3099,#3100));
#414=EDGE_LOOP('',(#3101,#3102,#3103,#3104));
#415=EDGE_LOOP('',(#3105,#3106,#3107,#3108,#3109,#3110,#3111,#3112,#3113,
#3114,#3115,#3116,#3117,#3118,#3119,#3120,#3121,#3122,#3123,#3124));
#416=EDGE_LOOP('',(#3125,#3126,#3127,#3128));
#417=EDGE_LOOP('',(#3129,#3130,#3131,#3132));
#418=EDGE_LOOP('',(#3133,#3134,#3135,#3136));
#419=EDGE_LOOP('',(#3137,#3138,#3139,#3140));
#420=EDGE_LOOP('',(#3141,#3142,#3143,#3144));
#421=EDGE_LOOP('',(#3145,#3146,#3147,#3148));
#422=EDGE_LOOP('',(#3149,#3150,#3151,#3152));
#423=EDGE_LOOP('',(#3153,#3154,#3155,#3156));
#424=EDGE_LOOP('',(#3157,#3158,#3159));
#425=EDGE_LOOP('',(#3160,#3161,#3162));
#426=EDGE_LOOP('',(#3163,#3164,#3165,#3166));
#427=EDGE_LOOP('',(#3167,#3168,#3169,#3170));
#428=EDGE_LOOP('',(#3171,#3172,#3173,#3174,#3175,#3176));
#429=EDGE_LOOP('',(#3177,#3178,#3179,#3180));
#430=EDGE_LOOP('',(#3181,#3182,#3183,#3184,#3185));
#431=EDGE_LOOP('',(#3186,#3187,#3188,#3189));
#432=EDGE_LOOP('',(#3190,#3191,#3192,#3193));
#433=EDGE_LOOP('',(#3194,#3195,#3196,#3197));
#434=EDGE_LOOP('',(#3198,#3199,#3200,#3201));
#435=EDGE_LOOP('',(#3202,#3203,#3204,#3205));
#436=EDGE_LOOP('',(#3206,#3207,#3208,#3209));
#437=EDGE_LOOP('',(#3210,#3211,#3212,#3213,#3214));
#438=EDGE_LOOP('',(#3215,#3216,#3217,#3218));
#439=EDGE_LOOP('',(#3219,#3220,#3221,#3222,#3223));
#440=EDGE_LOOP('',(#3224,#3225,#3226,#3227));
#441=EDGE_LOOP('',(#3228,#3229,#3230,#3231));
#442=EDGE_LOOP('',(#3232,#3233,#3234,#3235));
#443=EDGE_LOOP('',(#3236,#3237,#3238,#3239));
#444=EDGE_LOOP('',(#3240,#3241,#3242,#3243,#3244,#3245,#3246));
#445=EDGE_LOOP('',(#3247,#3248,#3249,#3250));
#446=LINE('',#4773,#928);
#447=LINE('',#4775,#929);
#448=LINE('',#4777,#930);
#449=LINE('',#4779,#931);
#450=LINE('',#4780,#932);
#451=LINE('',#4784,#933);
#452=LINE('',#4786,#934);
#453=LINE('',#4788,#935);
#454=LINE('',#4790,#936);
#455=LINE('',#4791,#937);
#456=LINE('',#4794,#938);
#457=LINE('',#4796,#939);
#458=LINE('',#4798,#940);
#459=LINE('',#4800,#941);
#460=LINE('',#4801,#942);
#461=LINE('',#4804,#943);
#462=LINE('',#4806,#944);
#463=LINE('',#4807,#945);
#464=LINE('',#4810,#946);
#465=LINE('',#4812,#947);
#466=LINE('',#4813,#948);
#467=LINE('',#4817,#949);
#468=LINE('',#4818,#950);
#469=LINE('',#4819,#951);
#470=LINE('',#4823,#952);
#471=LINE('',#4825,#953);
#472=LINE('',#4827,#954);
#473=LINE('',#4828,#955);
#474=LINE('',#4832,#956);
#475=LINE('',#4833,#957);
#476=LINE('',#4835,#958);
#477=LINE('',#4836,#959);
#478=LINE('',#4839,#960);
#479=LINE('',#4841,#961);
#480=LINE('',#4842,#962);
#481=LINE('',#4845,#963);
#482=LINE('',#4847,#964);
#483=LINE('',#4849,#965);
#484=LINE('',#4850,#966);
#485=LINE('',#4853,#967);
#486=LINE('',#4855,#968);
#487=LINE('',#4856,#969);
#488=LINE('',#4859,#970);
#489=LINE('',#4860,#971);
#490=LINE('',#4864,#972);
#491=LINE('',#4866,#973);
#492=LINE('',#4868,#974);
#493=LINE('',#4869,#975);
#494=LINE('',#4873,#976);
#495=LINE('',#4875,#977);
#496=LINE('',#4876,#978);
#497=LINE('',#4878,#979);
#498=LINE('',#4879,#980);
#499=LINE('',#4882,#981);
#500=LINE('',#4884,#982);
#501=LINE('',#4886,#983);
#502=LINE('',#4888,#984);
#503=LINE('',#4889,#985);
#504=LINE('',#4892,#986);
#505=LINE('',#4894,#987);
#506=LINE('',#4895,#988);
#507=LINE('',#4898,#989);
#508=LINE('',#4900,#990);
#509=LINE('',#4902,#991);
#510=LINE('',#4904,#992);
#511=LINE('',#4905,#993);
#512=LINE('',#4907,#994);
#513=LINE('',#4909,#995);
#514=LINE('',#4911,#996);
#515=LINE('',#4913,#997);
#516=LINE('',#4914,#998);
#517=LINE('',#4917,#999);
#518=LINE('',#4919,#1000);
#519=LINE('',#4920,#1001);
#520=LINE('',#4923,#1002);
#521=LINE('',#4924,#1003);
#522=LINE('',#4927,#1004);
#523=LINE('',#4929,#1005);
#524=LINE('',#4930,#1006);
#525=LINE('',#4934,#1007);
#526=LINE('',#4935,#1008);
#527=LINE('',#4937,#1009);
#528=LINE('',#4939,#1010);
#529=LINE('',#4940,#1011);
#530=LINE('',#4942,#1012);
#531=LINE('',#4944,#1013);
#532=LINE('',#4945,#1014);
#533=LINE('',#4949,#1015);
#534=LINE('',#4951,#1016);
#535=LINE('',#4952,#1017);
#536=LINE('',#4954,#1018);
#537=LINE('',#4955,#1019);
#538=LINE('',#4959,#1020);
#539=LINE('',#4961,#1021);
#540=LINE('',#4962,#1022);
#541=LINE('',#4964,#1023);
#542=LINE('',#4966,#1024);
#543=LINE('',#4968,#1025);
#544=LINE('',#4969,#1026);
#545=LINE('',#4972,#1027);
#546=LINE('',#4974,#1028);
#547=LINE('',#4975,#1029);
#548=LINE('',#4978,#1030);
#549=LINE('',#4979,#1031);
#550=LINE('',#4980,#1032);
#551=LINE('',#4983,#1033);
#552=LINE('',#4985,#1034);
#553=LINE('',#4987,#1035);
#554=LINE('',#4988,#1036);
#555=LINE('',#4992,#1037);
#556=LINE('',#4994,#1038);
#557=LINE('',#4996,#1039);
#558=LINE('',#4998,#1040);
#559=LINE('',#5000,#1041);
#560=LINE('',#5002,#1042);
#561=LINE('',#5004,#1043);
#562=LINE('',#5005,#1044);
#563=LINE('',#5007,#1045);
#564=LINE('',#5009,#1046);
#565=LINE('',#5011,#1047);
#566=LINE('',#5016,#1048);
#567=LINE('',#5017,#1049);
#568=LINE('',#5018,#1050);
#569=LINE('',#5021,#1051);
#570=LINE('',#5023,#1052);
#571=LINE('',#5025,#1053);
#572=LINE('',#5027,#1054);
#573=LINE('',#5029,#1055);
#574=LINE('',#5031,#1056);
#575=LINE('',#5032,#1057);
#576=LINE('',#5034,#1058);
#577=LINE('',#5036,#1059);
#578=LINE('',#5038,#1060);
#579=LINE('',#5040,#1061);
#580=LINE('',#5043,#1062);
#581=LINE('',#5045,#1063);
#582=LINE('',#5046,#1064);
#583=LINE('',#5048,#1065);
#584=LINE('',#5050,#1066);
#585=LINE('',#5052,#1067);
#586=LINE('',#5054,#1068);
#587=LINE('',#5056,#1069);
#588=LINE('',#5058,#1070);
#589=LINE('',#5060,#1071);
#590=LINE('',#5062,#1072);
#591=LINE('',#5063,#1073);
#592=LINE('',#5066,#1074);
#593=LINE('',#5067,#1075);
#594=LINE('',#5071,#1076);
#595=LINE('',#5073,#1077);
#596=LINE('',#5074,#1078);
#597=LINE('',#5075,#1079);
#598=LINE('',#5077,#1080);
#599=LINE('',#5078,#1081);
#600=LINE('',#5080,#1082);
#601=LINE('',#5082,#1083);
#602=LINE('',#5084,#1084);
#603=LINE('',#5086,#1085);
#604=LINE('',#5088,#1086);
#605=LINE('',#5090,#1087);
#606=LINE('',#5091,#1088);
#607=LINE('',#5095,#1089);
#608=LINE('',#5097,#1090);
#609=LINE('',#5098,#1091);
#610=LINE('',#5100,#1092);
#611=LINE('',#5102,#1093);
#612=LINE('',#5103,#1094);
#613=LINE('',#5105,#1095);
#614=LINE('',#5107,#1096);
#615=LINE('',#5109,#1097);
#616=LINE('',#5111,#1098);
#617=LINE('',#5113,#1099);
#618=LINE('',#5115,#1100);
#619=LINE('',#5117,#1101);
#620=LINE('',#5119,#1102);
#621=LINE('',#5121,#1103);
#622=LINE('',#5123,#1104);
#623=LINE('',#5125,#1105);
#624=LINE('',#5127,#1106);
#625=LINE('',#5129,#1107);
#626=LINE('',#5131,#1108);
#627=LINE('',#5133,#1109);
#628=LINE('',#5135,#1110);
#629=LINE('',#5137,#1111);
#630=LINE('',#5139,#1112);
#631=LINE('',#5141,#1113);
#632=LINE('',#5143,#1114);
#633=LINE('',#5145,#1115);
#634=LINE('',#5146,#1116);
#635=LINE('',#5149,#1117);
#636=LINE('',#5151,#1118);
#637=LINE('',#5152,#1119);
#638=LINE('',#5156,#1120);
#639=LINE('',#5158,#1121);
#640=LINE('',#5160,#1122);
#641=LINE('',#5161,#1123);
#642=LINE('',#5165,#1124);
#643=LINE('',#5167,#1125);
#644=LINE('',#5169,#1126);
#645=LINE('',#5170,#1127);
#646=LINE('',#5174,#1128);
#647=LINE('',#5176,#1129);
#648=LINE('',#5177,#1130);
#649=LINE('',#5179,#1131);
#650=LINE('',#5180,#1132);
#651=LINE('',#5184,#1133);
#652=LINE('',#5185,#1134);
#653=LINE('',#5186,#1135);
#654=LINE('',#5189,#1136);
#655=LINE('',#5191,#1137);
#656=LINE('',#5193,#1138);
#657=LINE('',#5194,#1139);
#658=LINE('',#5195,#1140);
#659=LINE('',#5198,#1141);
#660=LINE('',#5199,#1142);
#661=LINE('',#5203,#1143);
#662=LINE('',#5205,#1144);
#663=LINE('',#5207,#1145);
#664=LINE('',#5208,#1146);
#665=LINE('',#5212,#1147);
#666=LINE('',#5214,#1148);
#667=LINE('',#5216,#1149);
#668=LINE('',#5217,#1150);
#669=LINE('',#5221,#1151);
#670=LINE('',#5223,#1152);
#671=LINE('',#5224,#1153);
#672=LINE('',#5226,#1154);
#673=LINE('',#5227,#1155);
#674=LINE('',#5231,#1156);
#675=LINE('',#5232,#1157);
#676=LINE('',#5233,#1158);
#677=LINE('',#5235,#1159);
#678=LINE('',#5237,#1160);
#679=LINE('',#5239,#1161);
#680=LINE('',#5240,#1162);
#681=LINE('',#5243,#1163);
#682=LINE('',#5245,#1164);
#683=LINE('',#5246,#1165);
#684=LINE('',#5250,#1166);
#685=LINE('',#5252,#1167);
#686=LINE('',#5254,#1168);
#687=LINE('',#5255,#1169);
#688=LINE('',#5256,#1170);
#689=LINE('',#5259,#1171);
#690=LINE('',#5260,#1172);
#691=LINE('',#5263,#1173);
#692=LINE('',#5264,#1174);
#693=LINE('',#5267,#1175);
#694=LINE('',#5268,#1176);
#695=LINE('',#5271,#1177);
#696=LINE('',#5272,#1178);
#697=LINE('',#5275,#1179);
#698=LINE('',#5276,#1180);
#699=LINE('',#5280,#1181);
#700=LINE('',#5281,#1182);
#701=LINE('',#5283,#1183);
#702=LINE('',#5285,#1184);
#703=LINE('',#5286,#1185);
#704=LINE('',#5289,#1186);
#705=LINE('',#5290,#1187);
#706=LINE('',#5293,#1188);
#707=LINE('',#5294,#1189);
#708=LINE('',#5297,#1190);
#709=LINE('',#5298,#1191);
#710=LINE('',#5300,#1192);
#711=LINE('',#5301,#1193);
#712=LINE('',#5303,#1194);
#713=LINE('',#5305,#1195);
#714=LINE('',#5307,#1196);
#715=LINE('',#5308,#1197);
#716=LINE('',#5311,#1198);
#717=LINE('',#5313,#1199);
#718=LINE('',#5315,#1200);
#719=LINE('',#5317,#1201);
#720=LINE('',#5318,#1202);
#721=LINE('',#5320,#1203);
#722=LINE('',#5323,#1204);
#723=LINE('',#5325,#1205);
#724=LINE('',#5327,#1206);
#725=LINE('',#5329,#1207);
#726=LINE('',#5330,#1208);
#727=LINE('',#5331,#1209);
#728=LINE('',#5334,#1210);
#729=LINE('',#5336,#1211);
#730=LINE('',#5338,#1212);
#731=LINE('',#5339,#1213);
#732=LINE('',#5342,#1214);
#733=LINE('',#5344,#1215);
#734=LINE('',#5346,#1216);
#735=LINE('',#5347,#1217);
#736=LINE('',#5351,#1218);
#737=LINE('',#5353,#1219);
#738=LINE('',#5355,#1220);
#739=LINE('',#5356,#1221);
#740=LINE('',#5358,#1222);
#741=LINE('',#5360,#1223);
#742=LINE('',#5362,#1224);
#743=LINE('',#5364,#1225);
#744=LINE('',#5366,#1226);
#745=LINE('',#5370,#1227);
#746=LINE('',#5373,#1228);
#747=LINE('',#5380,#1229);
#748=LINE('',#5381,#1230);
#749=LINE('',#5385,#1231);
#750=LINE('',#5387,#1232);
#751=LINE('',#5389,#1233);
#752=LINE('',#5396,#1234);
#753=LINE('',#5404,#1235);
#754=LINE('',#5405,#1236);
#755=LINE('',#5408,#1237);
#756=LINE('',#5409,#1238);
#757=LINE('',#5411,#1239);
#758=LINE('',#5412,#1240);
#759=LINE('',#5417,#1241);
#760=LINE('',#5424,#1242);
#761=LINE('',#5430,#1243);
#762=LINE('',#5431,#1244);
#763=LINE('',#5441,#1245);
#764=LINE('',#5445,#1246);
#765=LINE('',#5448,#1247);
#766=LINE('',#5450,#1248);
#767=LINE('',#5452,#1249);
#768=LINE('',#5453,#1250);
#769=LINE('',#5455,#1251);
#770=LINE('',#5457,#1252);
#771=LINE('',#5458,#1253);
#772=LINE('',#5475,#1254);
#773=LINE('',#5476,#1255);
#774=LINE('',#5479,#1256);
#775=LINE('',#5480,#1257);
#776=LINE('',#5482,#1258);
#777=LINE('',#5483,#1259);
#778=LINE('',#5488,#1260);
#779=LINE('',#5490,#1261);
#780=LINE('',#5491,#1262);
#781=LINE('',#5494,#1263);
#782=LINE('',#5496,#1264);
#783=LINE('',#5497,#1265);
#784=LINE('',#5500,#1266);
#785=LINE('',#5501,#1267);
#786=LINE('',#5504,#1268);
#787=LINE('',#5505,#1269);
#788=LINE('',#5507,#1270);
#789=LINE('',#5510,#1271);
#790=LINE('',#5512,#1272);
#791=LINE('',#5514,#1273);
#792=LINE('',#5515,#1274);
#793=LINE('',#5517,#1275);
#794=LINE('',#5518,#1276);
#795=LINE('',#5520,#1277);
#796=LINE('',#5522,#1278);
#797=LINE('',#5525,#1279);
#798=LINE('',#5526,#1280);
#799=LINE('',#5528,#1281);
#800=LINE('',#5529,#1282);
#801=LINE('',#5530,#1283);
#802=LINE('',#5532,#1284);
#803=LINE('',#5535,#1285);
#804=LINE('',#5537,#1286);
#805=LINE('',#5539,#1287);
#806=LINE('',#5540,#1288);
#807=LINE('',#5543,#1289);
#808=LINE('',#5545,#1290);
#809=LINE('',#5547,#1291);
#810=LINE('',#5549,#1292);
#811=LINE('',#5550,#1293);
#812=LINE('',#5553,#1294);
#813=LINE('',#5554,#1295);
#814=LINE('',#5556,#1296);
#815=LINE('',#5557,#1297);
#816=LINE('',#5560,#1298);
#817=LINE('',#5562,#1299);
#818=LINE('',#5564,#1300);
#819=LINE('',#5565,#1301);
#820=LINE('',#5568,#1302);
#821=LINE('',#5570,#1303);
#822=LINE('',#5572,#1304);
#823=LINE('',#5576,#1305);
#824=LINE('',#5580,#1306);
#825=LINE('',#5582,#1307);
#826=LINE('',#5583,#1308);
#827=LINE('',#5585,#1309);
#828=LINE('',#5587,#1310);
#829=LINE('',#5591,#1311);
#830=LINE('',#5592,#1312);
#831=LINE('',#5595,#1313);
#832=LINE('',#5596,#1314);
#833=LINE('',#5597,#1315);
#834=LINE('',#5599,#1316);
#835=LINE('',#5601,#1317);
#836=LINE('',#5603,#1318);
#837=LINE('',#5605,#1319);
#838=LINE('',#5607,#1320);
#839=LINE('',#5611,#1321);
#840=LINE('',#5612,#1322);
#841=LINE('',#5613,#1323);
#842=LINE('',#5616,#1324);
#843=LINE('',#5618,#1325);
#844=LINE('',#5619,#1326);
#845=LINE('',#5621,#1327);
#846=LINE('',#5623,#1328);
#847=LINE('',#5624,#1329);
#848=LINE('',#5626,#1330);
#849=LINE('',#5631,#1331);
#850=LINE('',#5632,#1332);
#851=LINE('',#5635,#1333);
#852=LINE('',#5637,#1334);
#853=LINE('',#5638,#1335);
#854=LINE('',#5641,#1336);
#855=LINE('',#5642,#1337);
#856=LINE('',#5645,#1338);
#857=LINE('',#5646,#1339);
#858=LINE('',#5648,#1340);
#859=LINE('',#5649,#1341);
#860=LINE('',#5651,#1342);
#861=LINE('',#5655,#1343);
#862=LINE('',#5657,#1344);
#863=LINE('',#5659,#1345);
#864=LINE('',#5660,#1346);
#865=LINE('',#5661,#1347);
#866=LINE('',#5662,#1348);
#867=LINE('',#5666,#1349);
#868=LINE('',#5668,#1350);
#869=LINE('',#5670,#1351);
#870=LINE('',#5672,#1352);
#871=LINE('',#5673,#1353);
#872=LINE('',#5675,#1354);
#873=LINE('',#5676,#1355);
#874=LINE('',#5678,#1356);
#875=LINE('',#5680,#1357);
#876=LINE('',#5683,#1358);
#877=LINE('',#5684,#1359);
#878=LINE('',#5686,#1360);
#879=LINE('',#5688,#1361);
#880=LINE('',#5690,#1362);
#881=LINE('',#5693,#1363);
#882=LINE('',#5696,#1364);
#883=LINE('',#5698,#1365);
#884=LINE('',#5699,#1366);
#885=LINE('',#5702,#1367);
#886=LINE('',#5703,#1368);
#887=LINE('',#5706,#1369);
#888=LINE('',#5707,#1370);
#889=LINE('',#5709,#1371);
#890=LINE('',#5710,#1372);
#891=LINE('',#5715,#1373);
#892=LINE('',#5719,#1374);
#893=LINE('',#5721,#1375);
#894=LINE('',#5722,#1376);
#895=LINE('',#5723,#1377);
#896=LINE('',#5724,#1378);
#897=LINE('',#5725,#1379);
#898=LINE('',#5732,#1380);
#899=LINE('',#5733,#1381);
#900=LINE('',#5736,#1382);
#901=LINE('',#5737,#1383);
#902=LINE('',#5739,#1384);
#903=LINE('',#5743,#1385);
#904=LINE('',#5746,#1386);
#905=LINE('',#5748,#1387);
#906=LINE('',#5754,#1388);
#907=LINE('',#5755,#1389);
#908=LINE('',#5758,#1390);
#909=LINE('',#5759,#1391);
#910=LINE('',#5761,#1392);
#911=LINE('',#5766,#1393);
#912=LINE('',#5768,#1394);
#913=LINE('',#5770,#1395);
#914=LINE('',#5771,#1396);
#915=LINE('',#5774,#1397);
#916=LINE('',#5775,#1398);
#917=LINE('',#5778,#1399);
#918=LINE('',#5780,#1400);
#919=LINE('',#5781,#1401);
#920=LINE('',#5784,#1402);
#921=LINE('',#5785,#1403);
#922=LINE('',#5788,#1404);
#923=LINE('',#5789,#1405);
#924=LINE('',#5792,#1406);
#925=LINE('',#5793,#1407);
#926=LINE('',#5795,#1408);
#927=LINE('',#5797,#1409);
#928=VECTOR('',#3865,1.52);
#929=VECTOR('',#3866,1.95);
#930=VECTOR('',#3867,1.52);
#931=VECTOR('',#3868,0.64);
#932=VECTOR('',#3869,1.31);
#933=VECTOR('',#3872,1.52);
#934=VECTOR('',#3873,1.58);
#935=VECTOR('',#3874,0.75);
#936=VECTOR('',#3875,1.52);
#937=VECTOR('',#3876,2.33);
#938=VECTOR('',#3879,1.384676260962);
#939=VECTOR('',#3880,10.);
#940=VECTOR('',#3881,1.634838130481);
#941=VECTOR('',#3882,1.98);
#942=VECTOR('',#3883,0.25);
#943=VECTOR('',#3886,2.84);
#944=VECTOR('',#3887,0.25);
#945=VECTOR('',#3888,0.89);
#946=VECTOR('',#3891,0.25);
#947=VECTOR('',#3892,0.25);
#948=VECTOR('',#3893,2.33);
#949=VECTOR('',#3896,0.89);
#950=VECTOR('',#3897,5.14);
#951=VECTOR('',#3898,5.14);
#952=VECTOR('',#3901,0.51);
#953=VECTOR('',#3902,1.02);
#954=VECTOR('',#3903,0.89);
#955=VECTOR('',#3904,1.08848518593493);
#956=VECTOR('',#3907,0.02);
#957=VECTOR('',#3908,1.08848518593493);
#958=VECTOR('',#3909,1.);
#959=VECTOR('',#3910,0.51);
#960=VECTOR('',#3913,1.6);
#961=VECTOR('',#3914,0.51);
#962=VECTOR('',#3915,1.6);
#963=VECTOR('',#3918,1.27);
#964=VECTOR('',#3919,6.74);
#965=VECTOR('',#3920,0.25);
#966=VECTOR('',#3921,5.14);
#967=VECTOR('',#3924,1.6);
#968=VECTOR('',#3925,6.74);
#969=VECTOR('',#3926,1.25);
#970=VECTOR('',#3929,0.89);
#971=VECTOR('',#3930,5.14);
#972=VECTOR('',#3933,0.25);
#973=VECTOR('',#3934,2.33);
#974=VECTOR('',#3935,0.25);
#975=VECTOR('',#3936,2.33);
#976=VECTOR('',#3939,1.1);
#977=VECTOR('',#3940,0.15);
#978=VECTOR('',#3941,0.7);
#979=VECTOR('',#3942,2.84);
#980=VECTOR('',#3943,0.25);
#981=VECTOR('',#3946,1.52);
#982=VECTOR('',#3947,1.384676260962);
#983=VECTOR('',#3948,10.);
#984=VECTOR('',#3949,1.634838130481);
#985=VECTOR('',#3950,1.98);
#986=VECTOR('',#3953,1.52);
#987=VECTOR('',#3954,0.75);
#988=VECTOR('',#3955,1.58);
#989=VECTOR('',#3958,1.02);
#990=VECTOR('',#3959,1.52);
#991=VECTOR('',#3960,1.31);
#992=VECTOR('',#3961,0.64);
#993=VECTOR('',#3962,1.52);
#994=VECTOR('',#3963,0.8157447052002);
#995=VECTOR('',#3964,0.233328251996204);
#996=VECTOR('',#3965,0.2042553663254);
#997=VECTOR('',#3966,0.233328197209507);
#998=VECTOR('',#3967,0.15);
#999=VECTOR('',#3970,1.384676260962);
#1000=VECTOR('',#3971,10.);
#1001=VECTOR('',#3972,1.384514391443);
#1002=VECTOR('',#3975,1.384514391443);
#1003=VECTOR('',#3976,10.);
#1004=VECTOR('',#3979,1.98);
#1005=VECTOR('',#3980,1.634838130481);
#1006=VECTOR('',#3981,10.);
#1007=VECTOR('',#3984,10.);
#1008=VECTOR('',#3985,10.);
#1009=VECTOR('',#3986,1.65);
#1010=VECTOR('',#3987,5.09);
#1011=VECTOR('',#3988,1.65);
#1012=VECTOR('',#3989,10.);
#1013=VECTOR('',#3990,10.);
#1014=VECTOR('',#3991,1.15);
#1015=VECTOR('',#3994,1.234514391443);
#1016=VECTOR('',#3995,2.5);
#1017=VECTOR('',#3996,1.634838130481);
#1018=VECTOR('',#3997,0.4);
#1019=VECTOR('',#3998,0.1);
#1020=VECTOR('',#4001,0.175);
#1021=VECTOR('',#4002,1.234514391443);
#1022=VECTOR('',#4003,1.15);
#1023=VECTOR('',#4004,0.175);
#1024=VECTOR('',#4005,0.3);
#1025=VECTOR('',#4006,0.8);
#1026=VECTOR('',#4007,0.3);
#1027=VECTOR('',#4010,0.1);
#1028=VECTOR('',#4011,0.175);
#1029=VECTOR('',#4012,0.1);
#1030=VECTOR('',#4015,1.634838130481);
#1031=VECTOR('',#4016,2.5);
#1032=VECTOR('',#4017,0.4);
#1033=VECTOR('',#4020,0.3);
#1034=VECTOR('',#4021,0.8);
#1035=VECTOR('',#4022,0.3);
#1036=VECTOR('',#4023,0.175);
#1037=VECTOR('',#4026,0.175);
#1038=VECTOR('',#4027,0.3);
#1039=VECTOR('',#4028,0.8);
#1040=VECTOR('',#4029,0.3);
#1041=VECTOR('',#4030,0.175);
#1042=VECTOR('',#4031,0.4);
#1043=VECTOR('',#4032,1.15);
#1044=VECTOR('',#4033,0.4);
#1045=VECTOR('',#4036,0.1);
#1046=VECTOR('',#4039,0.1);
#1047=VECTOR('',#4042,0.1);
#1048=VECTOR('',#4047,0.175);
#1049=VECTOR('',#4048,0.1);
#1050=VECTOR('',#4049,0.1);
#1051=VECTOR('',#4052,1.234514391443);
#1052=VECTOR('',#4053,1.15);
#1053=VECTOR('',#4054,1.234514391443);
#1054=VECTOR('',#4055,0.175);
#1055=VECTOR('',#4056,0.3);
#1056=VECTOR('',#4057,0.8);
#1057=VECTOR('',#4058,0.3);
#1058=VECTOR('',#4061,0.1);
#1059=VECTOR('',#4064,0.1);
#1060=VECTOR('',#4067,0.1);
#1061=VECTOR('',#4070,0.1);
#1062=VECTOR('',#4073,2.5);
#1063=VECTOR('',#4074,1.634838130481);
#1064=VECTOR('',#4075,10.);
#1065=VECTOR('',#4078,10.);
#1066=VECTOR('',#4079,10.);
#1067=VECTOR('',#4080,1.65);
#1068=VECTOR('',#4081,5.09);
#1069=VECTOR('',#4082,1.65);
#1070=VECTOR('',#4083,10.);
#1071=VECTOR('',#4084,10.);
#1072=VECTOR('',#4085,10.);
#1073=VECTOR('',#4086,10.);
#1074=VECTOR('',#4089,1.634838130481);
#1075=VECTOR('',#4090,2.5);
#1076=VECTOR('',#4093,1.78);
#1077=VECTOR('',#4094,0.67);
#1078=VECTOR('',#4095,1.16);
#1079=VECTOR('',#4096,0.525);
#1080=VECTOR('',#4097,0.525);
#1081=VECTOR('',#4098,1.98);
#1082=VECTOR('',#4099,6.74);
#1083=VECTOR('',#4100,1.83);
#1084=VECTOR('',#4101,0.67);
#1085=VECTOR('',#4102,0.6);
#1086=VECTOR('',#4103,0.6);
#1087=VECTOR('',#4104,2.);
#1088=VECTOR('',#4105,0.6);
#1089=VECTOR('',#4108,2.69);
#1090=VECTOR('',#4109,0.65);
#1091=VECTOR('',#4110,3.255);
#1092=VECTOR('',#4111,1.25);
#1093=VECTOR('',#4112,2.);
#1094=VECTOR('',#4113,1.25);
#1095=VECTOR('',#4114,3.255);
#1096=VECTOR('',#4115,0.011);
#1097=VECTOR('',#4116,0.64);
#1098=VECTOR('',#4117,0.629);
#1099=VECTOR('',#4118,0.64);
#1100=VECTOR('',#4119,0.86);
#1101=VECTOR('',#4120,0.64);
#1102=VECTOR('',#4121,0.86);
#1103=VECTOR('',#4122,0.64);
#1104=VECTOR('',#4123,0.629);
#1105=VECTOR('',#4124,0.64);
#1106=VECTOR('',#4125,0.011);
#1107=VECTOR('',#4126,3.255);
#1108=VECTOR('',#4127,0.6);
#1109=VECTOR('',#4128,1.25);
#1110=VECTOR('',#4129,2.);
#1111=VECTOR('',#4130,1.25);
#1112=VECTOR('',#4131,1.78);
#1113=VECTOR('',#4132,3.255);
#1114=VECTOR('',#4133,0.65);
#1115=VECTOR('',#4134,2.69);
#1116=VECTOR('',#4135,0.64);
#1117=VECTOR('',#4138,0.67);
#1118=VECTOR('',#4139,0.64);
#1119=VECTOR('',#4140,0.67);
#1120=VECTOR('',#4143,0.64);
#1121=VECTOR('',#4144,3.2);
#1122=VECTOR('',#4145,0.64);
#1123=VECTOR('',#4146,3.2);
#1124=VECTOR('',#4149,0.64);
#1125=VECTOR('',#4150,3.2);
#1126=VECTOR('',#4151,0.64);
#1127=VECTOR('',#4152,3.2);
#1128=VECTOR('',#4155,0.64);
#1129=VECTOR('',#4156,7.069);
#1130=VECTOR('',#4157,2.36);
#1131=VECTOR('',#4158,3.);
#1132=VECTOR('',#4159,7.709);
#1133=VECTOR('',#4162,2.69);
#1134=VECTOR('',#4163,0.63);
#1135=VECTOR('',#4164,0.63);
#1136=VECTOR('',#4167,0.67);
#1137=VECTOR('',#4168,0.63);
#1138=VECTOR('',#4169,0.64);
#1139=VECTOR('',#4170,0.63);
#1140=VECTOR('',#4171,0.64);
#1141=VECTOR('',#4174,0.64);
#1142=VECTOR('',#4175,0.67);
#1143=VECTOR('',#4178,0.64);
#1144=VECTOR('',#4179,3.2);
#1145=VECTOR('',#4180,0.64);
#1146=VECTOR('',#4181,3.2);
#1147=VECTOR('',#4184,0.64);
#1148=VECTOR('',#4185,3.2);
#1149=VECTOR('',#4186,0.64);
#1150=VECTOR('',#4187,3.2);
#1151=VECTOR('',#4190,0.64);
#1152=VECTOR('',#4191,7.709);
#1153=VECTOR('',#4192,3.);
#1154=VECTOR('',#4193,2.36);
#1155=VECTOR('',#4194,7.069);
#1156=VECTOR('',#4197,2.69);
#1157=VECTOR('',#4198,0.63);
#1158=VECTOR('',#4199,0.63);
#1159=VECTOR('',#4202,0.64);
#1160=VECTOR('',#4203,0.63);
#1161=VECTOR('',#4204,0.64);
#1162=VECTOR('',#4205,0.63);
#1163=VECTOR('',#4208,0.67);
#1164=VECTOR('',#4209,0.65);
#1165=VECTOR('',#4210,0.67);
#1166=VECTOR('',#4213,1.586);
#1167=VECTOR('',#4214,1.3);
#1168=VECTOR('',#4215,1.575);
#1169=VECTOR('',#4216,0.67);
#1170=VECTOR('',#4217,0.63);
#1171=VECTOR('',#4220,0.629);
#1172=VECTOR('',#4221,0.63);
#1173=VECTOR('',#4224,0.63);
#1174=VECTOR('',#4225,0.86);
#1175=VECTOR('',#4228,0.67);
#1176=VECTOR('',#4229,3.255);
#1177=VECTOR('',#4232,0.67);
#1178=VECTOR('',#4233,3.255);
#1179=VECTOR('',#4236,0.67);
#1180=VECTOR('',#4237,0.65);
#1181=VECTOR('',#4240,1.586);
#1182=VECTOR('',#4241,0.63);
#1183=VECTOR('',#4242,0.67);
#1184=VECTOR('',#4243,1.575);
#1185=VECTOR('',#4244,1.3);
#1186=VECTOR('',#4247,0.629);
#1187=VECTOR('',#4248,0.63);
#1188=VECTOR('',#4251,0.86);
#1189=VECTOR('',#4252,0.63);
#1190=VECTOR('',#4255,2.005);
#1191=VECTOR('',#4256,0.51);
#1192=VECTOR('',#4259,1.16);
#1193=VECTOR('',#4260,1.985);
#1194=VECTOR('',#4263,3.255);
#1195=VECTOR('',#4264,1.75);
#1196=VECTOR('',#4265,0.255);
#1197=VECTOR('',#4266,1.505);
#1198=VECTOR('',#4269,1.505);
#1199=VECTOR('',#4270,0.255);
#1200=VECTOR('',#4271,1.75);
#1201=VECTOR('',#4272,1.83);
#1202=VECTOR('',#4273,3.255);
#1203=VECTOR('',#4276,1.6);
#1204=VECTOR('',#4279,7.875588664446);
#1205=VECTOR('',#4280,0.567083724000595);
#1206=VECTOR('',#4281,3.880971217115);
#1207=VECTOR('',#4282,0.567083724000595);
#1208=VECTOR('',#4283,7.875588664446);
#1209=VECTOR('',#4284,0.64);
#1210=VECTOR('',#4285,7.2);
#1211=VECTOR('',#4286,1.);
#1212=VECTOR('',#4287,7.2);
#1213=VECTOR('',#4288,1.);
#1214=VECTOR('',#4289,7.2);
#1215=VECTOR('',#4290,1.);
#1216=VECTOR('',#4291,7.2);
#1217=VECTOR('',#4292,1.);
#1218=VECTOR('',#4295,0.8696152422707);
#1219=VECTOR('',#4296,1.75);
#1220=VECTOR('',#4297,2.19);
#1221=VECTOR('',#4298,0.51);
#1222=VECTOR('',#4299,0.51);
#1223=VECTOR('',#4300,3.01);
#1224=VECTOR('',#4301,1.75);
#1225=VECTOR('',#4302,0.8696152422707);
#1226=VECTOR('',#4303,0.502739014152183);
#1227=VECTOR('',#4306,1.064248283956);
#1228=VECTOR('',#4309,0.502739014152183);
#1229=VECTOR('',#4312,0.35);
#1230=VECTOR('',#4313,0.8306623862918);
#1231=VECTOR('',#4316,0.8696152422706);
#1232=VECTOR('',#4317,0.8306623862918);
#1233=VECTOR('',#4318,0.35);
#1234=VECTOR('',#4323,0.8306623862918);
#1235=VECTOR('',#4334,1.);
#1236=VECTOR('',#4335,4.01);
#1237=VECTOR('',#4338,3.19);
#1238=VECTOR('',#4339,1.);
#1239=VECTOR('',#4342,0.51);
#1240=VECTOR('',#4343,0.51);
#1241=VECTOR('',#4350,0.35);
#1242=VECTOR('',#4353,0.8696152422706);
#1243=VECTOR('',#4354,0.35);
#1244=VECTOR('',#4355,0.8306623862918);
#1245=VECTOR('',#4372,0.502739014152183);
#1246=VECTOR('',#4375,1.064248283956);
#1247=VECTOR('',#4378,0.502739014152183);
#1248=VECTOR('',#4379,1.75);
#1249=VECTOR('',#4380,3.01);
#1250=VECTOR('',#4381,0.51);
#1251=VECTOR('',#4382,0.51);
#1252=VECTOR('',#4383,2.19);
#1253=VECTOR('',#4384,1.75);
#1254=VECTOR('',#4413,1.);
#1255=VECTOR('',#4414,3.19);
#1256=VECTOR('',#4417,4.01);
#1257=VECTOR('',#4418,1.);
#1258=VECTOR('',#4421,0.51);
#1259=VECTOR('',#4422,0.51);
#1260=VECTOR('',#4429,0.0564483813150106);
#1261=VECTOR('',#4430,0.62);
#1262=VECTOR('',#4431,0.0564483813150106);
#1263=VECTOR('',#4434,0.974564163430024);
#1264=VECTOR('',#4435,0.28);
#1265=VECTOR('',#4436,1.03189146716103);
#1266=VECTOR('',#4439,0.28);
#1267=VECTOR('',#4440,1.03189146716103);
#1268=VECTOR('',#4443,0.28);
#1269=VECTOR('',#4444,0.974564163430024);
#1270=VECTOR('',#4447,0.28);
#1271=VECTOR('',#4452,1.63170334348199);
#1272=VECTOR('',#4455,2.15392202739798);
#1273=VECTOR('',#4456,0.75);
#1274=VECTOR('',#4457,2.15392202739798);
#1275=VECTOR('',#4460,2.15392202739798);
#1276=VECTOR('',#4461,1.02);
#1277=VECTOR('',#4464,2.15392202739798);
#1278=VECTOR('',#4467,1.384514391443);
#1279=VECTOR('',#4470,2.15392202739798);
#1280=VECTOR('',#4471,0.75);
#1281=VECTOR('',#4474,2.15392202739798);
#1282=VECTOR('',#4475,1.02);
#1283=VECTOR('',#4476,1.63170334348199);
#1284=VECTOR('',#4479,3.880971217115);
#1285=VECTOR('',#4480,2.54);
#1286=VECTOR('',#4481,2.54);
#1287=VECTOR('',#4482,2.54);
#1288=VECTOR('',#4483,2.54);
#1289=VECTOR('',#4484,2.54);
#1290=VECTOR('',#4485,2.54);
#1291=VECTOR('',#4486,1.84);
#1292=VECTOR('',#4487,0.989949493661133);
#1293=VECTOR('',#4488,1.84);
#1294=VECTOR('',#4491,1.75);
#1295=VECTOR('',#4492,6.74);
#1296=VECTOR('',#4493,1.75);
#1297=VECTOR('',#4494,3.65);
#1298=VECTOR('',#4495,3.16);
#1299=VECTOR('',#4496,1.4);
#1300=VECTOR('',#4497,3.16);
#1301=VECTOR('',#4498,1.4);
#1302=VECTOR('',#4501,2.17154323005594);
#1303=VECTOR('',#4502,0.75);
#1304=VECTOR('',#4503,0.65);
#1305=VECTOR('',#4508,1.4);
#1306=VECTOR('',#4513,0.65);
#1307=VECTOR('',#4514,0.75);
#1308=VECTOR('',#4515,2.17154323005594);
#1309=VECTOR('',#4518,1.4);
#1310=VECTOR('',#4521,1.4);
#1311=VECTOR('',#4526,0.255);
#1312=VECTOR('',#4527,1.75);
#1313=VECTOR('',#4530,3.65);
#1314=VECTOR('',#4531,1.75);
#1315=VECTOR('',#4532,0.64);
#1316=VECTOR('',#4535,0.64);
#1317=VECTOR('',#4538,0.64);
#1318=VECTOR('',#4541,0.64);
#1319=VECTOR('',#4544,0.64);
#1320=VECTOR('',#4547,0.64);
#1321=VECTOR('',#4550,0.28);
#1322=VECTOR('',#4551,1.03189146716103);
#1323=VECTOR('',#4552,1.03189146716103);
#1324=VECTOR('',#4555,0.28);
#1325=VECTOR('',#4556,0.28);
#1326=VECTOR('',#4557,0.28);
#1327=VECTOR('',#4560,1.03189146716103);
#1328=VECTOR('',#4563,0.64);
#1329=VECTOR('',#4564,1.03189146716103);
#1330=VECTOR('',#4567,0.64);
#1331=VECTOR('',#4576,0.64);
#1332=VECTOR('',#4577,0.64);
#1333=VECTOR('',#4580,1.03189146716103);
#1334=VECTOR('',#4581,0.28);
#1335=VECTOR('',#4582,1.03189146716103);
#1336=VECTOR('',#4585,0.28);
#1337=VECTOR('',#4586,1.03189146716103);
#1338=VECTOR('',#4589,0.28);
#1339=VECTOR('',#4590,0.28);
#1340=VECTOR('',#4593,1.03189146716103);
#1341=VECTOR('',#4594,0.64);
#1342=VECTOR('',#4597,0.64);
#1343=VECTOR('',#4600,2.54);
#1344=VECTOR('',#4601,2.54);
#1345=VECTOR('',#4602,2.54);
#1346=VECTOR('',#4603,2.54);
#1347=VECTOR('',#4604,0.64);
#1348=VECTOR('',#4605,0.64);
#1349=VECTOR('',#4608,2.54);
#1350=VECTOR('',#4609,1.84);
#1351=VECTOR('',#4610,0.989949493661133);
#1352=VECTOR('',#4611,1.84);
#1353=VECTOR('',#4612,2.54);
#1354=VECTOR('',#4615,6.6);
#1355=VECTOR('',#4616,6.6);
#1356=VECTOR('',#4619,6.6);
#1357=VECTOR('',#4622,6.6);
#1358=VECTOR('',#4627,6.6);
#1359=VECTOR('',#4628,6.6);
#1360=VECTOR('',#4631,6.6);
#1361=VECTOR('',#4634,6.6);
#1362=VECTOR('',#4637,6.6);
#1363=VECTOR('',#4642,0.64);
#1364=VECTOR('',#4645,1.03189146716103);
#1365=VECTOR('',#4646,1.03189146716103);
#1366=VECTOR('',#4647,0.28);
#1367=VECTOR('',#4650,0.28);
#1368=VECTOR('',#4651,1.03189146716103);
#1369=VECTOR('',#4654,0.28);
#1370=VECTOR('',#4655,0.28);
#1371=VECTOR('',#4658,1.03189146716103);
#1372=VECTOR('',#4659,0.64);
#1373=VECTOR('',#4668,0.255);
#1374=VECTOR('',#4673,0.6);
#1375=VECTOR('',#4674,2.);
#1376=VECTOR('',#4675,0.6);
#1377=VECTOR('',#4676,0.67);
#1378=VECTOR('',#4677,0.525);
#1379=VECTOR('',#4678,0.525);
#1380=VECTOR('',#4689,1.25);
#1381=VECTOR('',#4690,0.6);
#1382=VECTOR('',#4693,2.);
#1383=VECTOR('',#4694,0.6);
#1384=VECTOR('',#4697,1.25);
#1385=VECTOR('',#4704,1.384514391443);
#1386=VECTOR('',#4709,1.384676260962);
#1387=VECTOR('',#4712,1.634838130481);
#1388=VECTOR('',#4721,0.6);
#1389=VECTOR('',#4722,1.25);
#1390=VECTOR('',#4725,2.);
#1391=VECTOR('',#4726,1.25);
#1392=VECTOR('',#4729,0.6);
#1393=VECTOR('',#4736,0.05);
#1394=VECTOR('',#4737,1.2);
#1395=VECTOR('',#4738,0.05);
#1396=VECTOR('',#4739,0.18);
#1397=VECTOR('',#4742,0.15);
#1398=VECTOR('',#4743,0.18);
#1399=VECTOR('',#4746,0.05);
#1400=VECTOR('',#4747,0.9957447052002);
#1401=VECTOR('',#4748,0.05);
#1402=VECTOR('',#4751,0.233328251996204);
#1403=VECTOR('',#4752,0.05);
#1404=VECTOR('',#4755,0.2042553663254);
#1405=VECTOR('',#4756,0.05);
#1406=VECTOR('',#4759,0.233328197209507);
#1407=VECTOR('',#4760,0.05);
#1408=VECTOR('',#4763,0.15);
#1409=VECTOR('',#4766,0.15);
#1410=VERTEX_POINT('',#4771);
#1411=VERTEX_POINT('',#4772);
#1412=VERTEX_POINT('',#4774);
#1413=VERTEX_POINT('',#4776);
#1414=VERTEX_POINT('',#4778);
#1415=VERTEX_POINT('',#4782);
#1416=VERTEX_POINT('',#4783);
#1417=VERTEX_POINT('',#4785);
#1418=VERTEX_POINT('',#4787);
#1419=VERTEX_POINT('',#4789);
#1420=VERTEX_POINT('',#4793);
#1421=VERTEX_POINT('',#4795);
#1422=VERTEX_POINT('',#4797);
#1423=VERTEX_POINT('',#4799);
#1424=VERTEX_POINT('',#4803);
#1425=VERTEX_POINT('',#4805);
#1426=VERTEX_POINT('',#4809);
#1427=VERTEX_POINT('',#4811);
#1428=VERTEX_POINT('',#4815);
#1429=VERTEX_POINT('',#4816);
#1430=VERTEX_POINT('',#4821);
#1431=VERTEX_POINT('',#4822);
#1432=VERTEX_POINT('',#4824);
#1433=VERTEX_POINT('',#4826);
#1434=VERTEX_POINT('',#4830);
#1435=VERTEX_POINT('',#4831);
#1436=VERTEX_POINT('',#4834);
#1437=VERTEX_POINT('',#4838);
#1438=VERTEX_POINT('',#4840);
#1439=VERTEX_POINT('',#4844);
#1440=VERTEX_POINT('',#4846);
#1441=VERTEX_POINT('',#4848);
#1442=VERTEX_POINT('',#4852);
#1443=VERTEX_POINT('',#4854);
#1444=VERTEX_POINT('',#4858);
#1445=VERTEX_POINT('',#4862);
#1446=VERTEX_POINT('',#4863);
#1447=VERTEX_POINT('',#4865);
#1448=VERTEX_POINT('',#4867);
#1449=VERTEX_POINT('',#4871);
#1450=VERTEX_POINT('',#4872);
#1451=VERTEX_POINT('',#4874);
#1452=VERTEX_POINT('',#4877);
#1453=VERTEX_POINT('',#4881);
#1454=VERTEX_POINT('',#4883);
#1455=VERTEX_POINT('',#4885);
#1456=VERTEX_POINT('',#4887);
#1457=VERTEX_POINT('',#4891);
#1458=VERTEX_POINT('',#4893);
#1459=VERTEX_POINT('',#4897);
#1460=VERTEX_POINT('',#4899);
#1461=VERTEX_POINT('',#4901);
#1462=VERTEX_POINT('',#4903);
#1463=VERTEX_POINT('',#4906);
#1464=VERTEX_POINT('',#4908);
#1465=VERTEX_POINT('',#4910);
#1466=VERTEX_POINT('',#4912);
#1467=VERTEX_POINT('',#4916);
#1468=VERTEX_POINT('',#4918);
#1469=VERTEX_POINT('',#4922);
#1470=VERTEX_POINT('',#4926);
#1471=VERTEX_POINT('',#4928);
#1472=VERTEX_POINT('',#4932);
#1473=VERTEX_POINT('',#4933);
#1474=VERTEX_POINT('',#4936);
#1475=VERTEX_POINT('',#4938);
#1476=VERTEX_POINT('',#4941);
#1477=VERTEX_POINT('',#4943);
#1478=VERTEX_POINT('',#4947);
#1479=VERTEX_POINT('',#4948);
#1480=VERTEX_POINT('',#4950);
#1481=VERTEX_POINT('',#4953);
#1482=VERTEX_POINT('',#4957);
#1483=VERTEX_POINT('',#4958);
#1484=VERTEX_POINT('',#4960);
#1485=VERTEX_POINT('',#4963);
#1486=VERTEX_POINT('',#4965);
#1487=VERTEX_POINT('',#4967);
#1488=VERTEX_POINT('',#4971);
#1489=VERTEX_POINT('',#4973);
#1490=VERTEX_POINT('',#4977);
#1491=VERTEX_POINT('',#4982);
#1492=VERTEX_POINT('',#4984);
#1493=VERTEX_POINT('',#4986);
#1494=VERTEX_POINT('',#4990);
#1495=VERTEX_POINT('',#4991);
#1496=VERTEX_POINT('',#4993);
#1497=VERTEX_POINT('',#4995);
#1498=VERTEX_POINT('',#4997);
#1499=VERTEX_POINT('',#4999);
#1500=VERTEX_POINT('',#5001);
#1501=VERTEX_POINT('',#5003);
#1502=VERTEX_POINT('',#5014);
#1503=VERTEX_POINT('',#5015);
#1504=VERTEX_POINT('',#5020);
#1505=VERTEX_POINT('',#5022);
#1506=VERTEX_POINT('',#5024);
#1507=VERTEX_POINT('',#5026);
#1508=VERTEX_POINT('',#5028);
#1509=VERTEX_POINT('',#5030);
#1510=VERTEX_POINT('',#5042);
#1511=VERTEX_POINT('',#5044);
#1512=VERTEX_POINT('',#5049);
#1513=VERTEX_POINT('',#5051);
#1514=VERTEX_POINT('',#5053);
#1515=VERTEX_POINT('',#5055);
#1516=VERTEX_POINT('',#5057);
#1517=VERTEX_POINT('',#5059);
#1518=VERTEX_POINT('',#5061);
#1519=VERTEX_POINT('',#5065);
#1520=VERTEX_POINT('',#5069);
#1521=VERTEX_POINT('',#5070);
#1522=VERTEX_POINT('',#5072);
#1523=VERTEX_POINT('',#5076);
#1524=VERTEX_POINT('',#5079);
#1525=VERTEX_POINT('',#5081);
#1526=VERTEX_POINT('',#5083);
#1527=VERTEX_POINT('',#5085);
#1528=VERTEX_POINT('',#5087);
#1529=VERTEX_POINT('',#5089);
#1530=VERTEX_POINT('',#5093);
#1531=VERTEX_POINT('',#5094);
#1532=VERTEX_POINT('',#5096);
#1533=VERTEX_POINT('',#5099);
#1534=VERTEX_POINT('',#5101);
#1535=VERTEX_POINT('',#5104);
#1536=VERTEX_POINT('',#5106);
#1537=VERTEX_POINT('',#5108);
#1538=VERTEX_POINT('',#5110);
#1539=VERTEX_POINT('',#5112);
#1540=VERTEX_POINT('',#5114);
#1541=VERTEX_POINT('',#5116);
#1542=VERTEX_POINT('',#5118);
#1543=VERTEX_POINT('',#5120);
#1544=VERTEX_POINT('',#5122);
#1545=VERTEX_POINT('',#5124);
#1546=VERTEX_POINT('',#5126);
#1547=VERTEX_POINT('',#5128);
#1548=VERTEX_POINT('',#5130);
#1549=VERTEX_POINT('',#5132);
#1550=VERTEX_POINT('',#5134);
#1551=VERTEX_POINT('',#5136);
#1552=VERTEX_POINT('',#5138);
#1553=VERTEX_POINT('',#5140);
#1554=VERTEX_POINT('',#5142);
#1555=VERTEX_POINT('',#5144);
#1556=VERTEX_POINT('',#5148);
#1557=VERTEX_POINT('',#5150);
#1558=VERTEX_POINT('',#5154);
#1559=VERTEX_POINT('',#5155);
#1560=VERTEX_POINT('',#5157);
#1561=VERTEX_POINT('',#5159);
#1562=VERTEX_POINT('',#5163);
#1563=VERTEX_POINT('',#5164);
#1564=VERTEX_POINT('',#5166);
#1565=VERTEX_POINT('',#5168);
#1566=VERTEX_POINT('',#5172);
#1567=VERTEX_POINT('',#5173);
#1568=VERTEX_POINT('',#5175);
#1569=VERTEX_POINT('',#5178);
#1570=VERTEX_POINT('',#5182);
#1571=VERTEX_POINT('',#5183);
#1572=VERTEX_POINT('',#5188);
#1573=VERTEX_POINT('',#5190);
#1574=VERTEX_POINT('',#5192);
#1575=VERTEX_POINT('',#5197);
#1576=VERTEX_POINT('',#5201);
#1577=VERTEX_POINT('',#5202);
#1578=VERTEX_POINT('',#5204);
#1579=VERTEX_POINT('',#5206);
#1580=VERTEX_POINT('',#5210);
#1581=VERTEX_POINT('',#5211);
#1582=VERTEX_POINT('',#5213);
#1583=VERTEX_POINT('',#5215);
#1584=VERTEX_POINT('',#5219);
#1585=VERTEX_POINT('',#5220);
#1586=VERTEX_POINT('',#5222);
#1587=VERTEX_POINT('',#5225);
#1588=VERTEX_POINT('',#5229);
#1589=VERTEX_POINT('',#5230);
#1590=VERTEX_POINT('',#5236);
#1591=VERTEX_POINT('',#5238);
#1592=VERTEX_POINT('',#5242);
#1593=VERTEX_POINT('',#5244);
#1594=VERTEX_POINT('',#5248);
#1595=VERTEX_POINT('',#5249);
#1596=VERTEX_POINT('',#5251);
#1597=VERTEX_POINT('',#5253);
#1598=VERTEX_POINT('',#5258);
#1599=VERTEX_POINT('',#5262);
#1600=VERTEX_POINT('',#5266);
#1601=VERTEX_POINT('',#5270);
#1602=VERTEX_POINT('',#5274);
#1603=VERTEX_POINT('',#5278);
#1604=VERTEX_POINT('',#5279);
#1605=VERTEX_POINT('',#5282);
#1606=VERTEX_POINT('',#5284);
#1607=VERTEX_POINT('',#5288);
#1608=VERTEX_POINT('',#5292);
#1609=VERTEX_POINT('',#5296);
#1610=VERTEX_POINT('',#5304);
#1611=VERTEX_POINT('',#5306);
#1612=VERTEX_POINT('',#5310);
#1613=VERTEX_POINT('',#5312);
#1614=VERTEX_POINT('',#5314);
#1615=VERTEX_POINT('',#5316);
#1616=VERTEX_POINT('',#5322);
#1617=VERTEX_POINT('',#5324);
#1618=VERTEX_POINT('',#5326);
#1619=VERTEX_POINT('',#5328);
#1620=VERTEX_POINT('',#5332);
#1621=VERTEX_POINT('',#5333);
#1622=VERTEX_POINT('',#5335);
#1623=VERTEX_POINT('',#5337);
#1624=VERTEX_POINT('',#5340);
#1625=VERTEX_POINT('',#5341);
#1626=VERTEX_POINT('',#5343);
#1627=VERTEX_POINT('',#5345);
#1628=VERTEX_POINT('',#5349);
#1629=VERTEX_POINT('',#5350);
#1630=VERTEX_POINT('',#5352);
#1631=VERTEX_POINT('',#5354);
#1632=VERTEX_POINT('',#5357);
#1633=VERTEX_POINT('',#5359);
#1634=VERTEX_POINT('',#5361);
#1635=VERTEX_POINT('',#5363);
#1636=VERTEX_POINT('',#5365);
#1637=VERTEX_POINT('',#5367);
#1638=VERTEX_POINT('',#5369);
#1639=VERTEX_POINT('',#5371);
#1640=VERTEX_POINT('',#5375);
#1641=VERTEX_POINT('',#5379);
#1642=VERTEX_POINT('',#5383);
#1643=VERTEX_POINT('',#5384);
#1644=VERTEX_POINT('',#5386);
#1645=VERTEX_POINT('',#5388);
#1646=VERTEX_POINT('',#5394);
#1647=VERTEX_POINT('',#5399);
#1648=VERTEX_POINT('',#5403);
#1649=VERTEX_POINT('',#5407);
#1650=VERTEX_POINT('',#5416);
#1651=VERTEX_POINT('',#5422);
#1652=VERTEX_POINT('',#5423);
#1653=VERTEX_POINT('',#5425);
#1654=VERTEX_POINT('',#5429);
#1655=VERTEX_POINT('',#5440);
#1656=VERTEX_POINT('',#5442);
#1657=VERTEX_POINT('',#5444);
#1658=VERTEX_POINT('',#5446);
#1659=VERTEX_POINT('',#5449);
#1660=VERTEX_POINT('',#5451);
#1661=VERTEX_POINT('',#5454);
#1662=VERTEX_POINT('',#5456);
#1663=VERTEX_POINT('',#5461);
#1664=VERTEX_POINT('',#5474);
#1665=VERTEX_POINT('',#5478);
#1666=VERTEX_POINT('',#5487);
#1667=VERTEX_POINT('',#5489);
#1668=VERTEX_POINT('',#5493);
#1669=VERTEX_POINT('',#5495);
#1670=VERTEX_POINT('',#5499);
#1671=VERTEX_POINT('',#5503);
#1672=VERTEX_POINT('',#5513);
#1673=VERTEX_POINT('',#5524);
#1674=VERTEX_POINT('',#5533);
#1675=VERTEX_POINT('',#5534);
#1676=VERTEX_POINT('',#5536);
#1677=VERTEX_POINT('',#5538);
#1678=VERTEX_POINT('',#5541);
#1679=VERTEX_POINT('',#5542);
#1680=VERTEX_POINT('',#5544);
#1681=VERTEX_POINT('',#5546);
#1682=VERTEX_POINT('',#5548);
#1683=VERTEX_POINT('',#5552);
#1684=VERTEX_POINT('',#5555);
#1685=VERTEX_POINT('',#5558);
#1686=VERTEX_POINT('',#5559);
#1687=VERTEX_POINT('',#5561);
#1688=VERTEX_POINT('',#5563);
#1689=VERTEX_POINT('',#5567);
#1690=VERTEX_POINT('',#5569);
#1691=VERTEX_POINT('',#5571);
#1692=VERTEX_POINT('',#5575);
#1693=VERTEX_POINT('',#5579);
#1694=VERTEX_POINT('',#5581);
#1695=VERTEX_POINT('',#5590);
#1696=VERTEX_POINT('',#5594);
#1697=VERTEX_POINT('',#5609);
#1698=VERTEX_POINT('',#5610);
#1699=VERTEX_POINT('',#5615);
#1700=VERTEX_POINT('',#5617);
#1701=VERTEX_POINT('',#5634);
#1702=VERTEX_POINT('',#5636);
#1703=VERTEX_POINT('',#5640);
#1704=VERTEX_POINT('',#5644);
#1705=VERTEX_POINT('',#5653);
#1706=VERTEX_POINT('',#5654);
#1707=VERTEX_POINT('',#5656);
#1708=VERTEX_POINT('',#5658);
#1709=VERTEX_POINT('',#5664);
#1710=VERTEX_POINT('',#5665);
#1711=VERTEX_POINT('',#5667);
#1712=VERTEX_POINT('',#5669);
#1713=VERTEX_POINT('',#5671);
#1714=VERTEX_POINT('',#5695);
#1715=VERTEX_POINT('',#5697);
#1716=VERTEX_POINT('',#5701);
#1717=VERTEX_POINT('',#5705);
#1718=VERTEX_POINT('',#5718);
#1719=VERTEX_POINT('',#5720);
#1720=VERTEX_POINT('',#5731);
#1721=VERTEX_POINT('',#5735);
#1722=VERTEX_POINT('',#5753);
#1723=VERTEX_POINT('',#5757);
#1724=VERTEX_POINT('',#5765);
#1725=VERTEX_POINT('',#5767);
#1726=VERTEX_POINT('',#5769);
#1727=VERTEX_POINT('',#5773);
#1728=VERTEX_POINT('',#5777);
#1729=VERTEX_POINT('',#5779);
#1730=VERTEX_POINT('',#5783);
#1731=VERTEX_POINT('',#5787);
#1732=VERTEX_POINT('',#5791);
#1733=EDGE_CURVE('',#1410,#1411,#446,.T.);
#1734=EDGE_CURVE('',#1412,#1411,#447,.T.);
#1735=EDGE_CURVE('',#1413,#1412,#448,.T.);
#1736=EDGE_CURVE('',#1414,#1413,#449,.T.);
#1737=EDGE_CURVE('',#1414,#1410,#450,.T.);
#1738=EDGE_CURVE('',#1415,#1416,#451,.T.);
#1739=EDGE_CURVE('',#1415,#1417,#452,.T.);
#1740=EDGE_CURVE('',#1418,#1417,#453,.T.);
#1741=EDGE_CURVE('',#1419,#1418,#454,.T.);
#1742=EDGE_CURVE('',#1416,#1419,#455,.T.);
#1743=EDGE_CURVE('',#1420,#1410,#456,.T.);
#1744=EDGE_CURVE('',#1420,#1421,#457,.T.);
#1745=EDGE_CURVE('',#1422,#1421,#458,.T.);
#1746=EDGE_CURVE('',#1423,#1422,#459,.T.);
#1747=EDGE_CURVE('',#1423,#1411,#460,.T.);
#1748=EDGE_CURVE('',#1423,#1424,#461,.T.);
#1749=EDGE_CURVE('',#1424,#1425,#462,.T.);
#1750=EDGE_CURVE('',#1425,#1412,#463,.T.);
#1751=EDGE_CURVE('',#1426,#1416,#464,.T.);
#1752=EDGE_CURVE('',#1427,#1419,#465,.T.);
#1753=EDGE_CURVE('',#1427,#1426,#466,.T.);
#1754=EDGE_CURVE('',#1428,#1429,#467,.T.);
#1755=EDGE_CURVE('',#1412,#1428,#468,.T.);
#1756=EDGE_CURVE('',#1425,#1429,#469,.T.);
#1757=EDGE_CURVE('',#1430,#1431,#470,.T.);
#1758=EDGE_CURVE('',#1430,#1432,#471,.T.);
#1759=EDGE_CURVE('',#1432,#1433,#472,.T.);
#1760=EDGE_CURVE('',#1433,#1431,#473,.T.);
#1761=EDGE_CURVE('',#1434,#1435,#474,.T.);
#1762=EDGE_CURVE('',#1434,#1428,#475,.T.);
#1763=EDGE_CURVE('',#1429,#1436,#476,.T.);
#1764=EDGE_CURVE('',#1436,#1435,#477,.T.);
#1765=EDGE_CURVE('',#1431,#1437,#478,.T.);
#1766=EDGE_CURVE('',#1438,#1437,#479,.T.);
#1767=EDGE_CURVE('',#1438,#1430,#480,.T.);
#1768=EDGE_CURVE('',#1439,#1438,#481,.T.);
#1769=EDGE_CURVE('',#1440,#1439,#482,.T.);
#1770=EDGE_CURVE('',#1441,#1440,#483,.T.);
#1771=EDGE_CURVE('',#1432,#1441,#484,.T.);
#1772=EDGE_CURVE('',#1436,#1442,#485,.T.);
#1773=EDGE_CURVE('',#1443,#1424,#486,.T.);
#1774=EDGE_CURVE('',#1442,#1443,#487,.T.);
#1775=EDGE_CURVE('',#1444,#1441,#488,.T.);
#1776=EDGE_CURVE('',#1444,#1433,#489,.T.);
#1777=EDGE_CURVE('',#1445,#1446,#490,.T.);
#1778=EDGE_CURVE('',#1447,#1446,#491,.T.);
#1779=EDGE_CURVE('',#1448,#1447,#492,.T.);
#1780=EDGE_CURVE('',#1445,#1448,#493,.T.);
#1781=EDGE_CURVE('',#1449,#1450,#494,.T.);
#1782=EDGE_CURVE('',#1451,#1449,#495,.T.);
#1783=EDGE_CURVE('',#1444,#1451,#496,.T.);
#1784=EDGE_CURVE('',#1452,#1440,#497,.T.);
#1785=EDGE_CURVE('',#1450,#1452,#498,.T.);
#1786=EDGE_CURVE('',#1453,#1445,#499,.T.);
#1787=EDGE_CURVE('',#1453,#1454,#500,.T.);
#1788=EDGE_CURVE('',#1455,#1454,#501,.T.);
#1789=EDGE_CURVE('',#1456,#1455,#502,.T.);
#1790=EDGE_CURVE('',#1446,#1456,#503,.T.);
#1791=EDGE_CURVE('',#1448,#1457,#504,.T.);
#1792=EDGE_CURVE('',#1457,#1458,#505,.T.);
#1793=EDGE_CURVE('',#1453,#1458,#506,.T.);
#1794=EDGE_CURVE('',#1449,#1459,#507,.T.);
#1795=EDGE_CURVE('',#1460,#1450,#508,.T.);
#1796=EDGE_CURVE('',#1461,#1460,#509,.T.);
#1797=EDGE_CURVE('',#1461,#1462,#510,.T.);
#1798=EDGE_CURVE('',#1462,#1444,#511,.T.);
#1799=EDGE_CURVE('',#1463,#1451,#512,.T.);
#1800=EDGE_CURVE('',#1464,#1463,#513,.T.);
#1801=EDGE_CURVE('',#1465,#1464,#514,.T.);
#1802=EDGE_CURVE('',#1466,#1465,#515,.T.);
#1803=EDGE_CURVE('',#1459,#1466,#516,.T.);
#1804=EDGE_CURVE('',#1460,#1467,#517,.T.);
#1805=EDGE_CURVE('',#1467,#1468,#518,.T.);
#1806=EDGE_CURVE('',#1461,#1468,#519,.T.);
#1807=EDGE_CURVE('',#1458,#1469,#520,.T.);
#1808=EDGE_CURVE('',#1469,#1454,#521,.T.);
#1809=EDGE_CURVE('',#1452,#1470,#522,.T.);
#1810=EDGE_CURVE('',#1470,#1471,#523,.T.);
#1811=EDGE_CURVE('',#1467,#1471,#524,.T.);
#1812=EDGE_CURVE('',#1472,#1473,#525,.T.);
#1813=EDGE_CURVE('',#1472,#1455,#526,.T.);
#1814=EDGE_CURVE('',#1469,#1474,#527,.T.);
#1815=EDGE_CURVE('',#1475,#1474,#528,.T.);
#1816=EDGE_CURVE('',#1468,#1475,#529,.T.);
#1817=EDGE_CURVE('',#1471,#1476,#530,.T.);
#1818=EDGE_CURVE('',#1476,#1477,#531,.T.);
#1819=EDGE_CURVE('',#1473,#1477,#532,.T.);
#1820=EDGE_CURVE('',#1478,#1479,#533,.T.);
#1821=EDGE_CURVE('',#1478,#1480,#534,.T.);
#1822=EDGE_CURVE('',#1480,#1472,#535,.T.);
#1823=EDGE_CURVE('',#1481,#1473,#536,.T.);
#1824=EDGE_CURVE('',#1479,#1481,#537,.T.);
#1825=EDGE_CURVE('',#1482,#1483,#538,.T.);
#1826=EDGE_CURVE('',#1484,#1482,#539,.T.);
#1827=EDGE_CURVE('',#1484,#1478,#540,.T.);
#1828=EDGE_CURVE('',#1479,#1485,#541,.T.);
#1829=EDGE_CURVE('',#1486,#1485,#542,.T.);
#1830=EDGE_CURVE('',#1487,#1486,#543,.T.);
#1831=EDGE_CURVE('',#1483,#1487,#544,.T.);
#1832=EDGE_CURVE('',#1483,#1488,#545,.T.);
#1833=EDGE_CURVE('',#1489,#1488,#546,.T.);
#1834=EDGE_CURVE('',#1482,#1489,#547,.T.);
#1835=EDGE_CURVE('',#1490,#1476,#548,.T.);
#1836=EDGE_CURVE('',#1490,#1484,#549,.T.);
#1837=EDGE_CURVE('',#1477,#1489,#550,.T.);
#1838=EDGE_CURVE('',#1488,#1491,#551,.T.);
#1839=EDGE_CURVE('',#1491,#1492,#552,.T.);
#1840=EDGE_CURVE('',#1492,#1493,#553,.T.);
#1841=EDGE_CURVE('',#1493,#1481,#554,.T.);
#1842=EDGE_CURVE('',#1494,#1495,#555,.T.);
#1843=EDGE_CURVE('',#1495,#1496,#556,.T.);
#1844=EDGE_CURVE('',#1496,#1497,#557,.T.);
#1845=EDGE_CURVE('',#1497,#1498,#558,.T.);
#1846=EDGE_CURVE('',#1498,#1499,#559,.T.);
#1847=EDGE_CURVE('',#1499,#1500,#560,.T.);
#1848=EDGE_CURVE('',#1500,#1501,#561,.T.);
#1849=EDGE_CURVE('',#1501,#1494,#562,.T.);
#1850=EDGE_CURVE('',#1485,#1493,#563,.T.);
#1851=EDGE_CURVE('',#1486,#1492,#564,.T.);
#1852=EDGE_CURVE('',#1487,#1491,#565,.T.);
#1853=EDGE_CURVE('',#1502,#1503,#566,.T.);
#1854=EDGE_CURVE('',#1503,#1495,#567,.T.);
#1855=EDGE_CURVE('',#1502,#1494,#568,.T.);
#1856=EDGE_CURVE('',#1504,#1502,#569,.T.);
#1857=EDGE_CURVE('',#1505,#1504,#570,.T.);
#1858=EDGE_CURVE('',#1505,#1506,#571,.T.);
#1859=EDGE_CURVE('',#1506,#1507,#572,.T.);
#1860=EDGE_CURVE('',#1508,#1507,#573,.T.);
#1861=EDGE_CURVE('',#1509,#1508,#574,.T.);
#1862=EDGE_CURVE('',#1503,#1509,#575,.T.);
#1863=EDGE_CURVE('',#1509,#1496,#576,.T.);
#1864=EDGE_CURVE('',#1508,#1497,#577,.T.);
#1865=EDGE_CURVE('',#1507,#1498,#578,.T.);
#1866=EDGE_CURVE('',#1506,#1499,#579,.T.);
#1867=EDGE_CURVE('',#1510,#1505,#580,.T.);
#1868=EDGE_CURVE('',#1510,#1511,#581,.T.);
#1869=EDGE_CURVE('',#1511,#1500,#582,.T.);
#1870=EDGE_CURVE('',#1421,#1511,#583,.T.);
#1871=EDGE_CURVE('',#1420,#1512,#584,.T.);
#1872=EDGE_CURVE('',#1513,#1512,#585,.T.);
#1873=EDGE_CURVE('',#1513,#1514,#586,.T.);
#1874=EDGE_CURVE('',#1514,#1515,#587,.T.);
#1875=EDGE_CURVE('',#1515,#1516,#588,.T.);
#1876=EDGE_CURVE('',#1517,#1516,#589,.T.);
#1877=EDGE_CURVE('',#1518,#1517,#590,.T.);
#1878=EDGE_CURVE('',#1518,#1501,#591,.T.);
#1879=EDGE_CURVE('',#1519,#1518,#592,.T.);
#1880=EDGE_CURVE('',#1504,#1519,#593,.T.);
#1881=EDGE_CURVE('',#1520,#1521,#594,.T.);
#1882=EDGE_CURVE('',#1522,#1520,#595,.T.);
#1883=EDGE_CURVE('',#1522,#1443,#596,.T.);
#1884=EDGE_CURVE('',#1422,#1510,#597,.T.);
#1885=EDGE_CURVE('',#1519,#1523,#598,.T.);
#1886=EDGE_CURVE('',#1426,#1523,#599,.T.);
#1887=EDGE_CURVE('',#1524,#1427,#600,.T.);
#1888=EDGE_CURVE('',#1524,#1525,#601,.T.);
#1889=EDGE_CURVE('',#1525,#1526,#602,.T.);
#1890=EDGE_CURVE('',#1527,#1526,#603,.T.);
#1891=EDGE_CURVE('',#1527,#1528,#604,.T.);
#1892=EDGE_CURVE('',#1528,#1529,#605,.T.);
#1893=EDGE_CURVE('',#1529,#1521,#606,.T.);
#1894=EDGE_CURVE('',#1530,#1531,#607,.T.);
#1895=EDGE_CURVE('',#1531,#1532,#608,.T.);
#1896=EDGE_CURVE('',#1520,#1532,#609,.T.);
#1897=EDGE_CURVE('',#1533,#1521,#610,.T.);
#1898=EDGE_CURVE('',#1533,#1534,#611,.T.);
#1899=EDGE_CURVE('',#1527,#1534,#612,.T.);
#1900=EDGE_CURVE('',#1535,#1526,#613,.T.);
#1901=EDGE_CURVE('',#1536,#1535,#614,.T.);
#1902=EDGE_CURVE('',#1537,#1536,#615,.T.);
#1903=EDGE_CURVE('',#1538,#1537,#616,.T.);
#1904=EDGE_CURVE('',#1539,#1538,#617,.T.);
#1905=EDGE_CURVE('',#1540,#1539,#618,.T.);
#1906=EDGE_CURVE('',#1541,#1540,#619,.T.);
#1907=EDGE_CURVE('',#1541,#1542,#620,.T.);
#1908=EDGE_CURVE('',#1542,#1543,#621,.T.);
#1909=EDGE_CURVE('',#1543,#1544,#622,.T.);
#1910=EDGE_CURVE('',#1544,#1545,#623,.T.);
#1911=EDGE_CURVE('',#1545,#1546,#624,.T.);
#1912=EDGE_CURVE('',#1547,#1546,#625,.T.);
#1913=EDGE_CURVE('',#1548,#1547,#626,.T.);
#1914=EDGE_CURVE('',#1549,#1548,#627,.T.);
#1915=EDGE_CURVE('',#1550,#1549,#628,.T.);
#1916=EDGE_CURVE('',#1551,#1550,#629,.T.);
#1917=EDGE_CURVE('',#1552,#1551,#630,.T.);
#1918=EDGE_CURVE('',#1553,#1552,#631,.T.);
#1919=EDGE_CURVE('',#1554,#1553,#632,.T.);
#1920=EDGE_CURVE('',#1555,#1554,#633,.T.);
#1921=EDGE_CURVE('',#1555,#1530,#634,.T.);
#1922=EDGE_CURVE('',#1556,#1538,#635,.T.);
#1923=EDGE_CURVE('',#1557,#1556,#636,.T.);
#1924=EDGE_CURVE('',#1539,#1557,#637,.T.);
#1925=EDGE_CURVE('',#1558,#1559,#638,.T.);
#1926=EDGE_CURVE('',#1560,#1559,#639,.T.);
#1927=EDGE_CURVE('',#1561,#1560,#640,.T.);
#1928=EDGE_CURVE('',#1558,#1561,#641,.T.);
#1929=EDGE_CURVE('',#1562,#1563,#642,.T.);
#1930=EDGE_CURVE('',#1564,#1563,#643,.T.);
#1931=EDGE_CURVE('',#1565,#1564,#644,.T.);
#1932=EDGE_CURVE('',#1562,#1565,#645,.T.);
#1933=EDGE_CURVE('',#1566,#1567,#646,.T.);
#1934=EDGE_CURVE('',#1568,#1567,#647,.T.);
#1935=EDGE_CURVE('',#1537,#1568,#648,.T.);
#1936=EDGE_CURVE('',#1569,#1536,#649,.T.);
#1937=EDGE_CURVE('',#1566,#1569,#650,.T.);
#1938=EDGE_CURVE('',#1570,#1571,#651,.T.);
#1939=EDGE_CURVE('',#1531,#1571,#652,.T.);
#1940=EDGE_CURVE('',#1530,#1570,#653,.T.);
#1941=EDGE_CURVE('',#1542,#1572,#654,.T.);
#1942=EDGE_CURVE('',#1573,#1542,#655,.T.);
#1943=EDGE_CURVE('',#1574,#1573,#656,.T.);
#1944=EDGE_CURVE('',#1539,#1574,#657,.T.);
#1945=EDGE_CURVE('',#1572,#1557,#658,.T.);
#1946=EDGE_CURVE('',#1572,#1575,#659,.T.);
#1947=EDGE_CURVE('',#1575,#1543,#660,.T.);
#1948=EDGE_CURVE('',#1576,#1577,#661,.T.);
#1949=EDGE_CURVE('',#1577,#1578,#662,.T.);
#1950=EDGE_CURVE('',#1578,#1579,#663,.T.);
#1951=EDGE_CURVE('',#1579,#1576,#664,.T.);
#1952=EDGE_CURVE('',#1580,#1581,#665,.T.);
#1953=EDGE_CURVE('',#1581,#1582,#666,.T.);
#1954=EDGE_CURVE('',#1582,#1583,#667,.T.);
#1955=EDGE_CURVE('',#1583,#1580,#668,.T.);
#1956=EDGE_CURVE('',#1584,#1585,#669,.T.);
#1957=EDGE_CURVE('',#1585,#1586,#670,.T.);
#1958=EDGE_CURVE('',#1586,#1545,#671,.T.);
#1959=EDGE_CURVE('',#1544,#1587,#672,.T.);
#1960=EDGE_CURVE('',#1587,#1584,#673,.T.);
#1961=EDGE_CURVE('',#1588,#1589,#674,.T.);
#1962=EDGE_CURVE('',#1588,#1555,#675,.T.);
#1963=EDGE_CURVE('',#1554,#1589,#676,.T.);
#1964=EDGE_CURVE('',#1575,#1556,#677,.T.);
#1965=EDGE_CURVE('',#1538,#1590,#678,.T.);
#1966=EDGE_CURVE('',#1590,#1591,#679,.T.);
#1967=EDGE_CURVE('',#1591,#1543,#680,.T.);
#1968=EDGE_CURVE('',#1592,#1553,#681,.T.);
#1969=EDGE_CURVE('',#1592,#1593,#682,.T.);
#1970=EDGE_CURVE('',#1593,#1554,#683,.T.);
#1971=EDGE_CURVE('',#1594,#1595,#684,.T.);
#1972=EDGE_CURVE('',#1596,#1594,#685,.T.);
#1973=EDGE_CURVE('',#1597,#1596,#686,.T.);
#1974=EDGE_CURVE('',#1546,#1597,#687,.T.);
#1975=EDGE_CURVE('',#1595,#1545,#688,.T.);
#1976=EDGE_CURVE('',#1598,#1591,#689,.T.);
#1977=EDGE_CURVE('',#1598,#1544,#690,.T.);
#1978=EDGE_CURVE('',#1599,#1541,#691,.T.);
#1979=EDGE_CURVE('',#1573,#1599,#692,.T.);
#1980=EDGE_CURVE('',#1600,#1532,#693,.T.);
#1981=EDGE_CURVE('',#1522,#1600,#694,.T.);
#1982=EDGE_CURVE('',#1601,#1552,#695,.T.);
#1983=EDGE_CURVE('',#1592,#1601,#696,.T.);
#1984=EDGE_CURVE('',#1602,#1531,#697,.T.);
#1985=EDGE_CURVE('',#1600,#1602,#698,.T.);
#1986=EDGE_CURVE('',#1603,#1604,#699,.T.);
#1987=EDGE_CURVE('',#1536,#1604,#700,.T.);
#1988=EDGE_CURVE('',#1535,#1605,#701,.T.);
#1989=EDGE_CURVE('',#1605,#1606,#702,.T.);
#1990=EDGE_CURVE('',#1606,#1603,#703,.T.);
#1991=EDGE_CURVE('',#1607,#1590,#704,.T.);
#1992=EDGE_CURVE('',#1537,#1607,#705,.T.);
#1993=EDGE_CURVE('',#1574,#1608,#706,.T.);
#1994=EDGE_CURVE('',#1608,#1540,#707,.T.);
#1995=EDGE_CURVE('',#1602,#1609,#708,.T.);
#1996=EDGE_CURVE('',#1442,#1609,#709,.T.);
#1997=EDGE_CURVE('',#1601,#1439,#710,.T.);
#1998=EDGE_CURVE('',#1437,#1593,#711,.T.);
#1999=EDGE_CURVE('',#1605,#1525,#712,.T.);
#2000=EDGE_CURVE('',#1610,#1524,#713,.T.);
#2001=EDGE_CURVE('',#1611,#1610,#714,.T.);
#2002=EDGE_CURVE('',#1611,#1606,#715,.T.);
#2003=EDGE_CURVE('',#1596,#1612,#716,.T.);
#2004=EDGE_CURVE('',#1612,#1613,#717,.T.);
#2005=EDGE_CURVE('',#1614,#1613,#718,.T.);
#2006=EDGE_CURVE('',#1614,#1615,#719,.T.);
#2007=EDGE_CURVE('',#1615,#1597,#720,.T.);
#2008=EDGE_CURVE('',#1435,#1609,#721,.T.);
#2009=EDGE_CURVE('',#1616,#1431,#722,.T.);
#2010=EDGE_CURVE('',#1616,#1617,#723,.T.);
#2011=EDGE_CURVE('',#1618,#1617,#724,.T.);
#2012=EDGE_CURVE('',#1618,#1619,#725,.T.);
#2013=EDGE_CURVE('',#1619,#1434,#726,.T.);
#2014=EDGE_CURVE('',#1571,#1589,#727,.T.);
#2015=EDGE_CURVE('',#1620,#1621,#728,.T.);
#2016=EDGE_CURVE('',#1621,#1622,#729,.T.);
#2017=EDGE_CURVE('',#1623,#1622,#730,.T.);
#2018=EDGE_CURVE('',#1623,#1620,#731,.T.);
#2019=EDGE_CURVE('',#1624,#1625,#732,.T.);
#2020=EDGE_CURVE('',#1626,#1625,#733,.T.);
#2021=EDGE_CURVE('',#1627,#1626,#734,.T.);
#2022=EDGE_CURVE('',#1624,#1627,#735,.T.);
#2023=EDGE_CURVE('',#1628,#1629,#736,.T.);
#2024=EDGE_CURVE('',#1629,#1630,#737,.T.);
#2025=EDGE_CURVE('',#1631,#1630,#738,.T.);
#2026=EDGE_CURVE('',#1625,#1631,#739,.T.);
#2027=EDGE_CURVE('',#1624,#1632,#740,.T.);
#2028=EDGE_CURVE('',#1633,#1632,#741,.T.);
#2029=EDGE_CURVE('',#1634,#1633,#742,.T.);
#2030=EDGE_CURVE('',#1635,#1634,#743,.T.);
#2031=EDGE_CURVE('',#1636,#1635,#744,.T.);
#2032=EDGE_CURVE('',#1637,#1636,#28,.T.);
#2033=EDGE_CURVE('',#1638,#1637,#745,.T.);
#2034=EDGE_CURVE('',#1638,#1639,#29,.T.);
#2035=EDGE_CURVE('',#1639,#1628,#746,.T.);
#2036=EDGE_CURVE('',#1640,#1628,#24,.T.);
#2037=EDGE_CURVE('',#1641,#1640,#747,.T.);
#2038=EDGE_CURVE('',#1641,#1629,#748,.T.);
#2039=EDGE_CURVE('',#1642,#1643,#749,.T.);
#2040=EDGE_CURVE('',#1644,#1643,#750,.T.);
#2041=EDGE_CURVE('',#1645,#1644,#751,.T.);
#2042=EDGE_CURVE('',#1645,#1642,#25,.T.);
#2043=EDGE_CURVE('',#1646,#1641,#30,.T.);
#2044=EDGE_CURVE('',#1646,#1634,#752,.T.);
#2045=EDGE_CURVE('',#1634,#1629,#31,.T.);
#2046=EDGE_CURVE('',#1633,#1647,#32,.T.);
#2047=EDGE_CURVE('',#1647,#1630,#33,.T.);
#2048=EDGE_CURVE('',#1632,#1648,#753,.T.);
#2049=EDGE_CURVE('',#1648,#1647,#754,.T.);
#2050=EDGE_CURVE('',#1647,#1649,#755,.T.);
#2051=EDGE_CURVE('',#1649,#1631,#756,.T.);
#2052=EDGE_CURVE('',#1627,#1648,#757,.T.);
#2053=EDGE_CURVE('',#1626,#1649,#758,.T.);
#2054=EDGE_CURVE('',#1646,#1650,#759,.T.);
#2055=EDGE_CURVE('',#1635,#1650,#26,.T.);
#2056=EDGE_CURVE('',#1651,#1652,#760,.T.);
#2057=EDGE_CURVE('',#1651,#1653,#27,.T.);
#2058=EDGE_CURVE('',#1653,#1654,#761,.T.);
#2059=EDGE_CURVE('',#1654,#1652,#762,.T.);
#2060=EDGE_CURVE('',#1636,#1639,#34,.T.);
#2061=EDGE_CURVE('',#1650,#1640,#35,.T.);
#2062=EDGE_CURVE('',#1637,#1638,#36,.T.);
#2063=EDGE_CURVE('',#1655,#1642,#763,.T.);
#2064=EDGE_CURVE('',#1656,#1655,#37,.T.);
#2065=EDGE_CURVE('',#1656,#1657,#764,.T.);
#2066=EDGE_CURVE('',#1657,#1658,#38,.T.);
#2067=EDGE_CURVE('',#1658,#1651,#765,.T.);
#2068=EDGE_CURVE('',#1652,#1659,#766,.T.);
#2069=EDGE_CURVE('',#1659,#1660,#767,.T.);
#2070=EDGE_CURVE('',#1621,#1660,#768,.T.);
#2071=EDGE_CURVE('',#1620,#1661,#769,.T.);
#2072=EDGE_CURVE('',#1661,#1662,#770,.T.);
#2073=EDGE_CURVE('',#1643,#1662,#771,.T.);
#2074=EDGE_CURVE('',#1652,#1643,#39,.T.);
#2075=EDGE_CURVE('',#1663,#1662,#40,.T.);
#2076=EDGE_CURVE('',#1659,#1663,#41,.T.);
#2077=EDGE_CURVE('',#1654,#1644,#42,.T.);
#2078=EDGE_CURVE('',#1653,#1645,#43,.T.);
#2079=EDGE_CURVE('',#1658,#1655,#44,.T.);
#2080=EDGE_CURVE('',#1657,#1656,#45,.T.);
#2081=EDGE_CURVE('',#1664,#1661,#772,.T.);
#2082=EDGE_CURVE('',#1663,#1664,#773,.T.);
#2083=EDGE_CURVE('',#1665,#1663,#774,.T.);
#2084=EDGE_CURVE('',#1660,#1665,#775,.T.);
#2085=EDGE_CURVE('',#1622,#1665,#776,.T.);
#2086=EDGE_CURVE('',#1623,#1664,#777,.T.);
#2087=EDGE_CURVE('',#1570,#1666,#778,.T.);
#2088=EDGE_CURVE('',#1667,#1666,#779,.T.);
#2089=EDGE_CURVE('',#1588,#1667,#780,.T.);
#2090=EDGE_CURVE('',#1668,#1667,#781,.T.);
#2091=EDGE_CURVE('',#1668,#1669,#782,.T.);
#2092=EDGE_CURVE('',#1555,#1669,#783,.T.);
#2093=EDGE_CURVE('',#1669,#1670,#784,.T.);
#2094=EDGE_CURVE('',#1670,#1530,#785,.T.);
#2095=EDGE_CURVE('',#1670,#1671,#786,.T.);
#2096=EDGE_CURVE('',#1671,#1666,#787,.T.);
#2097=EDGE_CURVE('',#1668,#1671,#788,.T.);
#2098=EDGE_CURVE('',#1619,#1413,#789,.T.);
#2099=EDGE_CURVE('',#1514,#1417,#790,.T.);
#2100=EDGE_CURVE('',#1672,#1514,#791,.T.);
#2101=EDGE_CURVE('',#1672,#1418,#792,.T.);
#2102=EDGE_CURVE('',#1513,#1414,#793,.T.);
#2103=EDGE_CURVE('',#1513,#1618,#794,.T.);
#2104=EDGE_CURVE('',#1458,#1474,#795,.T.);
#2105=EDGE_CURVE('',#1515,#1417,#796,.T.);
#2106=EDGE_CURVE('',#1457,#1673,#797,.T.);
#2107=EDGE_CURVE('',#1673,#1474,#798,.T.);
#2108=EDGE_CURVE('',#1461,#1475,#799,.T.);
#2109=EDGE_CURVE('',#1475,#1617,#800,.T.);
#2110=EDGE_CURVE('',#1462,#1616,#801,.T.);
#2111=EDGE_CURVE('',#1672,#1673,#802,.T.);
#2112=EDGE_CURVE('',#1674,#1675,#803,.T.);
#2113=EDGE_CURVE('',#1676,#1674,#804,.T.);
#2114=EDGE_CURVE('',#1677,#1676,#805,.T.);
#2115=EDGE_CURVE('',#1675,#1677,#806,.T.);
#2116=EDGE_CURVE('',#1678,#1679,#807,.T.);
#2117=EDGE_CURVE('',#1680,#1678,#808,.T.);
#2118=EDGE_CURVE('',#1681,#1680,#809,.T.);
#2119=EDGE_CURVE('',#1682,#1681,#810,.T.);
#2120=EDGE_CURVE('',#1679,#1682,#811,.T.);
#2121=EDGE_CURVE('',#1610,#1683,#812,.T.);
#2122=EDGE_CURVE('',#1447,#1614,#813,.T.);
#2123=EDGE_CURVE('',#1613,#1684,#814,.T.);
#2124=EDGE_CURVE('',#1683,#1684,#815,.T.);
#2125=EDGE_CURVE('',#1685,#1686,#816,.T.);
#2126=EDGE_CURVE('',#1686,#1687,#817,.T.);
#2127=EDGE_CURVE('',#1688,#1687,#818,.T.);
#2128=EDGE_CURVE('',#1685,#1688,#819,.T.);
#2129=EDGE_CURVE('',#1689,#1685,#820,.T.);
#2130=EDGE_CURVE('',#1690,#1689,#821,.T.);
#2131=EDGE_CURVE('',#1691,#1690,#822,.T.);
#2132=EDGE_CURVE('',#1686,#1691,#46,.T.);
#2133=EDGE_CURVE('',#1691,#1692,#823,.T.);
#2134=EDGE_CURVE('',#1687,#1692,#47,.T.);
#2135=EDGE_CURVE('',#1692,#1693,#824,.T.);
#2136=EDGE_CURVE('',#1693,#1694,#825,.T.);
#2137=EDGE_CURVE('',#1694,#1688,#826,.T.);
#2138=EDGE_CURVE('',#1689,#1694,#827,.T.);
#2139=EDGE_CURVE('',#1690,#1693,#828,.T.);
#2140=EDGE_CURVE('',#1683,#1695,#829,.T.);
#2141=EDGE_CURVE('',#1611,#1695,#830,.T.);
#2142=EDGE_CURVE('',#1695,#1696,#831,.T.);
#2143=EDGE_CURVE('',#1696,#1612,#832,.T.);
#2144=EDGE_CURVE('',#1603,#1594,#833,.T.);
#2145=EDGE_CURVE('',#1604,#1595,#834,.T.);
#2146=EDGE_CURVE('',#1607,#1598,#835,.T.);
#2147=EDGE_CURVE('',#1608,#1599,#836,.T.);
#2148=EDGE_CURVE('',#1586,#1569,#837,.T.);
#2149=EDGE_CURVE('',#1585,#1566,#838,.T.);
#2150=EDGE_CURVE('',#1697,#1698,#839,.T.);
#2151=EDGE_CURVE('',#1698,#1566,#840,.T.);
#2152=EDGE_CURVE('',#1585,#1697,#841,.T.);
#2153=EDGE_CURVE('',#1699,#1697,#842,.T.);
#2154=EDGE_CURVE('',#1699,#1700,#843,.T.);
#2155=EDGE_CURVE('',#1698,#1700,#844,.T.);
#2156=EDGE_CURVE('',#1700,#1567,#845,.T.);
#2157=EDGE_CURVE('',#1584,#1567,#846,.T.);
#2158=EDGE_CURVE('',#1699,#1584,#847,.T.);
#2159=EDGE_CURVE('',#1587,#1568,#848,.T.);
#2160=EDGE_CURVE('',#1580,#1563,#849,.T.);
#2161=EDGE_CURVE('',#1564,#1583,#850,.T.);
#2162=EDGE_CURVE('',#1701,#1563,#851,.T.);
#2163=EDGE_CURVE('',#1702,#1701,#852,.T.);
#2164=EDGE_CURVE('',#1702,#1580,#853,.T.);
#2165=EDGE_CURVE('',#1702,#1703,#854,.T.);
#2166=EDGE_CURVE('',#1581,#1703,#855,.T.);
#2167=EDGE_CURVE('',#1703,#1704,#856,.T.);
#2168=EDGE_CURVE('',#1704,#1701,#857,.T.);
#2169=EDGE_CURVE('',#1704,#1562,#858,.T.);
#2170=EDGE_CURVE('',#1581,#1562,#859,.T.);
#2171=EDGE_CURVE('',#1565,#1582,#860,.T.);
#2172=EDGE_CURVE('',#1705,#1706,#861,.T.);
#2173=EDGE_CURVE('',#1706,#1707,#862,.T.);
#2174=EDGE_CURVE('',#1707,#1708,#863,.T.);
#2175=EDGE_CURVE('',#1708,#1705,#864,.T.);
#2176=EDGE_CURVE('',#1561,#1578,#865,.T.);
#2177=EDGE_CURVE('',#1560,#1579,#866,.T.);
#2178=EDGE_CURVE('',#1709,#1710,#867,.T.);
#2179=EDGE_CURVE('',#1710,#1711,#868,.T.);
#2180=EDGE_CURVE('',#1711,#1712,#869,.T.);
#2181=EDGE_CURVE('',#1712,#1713,#870,.T.);
#2182=EDGE_CURVE('',#1713,#1709,#871,.T.);
#2183=EDGE_CURVE('',#1675,#1706,#872,.T.);
#2184=EDGE_CURVE('',#1674,#1705,#873,.T.);
#2185=EDGE_CURVE('',#1676,#1708,#874,.T.);
#2186=EDGE_CURVE('',#1677,#1707,#875,.T.);
#2187=EDGE_CURVE('',#1679,#1710,#876,.T.);
#2188=EDGE_CURVE('',#1678,#1709,#877,.T.);
#2189=EDGE_CURVE('',#1680,#1713,#878,.T.);
#2190=EDGE_CURVE('',#1681,#1712,#879,.T.);
#2191=EDGE_CURVE('',#1682,#1711,#880,.T.);
#2192=EDGE_CURVE('',#1576,#1559,#881,.T.);
#2193=EDGE_CURVE('',#1714,#1576,#882,.T.);
#2194=EDGE_CURVE('',#1559,#1715,#883,.T.);
#2195=EDGE_CURVE('',#1714,#1715,#884,.T.);
#2196=EDGE_CURVE('',#1714,#1716,#885,.T.);
#2197=EDGE_CURVE('',#1577,#1716,#886,.T.);
#2198=EDGE_CURVE('',#1716,#1717,#887,.T.);
#2199=EDGE_CURVE('',#1717,#1715,#888,.T.);
#2200=EDGE_CURVE('',#1717,#1558,#889,.T.);
#2201=EDGE_CURVE('',#1577,#1558,#890,.T.);
#2202=EDGE_CURVE('',#1684,#1696,#891,.T.);
#2203=EDGE_CURVE('',#1718,#1551,#892,.T.);
#2204=EDGE_CURVE('',#1719,#1718,#893,.T.);
#2205=EDGE_CURVE('',#1548,#1719,#894,.T.);
#2206=EDGE_CURVE('',#1615,#1547,#895,.T.);
#2207=EDGE_CURVE('',#1480,#1456,#896,.T.);
#2208=EDGE_CURVE('',#1470,#1490,#897,.T.);
#2209=EDGE_CURVE('',#1719,#1720,#898,.T.);
#2210=EDGE_CURVE('',#1549,#1720,#899,.T.);
#2211=EDGE_CURVE('',#1720,#1721,#900,.T.);
#2212=EDGE_CURVE('',#1721,#1550,#901,.T.);
#2213=EDGE_CURVE('',#1718,#1721,#902,.T.);
#2214=EDGE_CURVE('',#1512,#1414,#903,.T.);
#2215=EDGE_CURVE('',#1516,#1415,#904,.T.);
#2216=EDGE_CURVE('',#1523,#1517,#905,.T.);
#2217=EDGE_CURVE('',#1534,#1722,#906,.T.);
#2218=EDGE_CURVE('',#1528,#1722,#907,.T.);
#2219=EDGE_CURVE('',#1722,#1723,#908,.T.);
#2220=EDGE_CURVE('',#1529,#1723,#909,.T.);
#2221=EDGE_CURVE('',#1723,#1533,#910,.T.);
#2222=EDGE_CURVE('',#1459,#1724,#911,.T.);
#2223=EDGE_CURVE('',#1725,#1724,#912,.T.);
#2224=EDGE_CURVE('',#1726,#1725,#913,.T.);
#2225=EDGE_CURVE('',#1726,#1449,#914,.T.);
#2226=EDGE_CURVE('',#1727,#1726,#915,.T.);
#2227=EDGE_CURVE('',#1451,#1727,#916,.T.);
#2228=EDGE_CURVE('',#1727,#1728,#917,.T.);
#2229=EDGE_CURVE('',#1729,#1728,#918,.T.);
#2230=EDGE_CURVE('',#1463,#1729,#919,.T.);
#2231=EDGE_CURVE('',#1730,#1729,#920,.T.);
#2232=EDGE_CURVE('',#1464,#1730,#921,.T.);
#2233=EDGE_CURVE('',#1731,#1730,#922,.T.);
#2234=EDGE_CURVE('',#1465,#1731,#923,.T.);
#2235=EDGE_CURVE('',#1732,#1731,#924,.T.);
#2236=EDGE_CURVE('',#1466,#1732,#925,.T.);
#2237=EDGE_CURVE('',#1724,#1732,#926,.T.);
#2238=EDGE_CURVE('',#1728,#1725,#927,.T.);
#2239=ORIENTED_EDGE('',*,*,#1733,.T.);
#2240=ORIENTED_EDGE('',*,*,#1734,.F.);
#2241=ORIENTED_EDGE('',*,*,#1735,.F.);
#2242=ORIENTED_EDGE('',*,*,#1736,.F.);
#2243=ORIENTED_EDGE('',*,*,#1737,.T.);
#2244=ORIENTED_EDGE('',*,*,#1738,.F.);
#2245=ORIENTED_EDGE('',*,*,#1739,.T.);
#2246=ORIENTED_EDGE('',*,*,#1740,.F.);
#2247=ORIENTED_EDGE('',*,*,#1741,.F.);
#2248=ORIENTED_EDGE('',*,*,#1742,.F.);
#2249=ORIENTED_EDGE('',*,*,#1733,.F.);
#2250=ORIENTED_EDGE('',*,*,#1743,.F.);
#2251=ORIENTED_EDGE('',*,*,#1744,.T.);
#2252=ORIENTED_EDGE('',*,*,#1745,.F.);
#2253=ORIENTED_EDGE('',*,*,#1746,.F.);
#2254=ORIENTED_EDGE('',*,*,#1747,.T.);
#2255=ORIENTED_EDGE('',*,*,#1747,.F.);
#2256=ORIENTED_EDGE('',*,*,#1748,.T.);
#2257=ORIENTED_EDGE('',*,*,#1749,.T.);
#2258=ORIENTED_EDGE('',*,*,#1750,.T.);
#2259=ORIENTED_EDGE('',*,*,#1734,.T.);
#2260=ORIENTED_EDGE('',*,*,#1751,.T.);
#2261=ORIENTED_EDGE('',*,*,#1742,.T.);
#2262=ORIENTED_EDGE('',*,*,#1752,.F.);
#2263=ORIENTED_EDGE('',*,*,#1753,.T.);
#2264=ORIENTED_EDGE('',*,*,#1754,.F.);
#2265=ORIENTED_EDGE('',*,*,#1755,.F.);
#2266=ORIENTED_EDGE('',*,*,#1750,.F.);
#2267=ORIENTED_EDGE('',*,*,#1756,.T.);
#2268=ORIENTED_EDGE('',*,*,#1757,.F.);
#2269=ORIENTED_EDGE('',*,*,#1758,.T.);
#2270=ORIENTED_EDGE('',*,*,#1759,.T.);
#2271=ORIENTED_EDGE('',*,*,#1760,.T.);
#2272=ORIENTED_EDGE('',*,*,#1761,.F.);
#2273=ORIENTED_EDGE('',*,*,#1762,.T.);
#2274=ORIENTED_EDGE('',*,*,#1754,.T.);
#2275=ORIENTED_EDGE('',*,*,#1763,.T.);
#2276=ORIENTED_EDGE('',*,*,#1764,.T.);
#2277=ORIENTED_EDGE('',*,*,#1757,.T.);
#2278=ORIENTED_EDGE('',*,*,#1765,.T.);
#2279=ORIENTED_EDGE('',*,*,#1766,.F.);
#2280=ORIENTED_EDGE('',*,*,#1767,.T.);
#2281=ORIENTED_EDGE('',*,*,#1767,.F.);
#2282=ORIENTED_EDGE('',*,*,#1768,.F.);
#2283=ORIENTED_EDGE('',*,*,#1769,.F.);
#2284=ORIENTED_EDGE('',*,*,#1770,.F.);
#2285=ORIENTED_EDGE('',*,*,#1771,.F.);
#2286=ORIENTED_EDGE('',*,*,#1758,.F.);
#2287=ORIENTED_EDGE('',*,*,#1772,.F.);
#2288=ORIENTED_EDGE('',*,*,#1763,.F.);
#2289=ORIENTED_EDGE('',*,*,#1756,.F.);
#2290=ORIENTED_EDGE('',*,*,#1749,.F.);
#2291=ORIENTED_EDGE('',*,*,#1773,.F.);
#2292=ORIENTED_EDGE('',*,*,#1774,.F.);
#2293=ORIENTED_EDGE('',*,*,#1775,.F.);
#2294=ORIENTED_EDGE('',*,*,#1776,.T.);
#2295=ORIENTED_EDGE('',*,*,#1759,.F.);
#2296=ORIENTED_EDGE('',*,*,#1771,.T.);
#2297=ORIENTED_EDGE('',*,*,#1777,.T.);
#2298=ORIENTED_EDGE('',*,*,#1778,.F.);
#2299=ORIENTED_EDGE('',*,*,#1779,.F.);
#2300=ORIENTED_EDGE('',*,*,#1780,.F.);
#2301=ORIENTED_EDGE('',*,*,#1781,.F.);
#2302=ORIENTED_EDGE('',*,*,#1782,.F.);
#2303=ORIENTED_EDGE('',*,*,#1783,.F.);
#2304=ORIENTED_EDGE('',*,*,#1775,.T.);
#2305=ORIENTED_EDGE('',*,*,#1770,.T.);
#2306=ORIENTED_EDGE('',*,*,#1784,.F.);
#2307=ORIENTED_EDGE('',*,*,#1785,.F.);
#2308=ORIENTED_EDGE('',*,*,#1786,.F.);
#2309=ORIENTED_EDGE('',*,*,#1787,.T.);
#2310=ORIENTED_EDGE('',*,*,#1788,.F.);
#2311=ORIENTED_EDGE('',*,*,#1789,.F.);
#2312=ORIENTED_EDGE('',*,*,#1790,.F.);
#2313=ORIENTED_EDGE('',*,*,#1777,.F.);
#2314=ORIENTED_EDGE('',*,*,#1786,.T.);
#2315=ORIENTED_EDGE('',*,*,#1780,.T.);
#2316=ORIENTED_EDGE('',*,*,#1791,.T.);
#2317=ORIENTED_EDGE('',*,*,#1792,.T.);
#2318=ORIENTED_EDGE('',*,*,#1793,.F.);
#2319=ORIENTED_EDGE('',*,*,#1794,.F.);
#2320=ORIENTED_EDGE('',*,*,#1781,.T.);
#2321=ORIENTED_EDGE('',*,*,#1795,.F.);
#2322=ORIENTED_EDGE('',*,*,#1796,.F.);
#2323=ORIENTED_EDGE('',*,*,#1797,.T.);
#2324=ORIENTED_EDGE('',*,*,#1798,.T.);
#2325=ORIENTED_EDGE('',*,*,#1783,.T.);
#2326=ORIENTED_EDGE('',*,*,#1799,.F.);
#2327=ORIENTED_EDGE('',*,*,#1800,.F.);
#2328=ORIENTED_EDGE('',*,*,#1801,.F.);
#2329=ORIENTED_EDGE('',*,*,#1802,.F.);
#2330=ORIENTED_EDGE('',*,*,#1803,.F.);
#2331=ORIENTED_EDGE('',*,*,#1804,.T.);
#2332=ORIENTED_EDGE('',*,*,#1805,.T.);
#2333=ORIENTED_EDGE('',*,*,#1806,.F.);
#2334=ORIENTED_EDGE('',*,*,#1796,.T.);
#2335=ORIENTED_EDGE('',*,*,#1787,.F.);
#2336=ORIENTED_EDGE('',*,*,#1793,.T.);
#2337=ORIENTED_EDGE('',*,*,#1807,.T.);
#2338=ORIENTED_EDGE('',*,*,#1808,.T.);
#2339=ORIENTED_EDGE('',*,*,#1795,.T.);
#2340=ORIENTED_EDGE('',*,*,#1785,.T.);
#2341=ORIENTED_EDGE('',*,*,#1809,.T.);
#2342=ORIENTED_EDGE('',*,*,#1810,.T.);
#2343=ORIENTED_EDGE('',*,*,#1811,.F.);
#2344=ORIENTED_EDGE('',*,*,#1804,.F.);
#2345=ORIENTED_EDGE('',*,*,#1812,.F.);
#2346=ORIENTED_EDGE('',*,*,#1813,.T.);
#2347=ORIENTED_EDGE('',*,*,#1788,.T.);
#2348=ORIENTED_EDGE('',*,*,#1808,.F.);
#2349=ORIENTED_EDGE('',*,*,#1814,.T.);
#2350=ORIENTED_EDGE('',*,*,#1815,.F.);
#2351=ORIENTED_EDGE('',*,*,#1816,.F.);
#2352=ORIENTED_EDGE('',*,*,#1805,.F.);
#2353=ORIENTED_EDGE('',*,*,#1811,.T.);
#2354=ORIENTED_EDGE('',*,*,#1817,.T.);
#2355=ORIENTED_EDGE('',*,*,#1818,.T.);
#2356=ORIENTED_EDGE('',*,*,#1819,.F.);
#2357=ORIENTED_EDGE('',*,*,#1820,.F.);
#2358=ORIENTED_EDGE('',*,*,#1821,.T.);
#2359=ORIENTED_EDGE('',*,*,#1822,.T.);
#2360=ORIENTED_EDGE('',*,*,#1812,.T.);
#2361=ORIENTED_EDGE('',*,*,#1823,.F.);
#2362=ORIENTED_EDGE('',*,*,#1824,.F.);
#2363=ORIENTED_EDGE('',*,*,#1825,.F.);
#2364=ORIENTED_EDGE('',*,*,#1826,.F.);
#2365=ORIENTED_EDGE('',*,*,#1827,.T.);
#2366=ORIENTED_EDGE('',*,*,#1820,.T.);
#2367=ORIENTED_EDGE('',*,*,#1828,.T.);
#2368=ORIENTED_EDGE('',*,*,#1829,.F.);
#2369=ORIENTED_EDGE('',*,*,#1830,.F.);
#2370=ORIENTED_EDGE('',*,*,#1831,.F.);
#2371=ORIENTED_EDGE('',*,*,#1825,.T.);
#2372=ORIENTED_EDGE('',*,*,#1832,.T.);
#2373=ORIENTED_EDGE('',*,*,#1833,.F.);
#2374=ORIENTED_EDGE('',*,*,#1834,.F.);
#2375=ORIENTED_EDGE('',*,*,#1818,.F.);
#2376=ORIENTED_EDGE('',*,*,#1835,.F.);
#2377=ORIENTED_EDGE('',*,*,#1836,.T.);
#2378=ORIENTED_EDGE('',*,*,#1826,.T.);
#2379=ORIENTED_EDGE('',*,*,#1834,.T.);
#2380=ORIENTED_EDGE('',*,*,#1837,.F.);
#2381=ORIENTED_EDGE('',*,*,#1823,.T.);
#2382=ORIENTED_EDGE('',*,*,#1819,.T.);
#2383=ORIENTED_EDGE('',*,*,#1837,.T.);
#2384=ORIENTED_EDGE('',*,*,#1833,.T.);
#2385=ORIENTED_EDGE('',*,*,#1838,.T.);
#2386=ORIENTED_EDGE('',*,*,#1839,.T.);
#2387=ORIENTED_EDGE('',*,*,#1840,.T.);
#2388=ORIENTED_EDGE('',*,*,#1841,.T.);
#2389=ORIENTED_EDGE('',*,*,#1842,.T.);
#2390=ORIENTED_EDGE('',*,*,#1843,.T.);
#2391=ORIENTED_EDGE('',*,*,#1844,.T.);
#2392=ORIENTED_EDGE('',*,*,#1845,.T.);
#2393=ORIENTED_EDGE('',*,*,#1846,.T.);
#2394=ORIENTED_EDGE('',*,*,#1847,.T.);
#2395=ORIENTED_EDGE('',*,*,#1848,.T.);
#2396=ORIENTED_EDGE('',*,*,#1849,.T.);
#2397=ORIENTED_EDGE('',*,*,#1828,.F.);
#2398=ORIENTED_EDGE('',*,*,#1824,.T.);
#2399=ORIENTED_EDGE('',*,*,#1841,.F.);
#2400=ORIENTED_EDGE('',*,*,#1850,.F.);
#2401=ORIENTED_EDGE('',*,*,#1829,.T.);
#2402=ORIENTED_EDGE('',*,*,#1850,.T.);
#2403=ORIENTED_EDGE('',*,*,#1840,.F.);
#2404=ORIENTED_EDGE('',*,*,#1851,.F.);
#2405=ORIENTED_EDGE('',*,*,#1830,.T.);
#2406=ORIENTED_EDGE('',*,*,#1851,.T.);
#2407=ORIENTED_EDGE('',*,*,#1839,.F.);
#2408=ORIENTED_EDGE('',*,*,#1852,.F.);
#2409=ORIENTED_EDGE('',*,*,#1831,.T.);
#2410=ORIENTED_EDGE('',*,*,#1852,.T.);
#2411=ORIENTED_EDGE('',*,*,#1838,.F.);
#2412=ORIENTED_EDGE('',*,*,#1832,.F.);
#2413=ORIENTED_EDGE('',*,*,#1853,.T.);
#2414=ORIENTED_EDGE('',*,*,#1854,.T.);
#2415=ORIENTED_EDGE('',*,*,#1842,.F.);
#2416=ORIENTED_EDGE('',*,*,#1855,.F.);
#2417=ORIENTED_EDGE('',*,*,#1853,.F.);
#2418=ORIENTED_EDGE('',*,*,#1856,.F.);
#2419=ORIENTED_EDGE('',*,*,#1857,.F.);
#2420=ORIENTED_EDGE('',*,*,#1858,.T.);
#2421=ORIENTED_EDGE('',*,*,#1859,.T.);
#2422=ORIENTED_EDGE('',*,*,#1860,.F.);
#2423=ORIENTED_EDGE('',*,*,#1861,.F.);
#2424=ORIENTED_EDGE('',*,*,#1862,.F.);
#2425=ORIENTED_EDGE('',*,*,#1862,.T.);
#2426=ORIENTED_EDGE('',*,*,#1863,.T.);
#2427=ORIENTED_EDGE('',*,*,#1843,.F.);
#2428=ORIENTED_EDGE('',*,*,#1854,.F.);
#2429=ORIENTED_EDGE('',*,*,#1861,.T.);
#2430=ORIENTED_EDGE('',*,*,#1864,.T.);
#2431=ORIENTED_EDGE('',*,*,#1844,.F.);
#2432=ORIENTED_EDGE('',*,*,#1863,.F.);
#2433=ORIENTED_EDGE('',*,*,#1860,.T.);
#2434=ORIENTED_EDGE('',*,*,#1865,.T.);
#2435=ORIENTED_EDGE('',*,*,#1845,.F.);
#2436=ORIENTED_EDGE('',*,*,#1864,.F.);
#2437=ORIENTED_EDGE('',*,*,#1859,.F.);
#2438=ORIENTED_EDGE('',*,*,#1866,.T.);
#2439=ORIENTED_EDGE('',*,*,#1846,.F.);
#2440=ORIENTED_EDGE('',*,*,#1865,.F.);
#2441=ORIENTED_EDGE('',*,*,#1858,.F.);
#2442=ORIENTED_EDGE('',*,*,#1867,.F.);
#2443=ORIENTED_EDGE('',*,*,#1868,.T.);
#2444=ORIENTED_EDGE('',*,*,#1869,.T.);
#2445=ORIENTED_EDGE('',*,*,#1847,.F.);
#2446=ORIENTED_EDGE('',*,*,#1866,.F.);
#2447=ORIENTED_EDGE('',*,*,#1869,.F.);
#2448=ORIENTED_EDGE('',*,*,#1870,.F.);
#2449=ORIENTED_EDGE('',*,*,#1744,.F.);
#2450=ORIENTED_EDGE('',*,*,#1871,.T.);
#2451=ORIENTED_EDGE('',*,*,#1872,.F.);
#2452=ORIENTED_EDGE('',*,*,#1873,.T.);
#2453=ORIENTED_EDGE('',*,*,#1874,.T.);
#2454=ORIENTED_EDGE('',*,*,#1875,.T.);
#2455=ORIENTED_EDGE('',*,*,#1876,.F.);
#2456=ORIENTED_EDGE('',*,*,#1877,.F.);
#2457=ORIENTED_EDGE('',*,*,#1878,.T.);
#2458=ORIENTED_EDGE('',*,*,#1848,.F.);
#2459=ORIENTED_EDGE('',*,*,#1878,.F.);
#2460=ORIENTED_EDGE('',*,*,#1879,.F.);
#2461=ORIENTED_EDGE('',*,*,#1880,.F.);
#2462=ORIENTED_EDGE('',*,*,#1856,.T.);
#2463=ORIENTED_EDGE('',*,*,#1855,.T.);
#2464=ORIENTED_EDGE('',*,*,#1849,.F.);
#2465=ORIENTED_EDGE('',*,*,#1881,.F.);
#2466=ORIENTED_EDGE('',*,*,#1882,.F.);
#2467=ORIENTED_EDGE('',*,*,#1883,.T.);
#2468=ORIENTED_EDGE('',*,*,#1773,.T.);
#2469=ORIENTED_EDGE('',*,*,#1748,.F.);
#2470=ORIENTED_EDGE('',*,*,#1746,.T.);
#2471=ORIENTED_EDGE('',*,*,#1884,.T.);
#2472=ORIENTED_EDGE('',*,*,#1867,.T.);
#2473=ORIENTED_EDGE('',*,*,#1857,.T.);
#2474=ORIENTED_EDGE('',*,*,#1880,.T.);
#2475=ORIENTED_EDGE('',*,*,#1885,.T.);
#2476=ORIENTED_EDGE('',*,*,#1886,.F.);
#2477=ORIENTED_EDGE('',*,*,#1753,.F.);
#2478=ORIENTED_EDGE('',*,*,#1887,.F.);
#2479=ORIENTED_EDGE('',*,*,#1888,.T.);
#2480=ORIENTED_EDGE('',*,*,#1889,.T.);
#2481=ORIENTED_EDGE('',*,*,#1890,.F.);
#2482=ORIENTED_EDGE('',*,*,#1891,.T.);
#2483=ORIENTED_EDGE('',*,*,#1892,.T.);
#2484=ORIENTED_EDGE('',*,*,#1893,.T.);
#2485=ORIENTED_EDGE('',*,*,#1894,.T.);
#2486=ORIENTED_EDGE('',*,*,#1895,.T.);
#2487=ORIENTED_EDGE('',*,*,#1896,.F.);
#2488=ORIENTED_EDGE('',*,*,#1881,.T.);
#2489=ORIENTED_EDGE('',*,*,#1897,.F.);
#2490=ORIENTED_EDGE('',*,*,#1898,.T.);
#2491=ORIENTED_EDGE('',*,*,#1899,.F.);
#2492=ORIENTED_EDGE('',*,*,#1890,.T.);
#2493=ORIENTED_EDGE('',*,*,#1900,.F.);
#2494=ORIENTED_EDGE('',*,*,#1901,.F.);
#2495=ORIENTED_EDGE('',*,*,#1902,.F.);
#2496=ORIENTED_EDGE('',*,*,#1903,.F.);
#2497=ORIENTED_EDGE('',*,*,#1904,.F.);
#2498=ORIENTED_EDGE('',*,*,#1905,.F.);
#2499=ORIENTED_EDGE('',*,*,#1906,.F.);
#2500=ORIENTED_EDGE('',*,*,#1907,.T.);
#2501=ORIENTED_EDGE('',*,*,#1908,.T.);
#2502=ORIENTED_EDGE('',*,*,#1909,.T.);
#2503=ORIENTED_EDGE('',*,*,#1910,.T.);
#2504=ORIENTED_EDGE('',*,*,#1911,.T.);
#2505=ORIENTED_EDGE('',*,*,#1912,.F.);
#2506=ORIENTED_EDGE('',*,*,#1913,.F.);
#2507=ORIENTED_EDGE('',*,*,#1914,.F.);
#2508=ORIENTED_EDGE('',*,*,#1915,.F.);
#2509=ORIENTED_EDGE('',*,*,#1916,.F.);
#2510=ORIENTED_EDGE('',*,*,#1917,.F.);
#2511=ORIENTED_EDGE('',*,*,#1918,.F.);
#2512=ORIENTED_EDGE('',*,*,#1919,.F.);
#2513=ORIENTED_EDGE('',*,*,#1920,.F.);
#2514=ORIENTED_EDGE('',*,*,#1921,.T.);
#2515=ORIENTED_EDGE('',*,*,#1904,.T.);
#2516=ORIENTED_EDGE('',*,*,#1922,.F.);
#2517=ORIENTED_EDGE('',*,*,#1923,.F.);
#2518=ORIENTED_EDGE('',*,*,#1924,.F.);
#2519=ORIENTED_EDGE('',*,*,#1925,.T.);
#2520=ORIENTED_EDGE('',*,*,#1926,.F.);
#2521=ORIENTED_EDGE('',*,*,#1927,.F.);
#2522=ORIENTED_EDGE('',*,*,#1928,.F.);
#2523=ORIENTED_EDGE('',*,*,#1929,.T.);
#2524=ORIENTED_EDGE('',*,*,#1930,.F.);
#2525=ORIENTED_EDGE('',*,*,#1931,.F.);
#2526=ORIENTED_EDGE('',*,*,#1932,.F.);
#2527=ORIENTED_EDGE('',*,*,#1933,.T.);
#2528=ORIENTED_EDGE('',*,*,#1934,.F.);
#2529=ORIENTED_EDGE('',*,*,#1935,.F.);
#2530=ORIENTED_EDGE('',*,*,#1902,.T.);
#2531=ORIENTED_EDGE('',*,*,#1936,.F.);
#2532=ORIENTED_EDGE('',*,*,#1937,.F.);
#2533=ORIENTED_EDGE('',*,*,#1938,.T.);
#2534=ORIENTED_EDGE('',*,*,#1939,.F.);
#2535=ORIENTED_EDGE('',*,*,#1894,.F.);
#2536=ORIENTED_EDGE('',*,*,#1940,.T.);
#2537=ORIENTED_EDGE('',*,*,#1941,.F.);
#2538=ORIENTED_EDGE('',*,*,#1942,.F.);
#2539=ORIENTED_EDGE('',*,*,#1943,.F.);
#2540=ORIENTED_EDGE('',*,*,#1944,.F.);
#2541=ORIENTED_EDGE('',*,*,#1924,.T.);
#2542=ORIENTED_EDGE('',*,*,#1945,.F.);
#2543=ORIENTED_EDGE('',*,*,#1908,.F.);
#2544=ORIENTED_EDGE('',*,*,#1941,.T.);
#2545=ORIENTED_EDGE('',*,*,#1946,.T.);
#2546=ORIENTED_EDGE('',*,*,#1947,.T.);
#2547=ORIENTED_EDGE('',*,*,#1948,.T.);
#2548=ORIENTED_EDGE('',*,*,#1949,.T.);
#2549=ORIENTED_EDGE('',*,*,#1950,.T.);
#2550=ORIENTED_EDGE('',*,*,#1951,.T.);
#2551=ORIENTED_EDGE('',*,*,#1952,.T.);
#2552=ORIENTED_EDGE('',*,*,#1953,.T.);
#2553=ORIENTED_EDGE('',*,*,#1954,.T.);
#2554=ORIENTED_EDGE('',*,*,#1955,.T.);
#2555=ORIENTED_EDGE('',*,*,#1956,.T.);
#2556=ORIENTED_EDGE('',*,*,#1957,.T.);
#2557=ORIENTED_EDGE('',*,*,#1958,.T.);
#2558=ORIENTED_EDGE('',*,*,#1910,.F.);
#2559=ORIENTED_EDGE('',*,*,#1959,.T.);
#2560=ORIENTED_EDGE('',*,*,#1960,.T.);
#2561=ORIENTED_EDGE('',*,*,#1961,.F.);
#2562=ORIENTED_EDGE('',*,*,#1962,.T.);
#2563=ORIENTED_EDGE('',*,*,#1920,.T.);
#2564=ORIENTED_EDGE('',*,*,#1963,.T.);
#2565=ORIENTED_EDGE('',*,*,#1947,.F.);
#2566=ORIENTED_EDGE('',*,*,#1964,.T.);
#2567=ORIENTED_EDGE('',*,*,#1922,.T.);
#2568=ORIENTED_EDGE('',*,*,#1965,.T.);
#2569=ORIENTED_EDGE('',*,*,#1966,.T.);
#2570=ORIENTED_EDGE('',*,*,#1967,.T.);
#2571=ORIENTED_EDGE('',*,*,#1968,.F.);
#2572=ORIENTED_EDGE('',*,*,#1969,.T.);
#2573=ORIENTED_EDGE('',*,*,#1970,.T.);
#2574=ORIENTED_EDGE('',*,*,#1919,.T.);
#2575=ORIENTED_EDGE('',*,*,#1971,.F.);
#2576=ORIENTED_EDGE('',*,*,#1972,.F.);
#2577=ORIENTED_EDGE('',*,*,#1973,.F.);
#2578=ORIENTED_EDGE('',*,*,#1974,.F.);
#2579=ORIENTED_EDGE('',*,*,#1911,.F.);
#2580=ORIENTED_EDGE('',*,*,#1975,.F.);
#2581=ORIENTED_EDGE('',*,*,#1976,.F.);
#2582=ORIENTED_EDGE('',*,*,#1977,.T.);
#2583=ORIENTED_EDGE('',*,*,#1909,.F.);
#2584=ORIENTED_EDGE('',*,*,#1967,.F.);
#2585=ORIENTED_EDGE('',*,*,#1907,.F.);
#2586=ORIENTED_EDGE('',*,*,#1978,.F.);
#2587=ORIENTED_EDGE('',*,*,#1979,.F.);
#2588=ORIENTED_EDGE('',*,*,#1942,.T.);
#2589=ORIENTED_EDGE('',*,*,#1980,.F.);
#2590=ORIENTED_EDGE('',*,*,#1981,.F.);
#2591=ORIENTED_EDGE('',*,*,#1882,.T.);
#2592=ORIENTED_EDGE('',*,*,#1896,.T.);
#2593=ORIENTED_EDGE('',*,*,#1968,.T.);
#2594=ORIENTED_EDGE('',*,*,#1918,.T.);
#2595=ORIENTED_EDGE('',*,*,#1982,.F.);
#2596=ORIENTED_EDGE('',*,*,#1983,.F.);
#2597=ORIENTED_EDGE('',*,*,#1980,.T.);
#2598=ORIENTED_EDGE('',*,*,#1895,.F.);
#2599=ORIENTED_EDGE('',*,*,#1984,.F.);
#2600=ORIENTED_EDGE('',*,*,#1985,.F.);
#2601=ORIENTED_EDGE('',*,*,#1986,.T.);
#2602=ORIENTED_EDGE('',*,*,#1987,.F.);
#2603=ORIENTED_EDGE('',*,*,#1901,.T.);
#2604=ORIENTED_EDGE('',*,*,#1988,.T.);
#2605=ORIENTED_EDGE('',*,*,#1989,.T.);
#2606=ORIENTED_EDGE('',*,*,#1990,.T.);
#2607=ORIENTED_EDGE('',*,*,#1991,.T.);
#2608=ORIENTED_EDGE('',*,*,#1965,.F.);
#2609=ORIENTED_EDGE('',*,*,#1903,.T.);
#2610=ORIENTED_EDGE('',*,*,#1992,.T.);
#2611=ORIENTED_EDGE('',*,*,#1905,.T.);
#2612=ORIENTED_EDGE('',*,*,#1944,.T.);
#2613=ORIENTED_EDGE('',*,*,#1993,.T.);
#2614=ORIENTED_EDGE('',*,*,#1994,.T.);
#2615=ORIENTED_EDGE('',*,*,#1985,.T.);
#2616=ORIENTED_EDGE('',*,*,#1995,.T.);
#2617=ORIENTED_EDGE('',*,*,#1996,.F.);
#2618=ORIENTED_EDGE('',*,*,#1774,.T.);
#2619=ORIENTED_EDGE('',*,*,#1883,.F.);
#2620=ORIENTED_EDGE('',*,*,#1981,.T.);
#2621=ORIENTED_EDGE('',*,*,#1969,.F.);
#2622=ORIENTED_EDGE('',*,*,#1983,.T.);
#2623=ORIENTED_EDGE('',*,*,#1997,.T.);
#2624=ORIENTED_EDGE('',*,*,#1768,.T.);
#2625=ORIENTED_EDGE('',*,*,#1766,.T.);
#2626=ORIENTED_EDGE('',*,*,#1998,.T.);
#2627=ORIENTED_EDGE('',*,*,#1989,.F.);
#2628=ORIENTED_EDGE('',*,*,#1999,.T.);
#2629=ORIENTED_EDGE('',*,*,#1888,.F.);
#2630=ORIENTED_EDGE('',*,*,#2000,.F.);
#2631=ORIENTED_EDGE('',*,*,#2001,.F.);
#2632=ORIENTED_EDGE('',*,*,#2002,.T.);
#2633=ORIENTED_EDGE('',*,*,#1973,.T.);
#2634=ORIENTED_EDGE('',*,*,#2003,.T.);
#2635=ORIENTED_EDGE('',*,*,#2004,.T.);
#2636=ORIENTED_EDGE('',*,*,#2005,.F.);
#2637=ORIENTED_EDGE('',*,*,#2006,.T.);
#2638=ORIENTED_EDGE('',*,*,#2007,.T.);
#2639=ORIENTED_EDGE('',*,*,#1764,.F.);
#2640=ORIENTED_EDGE('',*,*,#1772,.T.);
#2641=ORIENTED_EDGE('',*,*,#1996,.T.);
#2642=ORIENTED_EDGE('',*,*,#2008,.F.);
#2643=ORIENTED_EDGE('',*,*,#1963,.F.);
#2644=ORIENTED_EDGE('',*,*,#1970,.F.);
#2645=ORIENTED_EDGE('',*,*,#1998,.F.);
#2646=ORIENTED_EDGE('',*,*,#1765,.F.);
#2647=ORIENTED_EDGE('',*,*,#2009,.F.);
#2648=ORIENTED_EDGE('',*,*,#2010,.T.);
#2649=ORIENTED_EDGE('',*,*,#2011,.F.);
#2650=ORIENTED_EDGE('',*,*,#2012,.T.);
#2651=ORIENTED_EDGE('',*,*,#2013,.T.);
#2652=ORIENTED_EDGE('',*,*,#1761,.T.);
#2653=ORIENTED_EDGE('',*,*,#2008,.T.);
#2654=ORIENTED_EDGE('',*,*,#1995,.F.);
#2655=ORIENTED_EDGE('',*,*,#1984,.T.);
#2656=ORIENTED_EDGE('',*,*,#1939,.T.);
#2657=ORIENTED_EDGE('',*,*,#2014,.T.);
#2658=ORIENTED_EDGE('',*,*,#2015,.T.);
#2659=ORIENTED_EDGE('',*,*,#2016,.T.);
#2660=ORIENTED_EDGE('',*,*,#2017,.F.);
#2661=ORIENTED_EDGE('',*,*,#2018,.T.);
#2662=ORIENTED_EDGE('',*,*,#2019,.T.);
#2663=ORIENTED_EDGE('',*,*,#2020,.F.);
#2664=ORIENTED_EDGE('',*,*,#2021,.F.);
#2665=ORIENTED_EDGE('',*,*,#2022,.F.);
#2666=ORIENTED_EDGE('',*,*,#2023,.T.);
#2667=ORIENTED_EDGE('',*,*,#2024,.T.);
#2668=ORIENTED_EDGE('',*,*,#2025,.F.);
#2669=ORIENTED_EDGE('',*,*,#2026,.F.);
#2670=ORIENTED_EDGE('',*,*,#2019,.F.);
#2671=ORIENTED_EDGE('',*,*,#2027,.T.);
#2672=ORIENTED_EDGE('',*,*,#2028,.F.);
#2673=ORIENTED_EDGE('',*,*,#2029,.F.);
#2674=ORIENTED_EDGE('',*,*,#2030,.F.);
#2675=ORIENTED_EDGE('',*,*,#2031,.F.);
#2676=ORIENTED_EDGE('',*,*,#2032,.F.);
#2677=ORIENTED_EDGE('',*,*,#2033,.F.);
#2678=ORIENTED_EDGE('',*,*,#2034,.T.);
#2679=ORIENTED_EDGE('',*,*,#2035,.T.);
#2680=ORIENTED_EDGE('',*,*,#2023,.F.);
#2681=ORIENTED_EDGE('',*,*,#2036,.F.);
#2682=ORIENTED_EDGE('',*,*,#2037,.F.);
#2683=ORIENTED_EDGE('',*,*,#2038,.T.);
#2684=ORIENTED_EDGE('',*,*,#2039,.T.);
#2685=ORIENTED_EDGE('',*,*,#2040,.F.);
#2686=ORIENTED_EDGE('',*,*,#2041,.F.);
#2687=ORIENTED_EDGE('',*,*,#2042,.T.);
#2688=ORIENTED_EDGE('',*,*,#2038,.F.);
#2689=ORIENTED_EDGE('',*,*,#2043,.F.);
#2690=ORIENTED_EDGE('',*,*,#2044,.T.);
#2691=ORIENTED_EDGE('',*,*,#2045,.T.);
#2692=ORIENTED_EDGE('',*,*,#2045,.F.);
#2693=ORIENTED_EDGE('',*,*,#2029,.T.);
#2694=ORIENTED_EDGE('',*,*,#2046,.T.);
#2695=ORIENTED_EDGE('',*,*,#2047,.T.);
#2696=ORIENTED_EDGE('',*,*,#2024,.F.);
#2697=ORIENTED_EDGE('',*,*,#2046,.F.);
#2698=ORIENTED_EDGE('',*,*,#2028,.T.);
#2699=ORIENTED_EDGE('',*,*,#2048,.T.);
#2700=ORIENTED_EDGE('',*,*,#2049,.T.);
#2701=ORIENTED_EDGE('',*,*,#2047,.F.);
#2702=ORIENTED_EDGE('',*,*,#2050,.T.);
#2703=ORIENTED_EDGE('',*,*,#2051,.T.);
#2704=ORIENTED_EDGE('',*,*,#2025,.T.);
#2705=ORIENTED_EDGE('',*,*,#2049,.F.);
#2706=ORIENTED_EDGE('',*,*,#2052,.F.);
#2707=ORIENTED_EDGE('',*,*,#2021,.T.);
#2708=ORIENTED_EDGE('',*,*,#2053,.T.);
#2709=ORIENTED_EDGE('',*,*,#2050,.F.);
#2710=ORIENTED_EDGE('',*,*,#2020,.T.);
#2711=ORIENTED_EDGE('',*,*,#2026,.T.);
#2712=ORIENTED_EDGE('',*,*,#2051,.F.);
#2713=ORIENTED_EDGE('',*,*,#2053,.F.);
#2714=ORIENTED_EDGE('',*,*,#2027,.F.);
#2715=ORIENTED_EDGE('',*,*,#2022,.T.);
#2716=ORIENTED_EDGE('',*,*,#2052,.T.);
#2717=ORIENTED_EDGE('',*,*,#2048,.F.);
#2718=ORIENTED_EDGE('',*,*,#2030,.T.);
#2719=ORIENTED_EDGE('',*,*,#2044,.F.);
#2720=ORIENTED_EDGE('',*,*,#2054,.T.);
#2721=ORIENTED_EDGE('',*,*,#2055,.F.);
#2722=ORIENTED_EDGE('',*,*,#2056,.F.);
#2723=ORIENTED_EDGE('',*,*,#2057,.T.);
#2724=ORIENTED_EDGE('',*,*,#2058,.T.);
#2725=ORIENTED_EDGE('',*,*,#2059,.T.);
#2726=ORIENTED_EDGE('',*,*,#2036,.T.);
#2727=ORIENTED_EDGE('',*,*,#2035,.F.);
#2728=ORIENTED_EDGE('',*,*,#2060,.F.);
#2729=ORIENTED_EDGE('',*,*,#2031,.T.);
#2730=ORIENTED_EDGE('',*,*,#2055,.T.);
#2731=ORIENTED_EDGE('',*,*,#2061,.T.);
#2732=ORIENTED_EDGE('',*,*,#2037,.T.);
#2733=ORIENTED_EDGE('',*,*,#2061,.F.);
#2734=ORIENTED_EDGE('',*,*,#2054,.F.);
#2735=ORIENTED_EDGE('',*,*,#2043,.T.);
#2736=ORIENTED_EDGE('',*,*,#2032,.T.);
#2737=ORIENTED_EDGE('',*,*,#2060,.T.);
#2738=ORIENTED_EDGE('',*,*,#2034,.F.);
#2739=ORIENTED_EDGE('',*,*,#2062,.F.);
#2740=ORIENTED_EDGE('',*,*,#2033,.T.);
#2741=ORIENTED_EDGE('',*,*,#2062,.T.);
#2742=ORIENTED_EDGE('',*,*,#2039,.F.);
#2743=ORIENTED_EDGE('',*,*,#2063,.F.);
#2744=ORIENTED_EDGE('',*,*,#2064,.F.);
#2745=ORIENTED_EDGE('',*,*,#2065,.T.);
#2746=ORIENTED_EDGE('',*,*,#2066,.T.);
#2747=ORIENTED_EDGE('',*,*,#2067,.T.);
#2748=ORIENTED_EDGE('',*,*,#2056,.T.);
#2749=ORIENTED_EDGE('',*,*,#2068,.T.);
#2750=ORIENTED_EDGE('',*,*,#2069,.T.);
#2751=ORIENTED_EDGE('',*,*,#2070,.F.);
#2752=ORIENTED_EDGE('',*,*,#2015,.F.);
#2753=ORIENTED_EDGE('',*,*,#2071,.T.);
#2754=ORIENTED_EDGE('',*,*,#2072,.T.);
#2755=ORIENTED_EDGE('',*,*,#2073,.F.);
#2756=ORIENTED_EDGE('',*,*,#2074,.T.);
#2757=ORIENTED_EDGE('',*,*,#2073,.T.);
#2758=ORIENTED_EDGE('',*,*,#2075,.F.);
#2759=ORIENTED_EDGE('',*,*,#2076,.F.);
#2760=ORIENTED_EDGE('',*,*,#2068,.F.);
#2761=ORIENTED_EDGE('',*,*,#2040,.T.);
#2762=ORIENTED_EDGE('',*,*,#2074,.F.);
#2763=ORIENTED_EDGE('',*,*,#2059,.F.);
#2764=ORIENTED_EDGE('',*,*,#2077,.T.);
#2765=ORIENTED_EDGE('',*,*,#2041,.T.);
#2766=ORIENTED_EDGE('',*,*,#2077,.F.);
#2767=ORIENTED_EDGE('',*,*,#2058,.F.);
#2768=ORIENTED_EDGE('',*,*,#2078,.T.);
#2769=ORIENTED_EDGE('',*,*,#2042,.F.);
#2770=ORIENTED_EDGE('',*,*,#2078,.F.);
#2771=ORIENTED_EDGE('',*,*,#2057,.F.);
#2772=ORIENTED_EDGE('',*,*,#2067,.F.);
#2773=ORIENTED_EDGE('',*,*,#2079,.T.);
#2774=ORIENTED_EDGE('',*,*,#2063,.T.);
#2775=ORIENTED_EDGE('',*,*,#2066,.F.);
#2776=ORIENTED_EDGE('',*,*,#2080,.T.);
#2777=ORIENTED_EDGE('',*,*,#2064,.T.);
#2778=ORIENTED_EDGE('',*,*,#2079,.F.);
#2779=ORIENTED_EDGE('',*,*,#2065,.F.);
#2780=ORIENTED_EDGE('',*,*,#2080,.F.);
#2781=ORIENTED_EDGE('',*,*,#2072,.F.);
#2782=ORIENTED_EDGE('',*,*,#2081,.F.);
#2783=ORIENTED_EDGE('',*,*,#2082,.F.);
#2784=ORIENTED_EDGE('',*,*,#2075,.T.);
#2785=ORIENTED_EDGE('',*,*,#2069,.F.);
#2786=ORIENTED_EDGE('',*,*,#2076,.T.);
#2787=ORIENTED_EDGE('',*,*,#2083,.F.);
#2788=ORIENTED_EDGE('',*,*,#2084,.F.);
#2789=ORIENTED_EDGE('',*,*,#2085,.T.);
#2790=ORIENTED_EDGE('',*,*,#2083,.T.);
#2791=ORIENTED_EDGE('',*,*,#2082,.T.);
#2792=ORIENTED_EDGE('',*,*,#2086,.F.);
#2793=ORIENTED_EDGE('',*,*,#2017,.T.);
#2794=ORIENTED_EDGE('',*,*,#2070,.T.);
#2795=ORIENTED_EDGE('',*,*,#2084,.T.);
#2796=ORIENTED_EDGE('',*,*,#2085,.F.);
#2797=ORIENTED_EDGE('',*,*,#2016,.F.);
#2798=ORIENTED_EDGE('',*,*,#2071,.F.);
#2799=ORIENTED_EDGE('',*,*,#2018,.F.);
#2800=ORIENTED_EDGE('',*,*,#2086,.T.);
#2801=ORIENTED_EDGE('',*,*,#2081,.T.);
#2802=ORIENTED_EDGE('',*,*,#2014,.F.);
#2803=ORIENTED_EDGE('',*,*,#1938,.F.);
#2804=ORIENTED_EDGE('',*,*,#2087,.T.);
#2805=ORIENTED_EDGE('',*,*,#2088,.F.);
#2806=ORIENTED_EDGE('',*,*,#2089,.F.);
#2807=ORIENTED_EDGE('',*,*,#1961,.T.);
#2808=ORIENTED_EDGE('',*,*,#2089,.T.);
#2809=ORIENTED_EDGE('',*,*,#2090,.F.);
#2810=ORIENTED_EDGE('',*,*,#2091,.T.);
#2811=ORIENTED_EDGE('',*,*,#2092,.F.);
#2812=ORIENTED_EDGE('',*,*,#1962,.F.);
#2813=ORIENTED_EDGE('',*,*,#2092,.T.);
#2814=ORIENTED_EDGE('',*,*,#2093,.T.);
#2815=ORIENTED_EDGE('',*,*,#2094,.T.);
#2816=ORIENTED_EDGE('',*,*,#1921,.F.);
#2817=ORIENTED_EDGE('',*,*,#2087,.F.);
#2818=ORIENTED_EDGE('',*,*,#1940,.F.);
#2819=ORIENTED_EDGE('',*,*,#2094,.F.);
#2820=ORIENTED_EDGE('',*,*,#2095,.T.);
#2821=ORIENTED_EDGE('',*,*,#2096,.T.);
#2822=ORIENTED_EDGE('',*,*,#2088,.T.);
#2823=ORIENTED_EDGE('',*,*,#2096,.F.);
#2824=ORIENTED_EDGE('',*,*,#2097,.F.);
#2825=ORIENTED_EDGE('',*,*,#2090,.T.);
#2826=ORIENTED_EDGE('',*,*,#2095,.F.);
#2827=ORIENTED_EDGE('',*,*,#2093,.F.);
#2828=ORIENTED_EDGE('',*,*,#2091,.F.);
#2829=ORIENTED_EDGE('',*,*,#2097,.T.);
#2830=ORIENTED_EDGE('',*,*,#1762,.F.);
#2831=ORIENTED_EDGE('',*,*,#2013,.F.);
#2832=ORIENTED_EDGE('',*,*,#2098,.T.);
#2833=ORIENTED_EDGE('',*,*,#1735,.T.);
#2834=ORIENTED_EDGE('',*,*,#1755,.T.);
#2835=ORIENTED_EDGE('',*,*,#2099,.F.);
#2836=ORIENTED_EDGE('',*,*,#2100,.F.);
#2837=ORIENTED_EDGE('',*,*,#2101,.T.);
#2838=ORIENTED_EDGE('',*,*,#1740,.T.);
#2839=ORIENTED_EDGE('',*,*,#2102,.T.);
#2840=ORIENTED_EDGE('',*,*,#1736,.T.);
#2841=ORIENTED_EDGE('',*,*,#2098,.F.);
#2842=ORIENTED_EDGE('',*,*,#2012,.F.);
#2843=ORIENTED_EDGE('',*,*,#2103,.F.);
#2844=ORIENTED_EDGE('',*,*,#2104,.T.);
#2845=ORIENTED_EDGE('',*,*,#1814,.F.);
#2846=ORIENTED_EDGE('',*,*,#1807,.F.);
#2847=ORIENTED_EDGE('',*,*,#2099,.T.);
#2848=ORIENTED_EDGE('',*,*,#2105,.F.);
#2849=ORIENTED_EDGE('',*,*,#1874,.F.);
#2850=ORIENTED_EDGE('',*,*,#2104,.F.);
#2851=ORIENTED_EDGE('',*,*,#1792,.F.);
#2852=ORIENTED_EDGE('',*,*,#2106,.T.);
#2853=ORIENTED_EDGE('',*,*,#2107,.T.);
#2854=ORIENTED_EDGE('',*,*,#2108,.T.);
#2855=ORIENTED_EDGE('',*,*,#2109,.T.);
#2856=ORIENTED_EDGE('',*,*,#2010,.F.);
#2857=ORIENTED_EDGE('',*,*,#2110,.F.);
#2858=ORIENTED_EDGE('',*,*,#1797,.F.);
#2859=ORIENTED_EDGE('',*,*,#1815,.T.);
#2860=ORIENTED_EDGE('',*,*,#2107,.F.);
#2861=ORIENTED_EDGE('',*,*,#2111,.F.);
#2862=ORIENTED_EDGE('',*,*,#2100,.T.);
#2863=ORIENTED_EDGE('',*,*,#1873,.F.);
#2864=ORIENTED_EDGE('',*,*,#2103,.T.);
#2865=ORIENTED_EDGE('',*,*,#2011,.T.);
#2866=ORIENTED_EDGE('',*,*,#2109,.F.);
#2867=ORIENTED_EDGE('',*,*,#2112,.F.);
#2868=ORIENTED_EDGE('',*,*,#2113,.F.);
#2869=ORIENTED_EDGE('',*,*,#2114,.F.);
#2870=ORIENTED_EDGE('',*,*,#2115,.F.);
#2871=ORIENTED_EDGE('',*,*,#2116,.F.);
#2872=ORIENTED_EDGE('',*,*,#2117,.F.);
#2873=ORIENTED_EDGE('',*,*,#2118,.F.);
#2874=ORIENTED_EDGE('',*,*,#2119,.F.);
#2875=ORIENTED_EDGE('',*,*,#2120,.F.);
#2876=ORIENTED_EDGE('',*,*,#2121,.F.);
#2877=ORIENTED_EDGE('',*,*,#2000,.T.);
#2878=ORIENTED_EDGE('',*,*,#1887,.T.);
#2879=ORIENTED_EDGE('',*,*,#1752,.T.);
#2880=ORIENTED_EDGE('',*,*,#1741,.T.);
#2881=ORIENTED_EDGE('',*,*,#2101,.F.);
#2882=ORIENTED_EDGE('',*,*,#2111,.T.);
#2883=ORIENTED_EDGE('',*,*,#2106,.F.);
#2884=ORIENTED_EDGE('',*,*,#1791,.F.);
#2885=ORIENTED_EDGE('',*,*,#1779,.T.);
#2886=ORIENTED_EDGE('',*,*,#2122,.T.);
#2887=ORIENTED_EDGE('',*,*,#2005,.T.);
#2888=ORIENTED_EDGE('',*,*,#2123,.T.);
#2889=ORIENTED_EDGE('',*,*,#2124,.F.);
#2890=ORIENTED_EDGE('',*,*,#2125,.T.);
#2891=ORIENTED_EDGE('',*,*,#2126,.T.);
#2892=ORIENTED_EDGE('',*,*,#2127,.F.);
#2893=ORIENTED_EDGE('',*,*,#2128,.F.);
#2894=ORIENTED_EDGE('',*,*,#2125,.F.);
#2895=ORIENTED_EDGE('',*,*,#2129,.F.);
#2896=ORIENTED_EDGE('',*,*,#2130,.F.);
#2897=ORIENTED_EDGE('',*,*,#2131,.F.);
#2898=ORIENTED_EDGE('',*,*,#2132,.F.);
#2899=ORIENTED_EDGE('',*,*,#2126,.F.);
#2900=ORIENTED_EDGE('',*,*,#2132,.T.);
#2901=ORIENTED_EDGE('',*,*,#2133,.T.);
#2902=ORIENTED_EDGE('',*,*,#2134,.F.);
#2903=ORIENTED_EDGE('',*,*,#2127,.T.);
#2904=ORIENTED_EDGE('',*,*,#2134,.T.);
#2905=ORIENTED_EDGE('',*,*,#2135,.T.);
#2906=ORIENTED_EDGE('',*,*,#2136,.T.);
#2907=ORIENTED_EDGE('',*,*,#2137,.T.);
#2908=ORIENTED_EDGE('',*,*,#2128,.T.);
#2909=ORIENTED_EDGE('',*,*,#2137,.F.);
#2910=ORIENTED_EDGE('',*,*,#2138,.F.);
#2911=ORIENTED_EDGE('',*,*,#2129,.T.);
#2912=ORIENTED_EDGE('',*,*,#2130,.T.);
#2913=ORIENTED_EDGE('',*,*,#2138,.T.);
#2914=ORIENTED_EDGE('',*,*,#2136,.F.);
#2915=ORIENTED_EDGE('',*,*,#2139,.F.);
#2916=ORIENTED_EDGE('',*,*,#2131,.T.);
#2917=ORIENTED_EDGE('',*,*,#2139,.T.);
#2918=ORIENTED_EDGE('',*,*,#2135,.F.);
#2919=ORIENTED_EDGE('',*,*,#2133,.F.);
#2920=ORIENTED_EDGE('',*,*,#2001,.T.);
#2921=ORIENTED_EDGE('',*,*,#2121,.T.);
#2922=ORIENTED_EDGE('',*,*,#2140,.T.);
#2923=ORIENTED_EDGE('',*,*,#2141,.F.);
#2924=ORIENTED_EDGE('',*,*,#1990,.F.);
#2925=ORIENTED_EDGE('',*,*,#2002,.F.);
#2926=ORIENTED_EDGE('',*,*,#2141,.T.);
#2927=ORIENTED_EDGE('',*,*,#2142,.T.);
#2928=ORIENTED_EDGE('',*,*,#2143,.T.);
#2929=ORIENTED_EDGE('',*,*,#2003,.F.);
#2930=ORIENTED_EDGE('',*,*,#1972,.T.);
#2931=ORIENTED_EDGE('',*,*,#2144,.F.);
#2932=ORIENTED_EDGE('',*,*,#1986,.F.);
#2933=ORIENTED_EDGE('',*,*,#2144,.T.);
#2934=ORIENTED_EDGE('',*,*,#1971,.T.);
#2935=ORIENTED_EDGE('',*,*,#2145,.F.);
#2936=ORIENTED_EDGE('',*,*,#1991,.F.);
#2937=ORIENTED_EDGE('',*,*,#2146,.T.);
#2938=ORIENTED_EDGE('',*,*,#1976,.T.);
#2939=ORIENTED_EDGE('',*,*,#1966,.F.);
#2940=ORIENTED_EDGE('',*,*,#1943,.T.);
#2941=ORIENTED_EDGE('',*,*,#1979,.T.);
#2942=ORIENTED_EDGE('',*,*,#2147,.F.);
#2943=ORIENTED_EDGE('',*,*,#1993,.F.);
#2944=ORIENTED_EDGE('',*,*,#1987,.T.);
#2945=ORIENTED_EDGE('',*,*,#2145,.T.);
#2946=ORIENTED_EDGE('',*,*,#1975,.T.);
#2947=ORIENTED_EDGE('',*,*,#1958,.F.);
#2948=ORIENTED_EDGE('',*,*,#2148,.T.);
#2949=ORIENTED_EDGE('',*,*,#1936,.T.);
#2950=ORIENTED_EDGE('',*,*,#2149,.T.);
#2951=ORIENTED_EDGE('',*,*,#1937,.T.);
#2952=ORIENTED_EDGE('',*,*,#2148,.F.);
#2953=ORIENTED_EDGE('',*,*,#1957,.F.);
#2954=ORIENTED_EDGE('',*,*,#2150,.T.);
#2955=ORIENTED_EDGE('',*,*,#2151,.T.);
#2956=ORIENTED_EDGE('',*,*,#2149,.F.);
#2957=ORIENTED_EDGE('',*,*,#2152,.T.);
#2958=ORIENTED_EDGE('',*,*,#2150,.F.);
#2959=ORIENTED_EDGE('',*,*,#2153,.F.);
#2960=ORIENTED_EDGE('',*,*,#2154,.T.);
#2961=ORIENTED_EDGE('',*,*,#2155,.F.);
#2962=ORIENTED_EDGE('',*,*,#1933,.F.);
#2963=ORIENTED_EDGE('',*,*,#2151,.F.);
#2964=ORIENTED_EDGE('',*,*,#2155,.T.);
#2965=ORIENTED_EDGE('',*,*,#2156,.T.);
#2966=ORIENTED_EDGE('',*,*,#2157,.T.);
#2967=ORIENTED_EDGE('',*,*,#2156,.F.);
#2968=ORIENTED_EDGE('',*,*,#2154,.F.);
#2969=ORIENTED_EDGE('',*,*,#2158,.T.);
#2970=ORIENTED_EDGE('',*,*,#2157,.F.);
#2971=ORIENTED_EDGE('',*,*,#1960,.F.);
#2972=ORIENTED_EDGE('',*,*,#2159,.T.);
#2973=ORIENTED_EDGE('',*,*,#1934,.T.);
#2974=ORIENTED_EDGE('',*,*,#1992,.F.);
#2975=ORIENTED_EDGE('',*,*,#1935,.T.);
#2976=ORIENTED_EDGE('',*,*,#2159,.F.);
#2977=ORIENTED_EDGE('',*,*,#1959,.F.);
#2978=ORIENTED_EDGE('',*,*,#1977,.F.);
#2979=ORIENTED_EDGE('',*,*,#2146,.F.);
#2980=ORIENTED_EDGE('',*,*,#2153,.T.);
#2981=ORIENTED_EDGE('',*,*,#2152,.F.);
#2982=ORIENTED_EDGE('',*,*,#1956,.F.);
#2983=ORIENTED_EDGE('',*,*,#2158,.F.);
#2984=ORIENTED_EDGE('',*,*,#1994,.F.);
#2985=ORIENTED_EDGE('',*,*,#2147,.T.);
#2986=ORIENTED_EDGE('',*,*,#1978,.T.);
#2987=ORIENTED_EDGE('',*,*,#1906,.T.);
#2988=ORIENTED_EDGE('',*,*,#2160,.F.);
#2989=ORIENTED_EDGE('',*,*,#1955,.F.);
#2990=ORIENTED_EDGE('',*,*,#2161,.F.);
#2991=ORIENTED_EDGE('',*,*,#1930,.T.);
#2992=ORIENTED_EDGE('',*,*,#2160,.T.);
#2993=ORIENTED_EDGE('',*,*,#2162,.F.);
#2994=ORIENTED_EDGE('',*,*,#2163,.F.);
#2995=ORIENTED_EDGE('',*,*,#2164,.T.);
#2996=ORIENTED_EDGE('',*,*,#2165,.T.);
#2997=ORIENTED_EDGE('',*,*,#2166,.F.);
#2998=ORIENTED_EDGE('',*,*,#1952,.F.);
#2999=ORIENTED_EDGE('',*,*,#2164,.F.);
#3000=ORIENTED_EDGE('',*,*,#2167,.F.);
#3001=ORIENTED_EDGE('',*,*,#2165,.F.);
#3002=ORIENTED_EDGE('',*,*,#2163,.T.);
#3003=ORIENTED_EDGE('',*,*,#2168,.F.);
#3004=ORIENTED_EDGE('',*,*,#2167,.T.);
#3005=ORIENTED_EDGE('',*,*,#2169,.T.);
#3006=ORIENTED_EDGE('',*,*,#2170,.F.);
#3007=ORIENTED_EDGE('',*,*,#2166,.T.);
#3008=ORIENTED_EDGE('',*,*,#2170,.T.);
#3009=ORIENTED_EDGE('',*,*,#1932,.T.);
#3010=ORIENTED_EDGE('',*,*,#2171,.T.);
#3011=ORIENTED_EDGE('',*,*,#1953,.F.);
#3012=ORIENTED_EDGE('',*,*,#2172,.T.);
#3013=ORIENTED_EDGE('',*,*,#2173,.T.);
#3014=ORIENTED_EDGE('',*,*,#2174,.T.);
#3015=ORIENTED_EDGE('',*,*,#2175,.T.);
#3016=ORIENTED_EDGE('',*,*,#1950,.F.);
#3017=ORIENTED_EDGE('',*,*,#2176,.F.);
#3018=ORIENTED_EDGE('',*,*,#1927,.T.);
#3019=ORIENTED_EDGE('',*,*,#2177,.T.);
#3020=ORIENTED_EDGE('',*,*,#2178,.T.);
#3021=ORIENTED_EDGE('',*,*,#2179,.T.);
#3022=ORIENTED_EDGE('',*,*,#2180,.T.);
#3023=ORIENTED_EDGE('',*,*,#2181,.T.);
#3024=ORIENTED_EDGE('',*,*,#2182,.T.);
#3025=ORIENTED_EDGE('',*,*,#1954,.F.);
#3026=ORIENTED_EDGE('',*,*,#2171,.F.);
#3027=ORIENTED_EDGE('',*,*,#1931,.T.);
#3028=ORIENTED_EDGE('',*,*,#2161,.T.);
#3029=ORIENTED_EDGE('',*,*,#2112,.T.);
#3030=ORIENTED_EDGE('',*,*,#2183,.T.);
#3031=ORIENTED_EDGE('',*,*,#2172,.F.);
#3032=ORIENTED_EDGE('',*,*,#2184,.F.);
#3033=ORIENTED_EDGE('',*,*,#2113,.T.);
#3034=ORIENTED_EDGE('',*,*,#2184,.T.);
#3035=ORIENTED_EDGE('',*,*,#2175,.F.);
#3036=ORIENTED_EDGE('',*,*,#2185,.F.);
#3037=ORIENTED_EDGE('',*,*,#2114,.T.);
#3038=ORIENTED_EDGE('',*,*,#2185,.T.);
#3039=ORIENTED_EDGE('',*,*,#2174,.F.);
#3040=ORIENTED_EDGE('',*,*,#2186,.F.);
#3041=ORIENTED_EDGE('',*,*,#2115,.T.);
#3042=ORIENTED_EDGE('',*,*,#2186,.T.);
#3043=ORIENTED_EDGE('',*,*,#2173,.F.);
#3044=ORIENTED_EDGE('',*,*,#2183,.F.);
#3045=ORIENTED_EDGE('',*,*,#2116,.T.);
#3046=ORIENTED_EDGE('',*,*,#2187,.T.);
#3047=ORIENTED_EDGE('',*,*,#2178,.F.);
#3048=ORIENTED_EDGE('',*,*,#2188,.F.);
#3049=ORIENTED_EDGE('',*,*,#2117,.T.);
#3050=ORIENTED_EDGE('',*,*,#2188,.T.);
#3051=ORIENTED_EDGE('',*,*,#2182,.F.);
#3052=ORIENTED_EDGE('',*,*,#2189,.F.);
#3053=ORIENTED_EDGE('',*,*,#2118,.T.);
#3054=ORIENTED_EDGE('',*,*,#2189,.T.);
#3055=ORIENTED_EDGE('',*,*,#2181,.F.);
#3056=ORIENTED_EDGE('',*,*,#2190,.F.);
#3057=ORIENTED_EDGE('',*,*,#2119,.T.);
#3058=ORIENTED_EDGE('',*,*,#2190,.T.);
#3059=ORIENTED_EDGE('',*,*,#2180,.F.);
#3060=ORIENTED_EDGE('',*,*,#2191,.F.);
#3061=ORIENTED_EDGE('',*,*,#2120,.T.);
#3062=ORIENTED_EDGE('',*,*,#2191,.T.);
#3063=ORIENTED_EDGE('',*,*,#2179,.F.);
#3064=ORIENTED_EDGE('',*,*,#2187,.F.);
#3065=ORIENTED_EDGE('',*,*,#2192,.F.);
#3066=ORIENTED_EDGE('',*,*,#1951,.F.);
#3067=ORIENTED_EDGE('',*,*,#2177,.F.);
#3068=ORIENTED_EDGE('',*,*,#1926,.T.);
#3069=ORIENTED_EDGE('',*,*,#2193,.T.);
#3070=ORIENTED_EDGE('',*,*,#2192,.T.);
#3071=ORIENTED_EDGE('',*,*,#2194,.T.);
#3072=ORIENTED_EDGE('',*,*,#2195,.F.);
#3073=ORIENTED_EDGE('',*,*,#2196,.T.);
#3074=ORIENTED_EDGE('',*,*,#2197,.F.);
#3075=ORIENTED_EDGE('',*,*,#1948,.F.);
#3076=ORIENTED_EDGE('',*,*,#2193,.F.);
#3077=ORIENTED_EDGE('',*,*,#2198,.F.);
#3078=ORIENTED_EDGE('',*,*,#2196,.F.);
#3079=ORIENTED_EDGE('',*,*,#2195,.T.);
#3080=ORIENTED_EDGE('',*,*,#2199,.F.);
#3081=ORIENTED_EDGE('',*,*,#2198,.T.);
#3082=ORIENTED_EDGE('',*,*,#2200,.T.);
#3083=ORIENTED_EDGE('',*,*,#2201,.F.);
#3084=ORIENTED_EDGE('',*,*,#2197,.T.);
#3085=ORIENTED_EDGE('',*,*,#2201,.T.);
#3086=ORIENTED_EDGE('',*,*,#1928,.T.);
#3087=ORIENTED_EDGE('',*,*,#2176,.T.);
#3088=ORIENTED_EDGE('',*,*,#1949,.F.);
#3089=ORIENTED_EDGE('',*,*,#1925,.F.);
#3090=ORIENTED_EDGE('',*,*,#2200,.F.);
#3091=ORIENTED_EDGE('',*,*,#2199,.T.);
#3092=ORIENTED_EDGE('',*,*,#2194,.F.);
#3093=ORIENTED_EDGE('',*,*,#1929,.F.);
#3094=ORIENTED_EDGE('',*,*,#2169,.F.);
#3095=ORIENTED_EDGE('',*,*,#2168,.T.);
#3096=ORIENTED_EDGE('',*,*,#2162,.T.);
#3097=ORIENTED_EDGE('',*,*,#2004,.F.);
#3098=ORIENTED_EDGE('',*,*,#2143,.F.);
#3099=ORIENTED_EDGE('',*,*,#2202,.F.);
#3100=ORIENTED_EDGE('',*,*,#2123,.F.);
#3101=ORIENTED_EDGE('',*,*,#2124,.T.);
#3102=ORIENTED_EDGE('',*,*,#2202,.T.);
#3103=ORIENTED_EDGE('',*,*,#2142,.F.);
#3104=ORIENTED_EDGE('',*,*,#2140,.F.);
#3105=ORIENTED_EDGE('',*,*,#1917,.T.);
#3106=ORIENTED_EDGE('',*,*,#2203,.F.);
#3107=ORIENTED_EDGE('',*,*,#2204,.F.);
#3108=ORIENTED_EDGE('',*,*,#2205,.F.);
#3109=ORIENTED_EDGE('',*,*,#1913,.T.);
#3110=ORIENTED_EDGE('',*,*,#2206,.F.);
#3111=ORIENTED_EDGE('',*,*,#2006,.F.);
#3112=ORIENTED_EDGE('',*,*,#2122,.F.);
#3113=ORIENTED_EDGE('',*,*,#1778,.T.);
#3114=ORIENTED_EDGE('',*,*,#1790,.T.);
#3115=ORIENTED_EDGE('',*,*,#2207,.F.);
#3116=ORIENTED_EDGE('',*,*,#1821,.F.);
#3117=ORIENTED_EDGE('',*,*,#1827,.F.);
#3118=ORIENTED_EDGE('',*,*,#1836,.F.);
#3119=ORIENTED_EDGE('',*,*,#2208,.F.);
#3120=ORIENTED_EDGE('',*,*,#1809,.F.);
#3121=ORIENTED_EDGE('',*,*,#1784,.T.);
#3122=ORIENTED_EDGE('',*,*,#1769,.T.);
#3123=ORIENTED_EDGE('',*,*,#1997,.F.);
#3124=ORIENTED_EDGE('',*,*,#1982,.T.);
#3125=ORIENTED_EDGE('',*,*,#1810,.F.);
#3126=ORIENTED_EDGE('',*,*,#2208,.T.);
#3127=ORIENTED_EDGE('',*,*,#1835,.T.);
#3128=ORIENTED_EDGE('',*,*,#1817,.F.);
#3129=ORIENTED_EDGE('',*,*,#1822,.F.);
#3130=ORIENTED_EDGE('',*,*,#2207,.T.);
#3131=ORIENTED_EDGE('',*,*,#1789,.T.);
#3132=ORIENTED_EDGE('',*,*,#1813,.F.);
#3133=ORIENTED_EDGE('',*,*,#1988,.F.);
#3134=ORIENTED_EDGE('',*,*,#1900,.T.);
#3135=ORIENTED_EDGE('',*,*,#1889,.F.);
#3136=ORIENTED_EDGE('',*,*,#1999,.F.);
#3137=ORIENTED_EDGE('',*,*,#1974,.T.);
#3138=ORIENTED_EDGE('',*,*,#2007,.F.);
#3139=ORIENTED_EDGE('',*,*,#2206,.T.);
#3140=ORIENTED_EDGE('',*,*,#1912,.T.);
#3141=ORIENTED_EDGE('',*,*,#1914,.T.);
#3142=ORIENTED_EDGE('',*,*,#2205,.T.);
#3143=ORIENTED_EDGE('',*,*,#2209,.T.);
#3144=ORIENTED_EDGE('',*,*,#2210,.F.);
#3145=ORIENTED_EDGE('',*,*,#2210,.T.);
#3146=ORIENTED_EDGE('',*,*,#2211,.T.);
#3147=ORIENTED_EDGE('',*,*,#2212,.T.);
#3148=ORIENTED_EDGE('',*,*,#1915,.T.);
#3149=ORIENTED_EDGE('',*,*,#1916,.T.);
#3150=ORIENTED_EDGE('',*,*,#2212,.F.);
#3151=ORIENTED_EDGE('',*,*,#2213,.F.);
#3152=ORIENTED_EDGE('',*,*,#2203,.T.);
#3153=ORIENTED_EDGE('',*,*,#2209,.F.);
#3154=ORIENTED_EDGE('',*,*,#2204,.T.);
#3155=ORIENTED_EDGE('',*,*,#2213,.T.);
#3156=ORIENTED_EDGE('',*,*,#2211,.F.);
#3157=ORIENTED_EDGE('',*,*,#2108,.F.);
#3158=ORIENTED_EDGE('',*,*,#1806,.T.);
#3159=ORIENTED_EDGE('',*,*,#1816,.T.);
#3160=ORIENTED_EDGE('',*,*,#2102,.F.);
#3161=ORIENTED_EDGE('',*,*,#1872,.T.);
#3162=ORIENTED_EDGE('',*,*,#2214,.T.);
#3163=ORIENTED_EDGE('',*,*,#1743,.T.);
#3164=ORIENTED_EDGE('',*,*,#1737,.F.);
#3165=ORIENTED_EDGE('',*,*,#2214,.F.);
#3166=ORIENTED_EDGE('',*,*,#1871,.F.);
#3167=ORIENTED_EDGE('',*,*,#2215,.F.);
#3168=ORIENTED_EDGE('',*,*,#1875,.F.);
#3169=ORIENTED_EDGE('',*,*,#2105,.T.);
#3170=ORIENTED_EDGE('',*,*,#1739,.F.);
#3171=ORIENTED_EDGE('',*,*,#1738,.T.);
#3172=ORIENTED_EDGE('',*,*,#1751,.F.);
#3173=ORIENTED_EDGE('',*,*,#1886,.T.);
#3174=ORIENTED_EDGE('',*,*,#2216,.T.);
#3175=ORIENTED_EDGE('',*,*,#1876,.T.);
#3176=ORIENTED_EDGE('',*,*,#2215,.T.);
#3177=ORIENTED_EDGE('',*,*,#1879,.T.);
#3178=ORIENTED_EDGE('',*,*,#1877,.T.);
#3179=ORIENTED_EDGE('',*,*,#2216,.F.);
#3180=ORIENTED_EDGE('',*,*,#1885,.F.);
#3181=ORIENTED_EDGE('',*,*,#1760,.F.);
#3182=ORIENTED_EDGE('',*,*,#1776,.F.);
#3183=ORIENTED_EDGE('',*,*,#1798,.F.);
#3184=ORIENTED_EDGE('',*,*,#2110,.T.);
#3185=ORIENTED_EDGE('',*,*,#2009,.T.);
#3186=ORIENTED_EDGE('',*,*,#1946,.F.);
#3187=ORIENTED_EDGE('',*,*,#1945,.T.);
#3188=ORIENTED_EDGE('',*,*,#1923,.T.);
#3189=ORIENTED_EDGE('',*,*,#1964,.F.);
#3190=ORIENTED_EDGE('',*,*,#1899,.T.);
#3191=ORIENTED_EDGE('',*,*,#2217,.T.);
#3192=ORIENTED_EDGE('',*,*,#2218,.F.);
#3193=ORIENTED_EDGE('',*,*,#1891,.F.);
#3194=ORIENTED_EDGE('',*,*,#2218,.T.);
#3195=ORIENTED_EDGE('',*,*,#2219,.T.);
#3196=ORIENTED_EDGE('',*,*,#2220,.F.);
#3197=ORIENTED_EDGE('',*,*,#1892,.F.);
#3198=ORIENTED_EDGE('',*,*,#1897,.T.);
#3199=ORIENTED_EDGE('',*,*,#1893,.F.);
#3200=ORIENTED_EDGE('',*,*,#2220,.T.);
#3201=ORIENTED_EDGE('',*,*,#2221,.T.);
#3202=ORIENTED_EDGE('',*,*,#1898,.F.);
#3203=ORIENTED_EDGE('',*,*,#2221,.F.);
#3204=ORIENTED_EDGE('',*,*,#2219,.F.);
#3205=ORIENTED_EDGE('',*,*,#2217,.F.);
#3206=ORIENTED_EDGE('',*,*,#1745,.T.);
#3207=ORIENTED_EDGE('',*,*,#1870,.T.);
#3208=ORIENTED_EDGE('',*,*,#1868,.F.);
#3209=ORIENTED_EDGE('',*,*,#1884,.F.);
#3210=ORIENTED_EDGE('',*,*,#1794,.T.);
#3211=ORIENTED_EDGE('',*,*,#2222,.T.);
#3212=ORIENTED_EDGE('',*,*,#2223,.F.);
#3213=ORIENTED_EDGE('',*,*,#2224,.F.);
#3214=ORIENTED_EDGE('',*,*,#2225,.T.);
#3215=ORIENTED_EDGE('',*,*,#1782,.T.);
#3216=ORIENTED_EDGE('',*,*,#2225,.F.);
#3217=ORIENTED_EDGE('',*,*,#2226,.F.);
#3218=ORIENTED_EDGE('',*,*,#2227,.F.);
#3219=ORIENTED_EDGE('',*,*,#1799,.T.);
#3220=ORIENTED_EDGE('',*,*,#2227,.T.);
#3221=ORIENTED_EDGE('',*,*,#2228,.T.);
#3222=ORIENTED_EDGE('',*,*,#2229,.F.);
#3223=ORIENTED_EDGE('',*,*,#2230,.F.);
#3224=ORIENTED_EDGE('',*,*,#1800,.T.);
#3225=ORIENTED_EDGE('',*,*,#2230,.T.);
#3226=ORIENTED_EDGE('',*,*,#2231,.F.);
#3227=ORIENTED_EDGE('',*,*,#2232,.F.);
#3228=ORIENTED_EDGE('',*,*,#1801,.T.);
#3229=ORIENTED_EDGE('',*,*,#2232,.T.);
#3230=ORIENTED_EDGE('',*,*,#2233,.F.);
#3231=ORIENTED_EDGE('',*,*,#2234,.F.);
#3232=ORIENTED_EDGE('',*,*,#1802,.T.);
#3233=ORIENTED_EDGE('',*,*,#2234,.T.);
#3234=ORIENTED_EDGE('',*,*,#2235,.F.);
#3235=ORIENTED_EDGE('',*,*,#2236,.F.);
#3236=ORIENTED_EDGE('',*,*,#1803,.T.);
#3237=ORIENTED_EDGE('',*,*,#2236,.T.);
#3238=ORIENTED_EDGE('',*,*,#2237,.F.);
#3239=ORIENTED_EDGE('',*,*,#2222,.F.);
#3240=ORIENTED_EDGE('',*,*,#2223,.T.);
#3241=ORIENTED_EDGE('',*,*,#2237,.T.);
#3242=ORIENTED_EDGE('',*,*,#2235,.T.);
#3243=ORIENTED_EDGE('',*,*,#2233,.T.);
#3244=ORIENTED_EDGE('',*,*,#2231,.T.);
#3245=ORIENTED_EDGE('',*,*,#2229,.T.);
#3246=ORIENTED_EDGE('',*,*,#2238,.T.);
#3247=ORIENTED_EDGE('',*,*,#2226,.T.);
#3248=ORIENTED_EDGE('',*,*,#2224,.T.);
#3249=ORIENTED_EDGE('',*,*,#2238,.F.);
#3250=ORIENTED_EDGE('',*,*,#2228,.F.);
#3251=PLANE('',#3649);
#3252=PLANE('',#3650);
#3253=PLANE('',#3651);
#3254=PLANE('',#3652);
#3255=PLANE('',#3653);
#3256=PLANE('',#3654);
#3257=PLANE('',#3655);
#3258=PLANE('',#3656);
#3259=PLANE('',#3657);
#3260=PLANE('',#3658);
#3261=PLANE('',#3659);
#3262=PLANE('',#3660);
#3263=PLANE('',#3661);
#3264=PLANE('',#3662);
#3265=PLANE('',#3663);
#3266=PLANE('',#3664);
#3267=PLANE('',#3665);
#3268=PLANE('',#3666);
#3269=PLANE('',#3667);
#3270=PLANE('',#3668);
#3271=PLANE('',#3669);
#3272=PLANE('',#3670);
#3273=PLANE('',#3671);
#3274=PLANE('',#3672);
#3275=PLANE('',#3673);
#3276=PLANE('',#3674);
#3277=PLANE('',#3675);
#3278=PLANE('',#3676);
#3279=PLANE('',#3677);
#3280=PLANE('',#3678);
#3281=PLANE('',#3679);
#3282=PLANE('',#3680);
#3283=PLANE('',#3681);
#3284=PLANE('',#3682);
#3285=PLANE('',#3683);
#3286=PLANE('',#3684);
#3287=PLANE('',#3685);
#3288=PLANE('',#3686);
#3289=PLANE('',#3687);
#3290=PLANE('',#3688);
#3291=PLANE('',#3689);
#3292=PLANE('',#3690);
#3293=PLANE('',#3691);
#3294=PLANE('',#3692);
#3295=PLANE('',#3693);
#3296=PLANE('',#3694);
#3297=PLANE('',#3695);
#3298=PLANE('',#3696);
#3299=PLANE('',#3697);
#3300=PLANE('',#3698);
#3301=PLANE('',#3699);
#3302=PLANE('',#3700);
#3303=PLANE('',#3701);
#3304=PLANE('',#3702);
#3305=PLANE('',#3703);
#3306=PLANE('',#3704);
#3307=PLANE('',#3705);
#3308=PLANE('',#3706);
#3309=PLANE('',#3707);
#3310=PLANE('',#3708);
#3311=PLANE('',#3709);
#3312=PLANE('',#3710);
#3313=PLANE('',#3711);
#3314=PLANE('',#3712);
#3315=PLANE('',#3713);
#3316=PLANE('',#3714);
#3317=PLANE('',#3715);
#3318=PLANE('',#3716);
#3319=PLANE('',#3717);
#3320=PLANE('',#3718);
#3321=PLANE('',#3719);
#3322=PLANE('',#3722);
#3323=PLANE('',#3723);
#3324=PLANE('',#3724);
#3325=PLANE('',#3730);
#3326=PLANE('',#3731);
#3327=PLANE('',#3732);
#3328=PLANE('',#3733);
#3329=PLANE('',#3734);
#3330=PLANE('',#3735);
#3331=PLANE('',#3736);
#3332=PLANE('',#3743);
#3333=PLANE('',#3744);
#3334=PLANE('',#3751);
#3335=PLANE('',#3759);
#3336=PLANE('',#3760);
#3337=PLANE('',#3761);
#3338=PLANE('',#3762);
#3339=PLANE('',#3763);
#3340=PLANE('',#3764);
#3341=PLANE('',#3765);
#3342=PLANE('',#3766);
#3343=PLANE('',#3767);
#3344=PLANE('',#3768);
#3345=PLANE('',#3769);
#3346=PLANE('',#3770);
#3347=PLANE('',#3771);
#3348=PLANE('',#3772);
#3349=PLANE('',#3773);
#3350=PLANE('',#3774);
#3351=PLANE('',#3775);
#3352=PLANE('',#3776);
#3353=PLANE('',#3777);
#3354=PLANE('',#3778);
#3355=PLANE('',#3779);
#3356=PLANE('',#3780);
#3357=PLANE('',#3784);
#3358=PLANE('',#3785);
#3359=PLANE('',#3786);
#3360=PLANE('',#3787);
#3361=PLANE('',#3788);
#3362=PLANE('',#3789);
#3363=PLANE('',#3790);
#3364=PLANE('',#3791);
#3365=PLANE('',#3792);
#3366=PLANE('',#3793);
#3367=PLANE('',#3794);
#3368=PLANE('',#3795);
#3369=PLANE('',#3796);
#3370=PLANE('',#3797);
#3371=PLANE('',#3798);
#3372=PLANE('',#3799);
#3373=PLANE('',#3800);
#3374=PLANE('',#3801);
#3375=PLANE('',#3802);
#3376=PLANE('',#3803);
#3377=PLANE('',#3804);
#3378=PLANE('',#3805);
#3379=PLANE('',#3806);
#3380=PLANE('',#3807);
#3381=PLANE('',#3808);
#3382=PLANE('',#3809);
#3383=PLANE('',#3810);
#3384=PLANE('',#3811);
#3385=PLANE('',#3812);
#3386=PLANE('',#3813);
#3387=PLANE('',#3814);
#3388=PLANE('',#3815);
#3389=PLANE('',#3816);
#3390=PLANE('',#3817);
#3391=PLANE('',#3818);
#3392=PLANE('',#3819);
#3393=PLANE('',#3820);
#3394=PLANE('',#3821);
#3395=PLANE('',#3822);
#3396=PLANE('',#3823);
#3397=PLANE('',#3824);
#3398=PLANE('',#3825);
#3399=PLANE('',#3826);
#3400=PLANE('',#3827);
#3401=PLANE('',#3828);
#3402=PLANE('',#3829);
#3403=PLANE('',#3830);
#3404=PLANE('',#3831);
#3405=PLANE('',#3832);
#3406=PLANE('',#3833);
#3407=PLANE('',#3834);
#3408=PLANE('',#3835);
#3409=PLANE('',#3836);
#3410=PLANE('',#3837);
#3411=PLANE('',#3838);
#3412=PLANE('',#3839);
#3413=PLANE('',#3840);
#3414=PLANE('',#3841);
#3415=PLANE('',#3842);
#3416=PLANE('',#3843);
#3417=PLANE('',#3844);
#3418=PLANE('',#3845);
#3419=PLANE('',#3846);
#3420=PLANE('',#3847);
#3421=PLANE('',#3848);
#3422=PLANE('',#3849);
#3423=PLANE('',#3850);
#3424=PLANE('',#3851);
#3425=PLANE('',#3852);
#3426=PLANE('',#3853);
#3427=PLANE('',#3854);
#3428=PLANE('',#3855);
#3429=PLANE('',#3856);
#3430=PLANE('',#3857);
#3431=PLANE('',#3858);
#3432=PLANE('',#3859);
#3433=PLANE('',#3860);
#3434=ADVANCED_FACE('',(#55),#3251,.F.);
#3435=ADVANCED_FACE('',(#56),#3252,.F.);
#3436=ADVANCED_FACE('',(#57),#3253,.T.);
#3437=ADVANCED_FACE('',(#58),#3254,.T.);
#3438=ADVANCED_FACE('',(#59),#3255,.T.);
#3439=ADVANCED_FACE('',(#60),#3256,.F.);
#3440=ADVANCED_FACE('',(#61),#3257,.T.);
#3441=ADVANCED_FACE('',(#62),#3258,.T.);
#3442=ADVANCED_FACE('',(#63),#3259,.F.);
#3443=ADVANCED_FACE('',(#64),#3260,.T.);
#3444=ADVANCED_FACE('',(#65),#3261,.T.);
#3445=ADVANCED_FACE('',(#66),#3262,.F.);
#3446=ADVANCED_FACE('',(#67),#3263,.T.);
#3447=ADVANCED_FACE('',(#68),#3264,.T.);
#3448=ADVANCED_FACE('',(#69),#3265,.F.);
#3449=ADVANCED_FACE('',(#70),#3266,.T.);
#3450=ADVANCED_FACE('',(#71),#3267,.T.);
#3451=ADVANCED_FACE('',(#72),#3268,.F.);
#3452=ADVANCED_FACE('',(#73),#3269,.F.);
#3453=ADVANCED_FACE('',(#74),#3270,.F.);
#3454=ADVANCED_FACE('',(#75),#3271,.F.);
#3455=ADVANCED_FACE('',(#76),#3272,.F.);
#3456=ADVANCED_FACE('',(#77),#3273,.F.);
#3457=ADVANCED_FACE('',(#78),#3274,.F.);
#3458=ADVANCED_FACE('',(#79),#3275,.F.);
#3459=ADVANCED_FACE('',(#80),#3276,.T.);
#3460=ADVANCED_FACE('',(#81),#3277,.T.);
#3461=ADVANCED_FACE('',(#82),#3278,.F.);
#3462=ADVANCED_FACE('',(#83),#3279,.F.);
#3463=ADVANCED_FACE('',(#84),#3280,.F.);
#3464=ADVANCED_FACE('',(#85),#3281,.F.);
#3465=ADVANCED_FACE('',(#86),#3282,.F.);
#3466=ADVANCED_FACE('',(#87),#3283,.T.);
#3467=ADVANCED_FACE('',(#88),#3284,.F.);
#3468=ADVANCED_FACE('',(#89),#3285,.F.);
#3469=ADVANCED_FACE('',(#90),#3286,.F.);
#3470=ADVANCED_FACE('',(#91),#3287,.F.);
#3471=ADVANCED_FACE('',(#92),#3288,.T.);
#3472=ADVANCED_FACE('',(#93),#3289,.F.);
#3473=ADVANCED_FACE('',(#94),#3290,.T.);
#3474=ADVANCED_FACE('',(#95),#3291,.T.);
#3475=ADVANCED_FACE('',(#96),#3292,.T.);
#3476=ADVANCED_FACE('',(#97),#3293,.F.);
#3477=ADVANCED_FACE('',(#98),#3294,.F.);
#3478=ADVANCED_FACE('',(#99),#3295,.F.);
#3479=ADVANCED_FACE('',(#100),#3296,.F.);
#3480=ADVANCED_FACE('',(#101),#3297,.F.);
#3481=ADVANCED_FACE('',(#102),#3298,.T.);
#3482=ADVANCED_FACE('',(#103),#3299,.T.);
#3483=ADVANCED_FACE('',(#104),#3300,.T.);
#3484=ADVANCED_FACE('',(#105),#3301,.T.);
#3485=ADVANCED_FACE('',(#106),#3302,.T.);
#3486=ADVANCED_FACE('',(#107),#3303,.T.);
#3487=ADVANCED_FACE('',(#108),#3304,.T.);
#3488=ADVANCED_FACE('',(#109),#3305,.F.);
#3489=ADVANCED_FACE('',(#110),#3306,.F.);
#3490=ADVANCED_FACE('',(#111),#3307,.F.);
#3491=ADVANCED_FACE('',(#112),#3308,.F.);
#3492=ADVANCED_FACE('',(#113),#3309,.T.);
#3493=ADVANCED_FACE('',(#114),#3310,.T.);
#3494=ADVANCED_FACE('',(#115),#3311,.F.);
#3495=ADVANCED_FACE('',(#116),#3312,.F.);
#3496=ADVANCED_FACE('',(#117),#3313,.F.);
#3497=ADVANCED_FACE('',(#118),#3314,.F.);
#3498=ADVANCED_FACE('',(#119),#3315,.T.);
#3499=ADVANCED_FACE('',(#120),#3316,.T.);
#3500=ADVANCED_FACE('',(#121),#3317,.T.);
#3501=ADVANCED_FACE('',(#122),#3318,.T.);
#3502=ADVANCED_FACE('',(#123),#3319,.F.);
#3503=ADVANCED_FACE('',(#124,#48,#49),#3320,.T.);
#3504=ADVANCED_FACE('',(#125),#3321,.T.);
#3505=ADVANCED_FACE('',(#126),#3322,.F.);
#3506=ADVANCED_FACE('',(#127),#3323,.F.);
#3507=ADVANCED_FACE('',(#128),#3324,.F.);
#3508=ADVANCED_FACE('',(#129),#19,.T.);
#3509=ADVANCED_FACE('',(#130),#3325,.T.);
#3510=ADVANCED_FACE('',(#131),#3326,.T.);
#3511=ADVANCED_FACE('',(#132),#3327,.T.);
#3512=ADVANCED_FACE('',(#133),#3328,.T.);
#3513=ADVANCED_FACE('',(#134),#3329,.T.);
#3514=ADVANCED_FACE('',(#135),#3330,.F.);
#3515=ADVANCED_FACE('',(#136),#3331,.F.);
#3516=ADVANCED_FACE('',(#137),#17,.T.);
#3517=ADVANCED_FACE('',(#138),#20,.T.);
#3518=ADVANCED_FACE('',(#139),#15,.T.);
#3519=ADVANCED_FACE('',(#140),#3332,.T.);
#3520=ADVANCED_FACE('',(#141),#3333,.T.);
#3521=ADVANCED_FACE('',(#142),#21,.T.);
#3522=ADVANCED_FACE('',(#143),#3334,.T.);
#3523=ADVANCED_FACE('',(#144),#22,.T.);
#3524=ADVANCED_FACE('',(#145),#18,.T.);
#3525=ADVANCED_FACE('',(#146),#16,.T.);
#3526=ADVANCED_FACE('',(#147),#3335,.F.);
#3527=ADVANCED_FACE('',(#148),#3336,.F.);
#3528=ADVANCED_FACE('',(#149),#3337,.F.);
#3529=ADVANCED_FACE('',(#150),#3338,.F.);
#3530=ADVANCED_FACE('',(#151),#3339,.F.);
#3531=ADVANCED_FACE('',(#152),#3340,.F.);
#3532=ADVANCED_FACE('',(#153),#3341,.F.);
#3533=ADVANCED_FACE('',(#154),#3342,.T.);
#3534=ADVANCED_FACE('',(#155),#3343,.T.);
#3535=ADVANCED_FACE('',(#156),#3344,.T.);
#3536=ADVANCED_FACE('',(#157),#3345,.T.);
#3537=ADVANCED_FACE('',(#158),#3346,.T.);
#3538=ADVANCED_FACE('',(#159),#3347,.F.);
#3539=ADVANCED_FACE('',(#160),#3348,.F.);
#3540=ADVANCED_FACE('',(#161),#3349,.F.);
#3541=ADVANCED_FACE('',(#162),#3350,.F.);
#3542=ADVANCED_FACE('',(#163),#3351,.F.);
#3543=ADVANCED_FACE('',(#164),#3352,.F.);
#3544=ADVANCED_FACE('',(#165),#3353,.F.);
#3545=ADVANCED_FACE('',(#166,#50,#51),#3354,.T.);
#3546=ADVANCED_FACE('',(#167,#52),#3355,.T.);
#3547=ADVANCED_FACE('',(#168),#3356,.F.);
#3548=ADVANCED_FACE('',(#169),#23,.F.);
#3549=ADVANCED_FACE('',(#170),#3357,.T.);
#3550=ADVANCED_FACE('',(#171),#3358,.T.);
#3551=ADVANCED_FACE('',(#172),#3359,.T.);
#3552=ADVANCED_FACE('',(#173),#3360,.T.);
#3553=ADVANCED_FACE('',(#174),#3361,.F.);
#3554=ADVANCED_FACE('',(#175),#3362,.T.);
#3555=ADVANCED_FACE('',(#176),#3363,.F.);
#3556=ADVANCED_FACE('',(#177),#3364,.F.);
#3557=ADVANCED_FACE('',(#178),#3365,.F.);
#3558=ADVANCED_FACE('',(#179),#3366,.T.);
#3559=ADVANCED_FACE('',(#180),#3367,.T.);
#3560=ADVANCED_FACE('',(#181),#3368,.T.);
#3561=ADVANCED_FACE('',(#182),#3369,.T.);
#3562=ADVANCED_FACE('',(#183),#3370,.T.);
#3563=ADVANCED_FACE('',(#184),#3371,.T.);
#3564=ADVANCED_FACE('',(#185),#3372,.T.);
#3565=ADVANCED_FACE('',(#186),#3373,.T.);
#3566=ADVANCED_FACE('',(#187),#3374,.T.);
#3567=ADVANCED_FACE('',(#188),#3375,.T.);
#3568=ADVANCED_FACE('',(#189),#3376,.T.);
#3569=ADVANCED_FACE('',(#190),#3377,.T.);
#3570=ADVANCED_FACE('',(#191),#3378,.T.);
#3571=ADVANCED_FACE('',(#192),#3379,.T.);
#3572=ADVANCED_FACE('',(#193),#3380,.T.);
#3573=ADVANCED_FACE('',(#194),#3381,.T.);
#3574=ADVANCED_FACE('',(#195,#53),#3382,.T.);
#3575=ADVANCED_FACE('',(#196,#54),#3383,.T.);
#3576=ADVANCED_FACE('',(#197),#3384,.F.);
#3577=ADVANCED_FACE('',(#198),#3385,.F.);
#3578=ADVANCED_FACE('',(#199),#3386,.F.);
#3579=ADVANCED_FACE('',(#200),#3387,.F.);
#3580=ADVANCED_FACE('',(#201),#3388,.F.);
#3581=ADVANCED_FACE('',(#202),#3389,.F.);
#3582=ADVANCED_FACE('',(#203),#3390,.F.);
#3583=ADVANCED_FACE('',(#204),#3391,.F.);
#3584=ADVANCED_FACE('',(#205),#3392,.F.);
#3585=ADVANCED_FACE('',(#206),#3393,.T.);
#3586=ADVANCED_FACE('',(#207),#3394,.T.);
#3587=ADVANCED_FACE('',(#208),#3395,.T.);
#3588=ADVANCED_FACE('',(#209),#3396,.T.);
#3589=ADVANCED_FACE('',(#210),#3397,.T.);
#3590=ADVANCED_FACE('',(#211),#3398,.T.);
#3591=ADVANCED_FACE('',(#212),#3399,.T.);
#3592=ADVANCED_FACE('',(#213),#3400,.T.);
#3593=ADVANCED_FACE('',(#214),#3401,.F.);
#3594=ADVANCED_FACE('',(#215),#3402,.F.);
#3595=ADVANCED_FACE('',(#216),#3403,.T.);
#3596=ADVANCED_FACE('',(#217),#3404,.F.);
#3597=ADVANCED_FACE('',(#218),#3405,.F.);
#3598=ADVANCED_FACE('',(#219),#3406,.T.);
#3599=ADVANCED_FACE('',(#220),#3407,.T.);
#3600=ADVANCED_FACE('',(#221),#3408,.F.);
#3601=ADVANCED_FACE('',(#222),#3409,.T.);
#3602=ADVANCED_FACE('',(#223),#3410,.F.);
#3603=ADVANCED_FACE('',(#224),#3411,.F.);
#3604=ADVANCED_FACE('',(#225),#3412,.T.);
#3605=ADVANCED_FACE('',(#226),#3413,.T.);
#3606=ADVANCED_FACE('',(#227),#3414,.F.);
#3607=ADVANCED_FACE('',(#228),#3415,.F.);
#3608=ADVANCED_FACE('',(#229),#3416,.T.);
#3609=ADVANCED_FACE('',(#230),#3417,.T.);
#3610=ADVANCED_FACE('',(#231),#3418,.F.);
#3611=ADVANCED_FACE('',(#232),#3419,.T.);
#3612=ADVANCED_FACE('',(#233),#3420,.T.);
#3613=ADVANCED_FACE('',(#234),#3421,.T.);
#3614=ADVANCED_FACE('',(#235),#3422,.T.);
#3615=ADVANCED_FACE('',(#236),#3423,.F.);
#3616=ADVANCED_FACE('',(#237),#3424,.T.);
#3617=ADVANCED_FACE('',(#238),#3425,.F.);
#3618=ADVANCED_FACE('',(#239),#3426,.F.);
#3619=ADVANCED_FACE('',(#240),#3427,.F.);
#3620=ADVANCED_FACE('',(#241),#3428,.F.);
#3621=ADVANCED_FACE('',(#242),#3429,.F.);
#3622=ADVANCED_FACE('',(#243),#3430,.F.);
#3623=ADVANCED_FACE('',(#244),#3431,.F.);
#3624=ADVANCED_FACE('',(#245),#3432,.T.);
#3625=ADVANCED_FACE('',(#246),#3433,.F.);
#3626=CLOSED_SHELL('',(#3434,#3435,#3436,#3437,#3438,#3439,#3440,#3441,
#3442,#3443,#3444,#3445,#3446,#3447,#3448,#3449,#3450,#3451,#3452,#3453,
#3454,#3455,#3456,#3457,#3458,#3459,#3460,#3461,#3462,#3463,#3464,#3465,
#3466,#3467,#3468,#3469,#3470,#3471,#3472,#3473,#3474,#3475,#3476,#3477,
#3478,#3479,#3480,#3481,#3482,#3483,#3484,#3485,#3486,#3487,#3488,#3489,
#3490,#3491,#3492,#3493,#3494,#3495,#3496,#3497,#3498,#3499,#3500,#3501,
#3502,#3503,#3504,#3505,#3506,#3507,#3508,#3509,#3510,#3511,#3512,#3513,
#3514,#3515,#3516,#3517,#3518,#3519,#3520,#3521,#3522,#3523,#3524,#3525,
#3526,#3527,#3528,#3529,#3530,#3531,#3532,#3533,#3534,#3535,#3536,#3537,
#3538,#3539,#3540,#3541,#3542,#3543,#3544,#3545,#3546,#3547,#3548,#3549,
#3550,#3551,#3552,#3553,#3554,#3555,#3556,#3557,#3558,#3559,#3560,#3561,
#3562,#3563,#3564,#3565,#3566,#3567,#3568,#3569,#3570,#3571,#3572,#3573,
#3574,#3575,#3576,#3577,#3578,#3579,#3580,#3581,#3582,#3583,#3584,#3585,
#3586,#3587,#3588,#3589,#3590,#3591,#3592,#3593,#3594,#3595,#3596,#3597,
#3598,#3599,#3600,#3601,#3602,#3603,#3604,#3605,#3606,#3607,#3608,#3609,
#3610,#3611,#3612,#3613,#3614,#3615,#3616,#3617,#3618,#3619,#3620,#3621,
#3622,#3623,#3624,#3625));
#3627=DERIVED_UNIT_ELEMENT(#3630,1.);
#3628=DERIVED_UNIT_ELEMENT(#5804,-3.);
#3629=DIMENSIONAL_EXPONENTS(0.,1.,0.,0.,0.,0.,0.);
#3630=(
CONVERSION_BASED_UNIT('gram',#3632)
MASS_UNIT()
NAMED_UNIT(#3629)
);
#3631=(
MASS_UNIT()
NAMED_UNIT(*)
SI_UNIT(.KILO.,.GRAM.)
);
#3632=MASS_MEASURE_WITH_UNIT(MASS_MEASURE(0.001),#3631);
#3633=DERIVED_UNIT((#3627,#3628));
#3634=MEASURE_REPRESENTATION_ITEM('density measure',
POSITIVE_RATIO_MEASURE(1.),#3633);
#3635=PROPERTY_DEFINITION_REPRESENTATION(#3640,#3637);
#3636=PROPERTY_DEFINITION_REPRESENTATION(#3641,#3638);
#3637=REPRESENTATION('material name',(#3639),#5801);
#3638=REPRESENTATION('density',(#3634),#5801);
#3639=DESCRIPTIVE_REPRESENTATION_ITEM('Generic','Generic');
#3640=PROPERTY_DEFINITION('material property','material name',#5811);
#3641=PROPERTY_DEFINITION('material property','density of part',#5811);
#3642=DATE_TIME_ROLE('creation_date');
#3643=APPLIED_DATE_AND_TIME_ASSIGNMENT(#3644,#3642,(#5811));
#3644=DATE_AND_TIME(#3645,#3646);
#3645=CALENDAR_DATE(2020,16,4);
#3646=LOCAL_TIME(14,15,10.,#3647);
#3647=COORDINATED_UNIVERSAL_TIME_OFFSET(0,0,.BEHIND.);
#3648=AXIS2_PLACEMENT_3D('',#4769,#3861,#3862);
#3649=AXIS2_PLACEMENT_3D('',#4770,#3863,#3864);
#3650=AXIS2_PLACEMENT_3D('',#4781,#3870,#3871);
#3651=AXIS2_PLACEMENT_3D('',#4792,#3877,#3878);
#3652=AXIS2_PLACEMENT_3D('',#4802,#3884,#3885);
#3653=AXIS2_PLACEMENT_3D('',#4808,#3889,#3890);
#3654=AXIS2_PLACEMENT_3D('',#4814,#3894,#3895);
#3655=AXIS2_PLACEMENT_3D('',#4820,#3899,#3900);
#3656=AXIS2_PLACEMENT_3D('',#4829,#3905,#3906);
#3657=AXIS2_PLACEMENT_3D('',#4837,#3911,#3912);
#3658=AXIS2_PLACEMENT_3D('',#4843,#3916,#3917);
#3659=AXIS2_PLACEMENT_3D('',#4851,#3922,#3923);
#3660=AXIS2_PLACEMENT_3D('',#4857,#3927,#3928);
#3661=AXIS2_PLACEMENT_3D('',#4861,#3931,#3932);
#3662=AXIS2_PLACEMENT_3D('',#4870,#3937,#3938);
#3663=AXIS2_PLACEMENT_3D('',#4880,#3944,#3945);
#3664=AXIS2_PLACEMENT_3D('',#4890,#3951,#3952);
#3665=AXIS2_PLACEMENT_3D('',#4896,#3956,#3957);
#3666=AXIS2_PLACEMENT_3D('',#4915,#3968,#3969);
#3667=AXIS2_PLACEMENT_3D('',#4921,#3973,#3974);
#3668=AXIS2_PLACEMENT_3D('',#4925,#3977,#3978);
#3669=AXIS2_PLACEMENT_3D('',#4931,#3982,#3983);
#3670=AXIS2_PLACEMENT_3D('',#4946,#3992,#3993);
#3671=AXIS2_PLACEMENT_3D('',#4956,#3999,#4000);
#3672=AXIS2_PLACEMENT_3D('',#4970,#4008,#4009);
#3673=AXIS2_PLACEMENT_3D('',#4976,#4013,#4014);
#3674=AXIS2_PLACEMENT_3D('',#4981,#4018,#4019);
#3675=AXIS2_PLACEMENT_3D('',#4989,#4024,#4025);
#3676=AXIS2_PLACEMENT_3D('',#5006,#4034,#4035);
#3677=AXIS2_PLACEMENT_3D('',#5008,#4037,#4038);
#3678=AXIS2_PLACEMENT_3D('',#5010,#4040,#4041);
#3679=AXIS2_PLACEMENT_3D('',#5012,#4043,#4044);
#3680=AXIS2_PLACEMENT_3D('',#5013,#4045,#4046);
#3681=AXIS2_PLACEMENT_3D('',#5019,#4050,#4051);
#3682=AXIS2_PLACEMENT_3D('',#5033,#4059,#4060);
#3683=AXIS2_PLACEMENT_3D('',#5035,#4062,#4063);
#3684=AXIS2_PLACEMENT_3D('',#5037,#4065,#4066);
#3685=AXIS2_PLACEMENT_3D('',#5039,#4068,#4069);
#3686=AXIS2_PLACEMENT_3D('',#5041,#4071,#4072);
#3687=AXIS2_PLACEMENT_3D('',#5047,#4076,#4077);
#3688=AXIS2_PLACEMENT_3D('',#5064,#4087,#4088);
#3689=AXIS2_PLACEMENT_3D('',#5068,#4091,#4092);
#3690=AXIS2_PLACEMENT_3D('',#5092,#4106,#4107);
#3691=AXIS2_PLACEMENT_3D('',#5147,#4136,#4137);
#3692=AXIS2_PLACEMENT_3D('',#5153,#4141,#4142);
#3693=AXIS2_PLACEMENT_3D('',#5162,#4147,#4148);
#3694=AXIS2_PLACEMENT_3D('',#5171,#4153,#4154);
#3695=AXIS2_PLACEMENT_3D('',#5181,#4160,#4161);
#3696=AXIS2_PLACEMENT_3D('',#5187,#4165,#4166);
#3697=AXIS2_PLACEMENT_3D('',#5196,#4172,#4173);
#3698=AXIS2_PLACEMENT_3D('',#5200,#4176,#4177);
#3699=AXIS2_PLACEMENT_3D('',#5209,#4182,#4183);
#3700=AXIS2_PLACEMENT_3D('',#5218,#4188,#4189);
#3701=AXIS2_PLACEMENT_3D('',#5228,#4195,#4196);
#3702=AXIS2_PLACEMENT_3D('',#5234,#4200,#4201);
#3703=AXIS2_PLACEMENT_3D('',#5241,#4206,#4207);
#3704=AXIS2_PLACEMENT_3D('',#5247,#4211,#4212);
#3705=AXIS2_PLACEMENT_3D('',#5257,#4218,#4219);
#3706=AXIS2_PLACEMENT_3D('',#5261,#4222,#4223);
#3707=AXIS2_PLACEMENT_3D('',#5265,#4226,#4227);
#3708=AXIS2_PLACEMENT_3D('',#5269,#4230,#4231);
#3709=AXIS2_PLACEMENT_3D('',#5273,#4234,#4235);
#3710=AXIS2_PLACEMENT_3D('',#5277,#4238,#4239);
#3711=AXIS2_PLACEMENT_3D('',#5287,#4245,#4246);
#3712=AXIS2_PLACEMENT_3D('',#5291,#4249,#4250);
#3713=AXIS2_PLACEMENT_3D('',#5295,#4253,#4254);
#3714=AXIS2_PLACEMENT_3D('',#5299,#4257,#4258);
#3715=AXIS2_PLACEMENT_3D('',#5302,#4261,#4262);
#3716=AXIS2_PLACEMENT_3D('',#5309,#4267,#4268);
#3717=AXIS2_PLACEMENT_3D('',#5319,#4274,#4275);
#3718=AXIS2_PLACEMENT_3D('',#5321,#4277,#4278);
#3719=AXIS2_PLACEMENT_3D('',#5348,#4293,#4294);
#3720=AXIS2_PLACEMENT_3D('',#5368,#4304,#4305);
#3721=AXIS2_PLACEMENT_3D('',#5372,#4307,#4308);
#3722=AXIS2_PLACEMENT_3D('',#5374,#4310,#4311);
#3723=AXIS2_PLACEMENT_3D('',#5382,#4314,#4315);
#3724=AXIS2_PLACEMENT_3D('',#5393,#4319,#4320);
#3725=AXIS2_PLACEMENT_3D('',#5395,#4321,#4322);
#3726=AXIS2_PLACEMENT_3D('',#5397,#4324,#4325);
#3727=AXIS2_PLACEMENT_3D('',#5398,#4326,#4327);
#3728=AXIS2_PLACEMENT_3D('',#5400,#4328,#4329);
#3729=AXIS2_PLACEMENT_3D('',#5401,#4330,#4331);
#3730=AXIS2_PLACEMENT_3D('',#5402,#4332,#4333);
#3731=AXIS2_PLACEMENT_3D('',#5406,#4336,#4337);
#3732=AXIS2_PLACEMENT_3D('',#5410,#4340,#4341);
#3733=AXIS2_PLACEMENT_3D('',#5413,#4344,#4345);
#3734=AXIS2_PLACEMENT_3D('',#5414,#4346,#4347);
#3735=AXIS2_PLACEMENT_3D('',#5415,#4348,#4349);
#3736=AXIS2_PLACEMENT_3D('',#5421,#4351,#4352);
#3737=AXIS2_PLACEMENT_3D('',#5432,#4356,#4357);
#3738=AXIS2_PLACEMENT_3D('',#5433,#4358,#4359);
#3739=AXIS2_PLACEMENT_3D('',#5434,#4360,#4361);
#3740=AXIS2_PLACEMENT_3D('',#5435,#4362,#4363);
#3741=AXIS2_PLACEMENT_3D('',#5436,#4364,#4365);
#3742=AXIS2_PLACEMENT_3D('',#5437,#4366,#4367);
#3743=AXIS2_PLACEMENT_3D('',#5438,#4368,#4369);
#3744=AXIS2_PLACEMENT_3D('',#5439,#4370,#4371);
#3745=AXIS2_PLACEMENT_3D('',#5443,#4373,#4374);
#3746=AXIS2_PLACEMENT_3D('',#5447,#4376,#4377);
#3747=AXIS2_PLACEMENT_3D('',#5459,#4385,#4386);
#3748=AXIS2_PLACEMENT_3D('',#5460,#4387,#4388);
#3749=AXIS2_PLACEMENT_3D('',#5462,#4389,#4390);
#3750=AXIS2_PLACEMENT_3D('',#5463,#4391,#4392);
#3751=AXIS2_PLACEMENT_3D('',#5464,#4393,#4394);
#3752=AXIS2_PLACEMENT_3D('',#5465,#4395,#4396);
#3753=AXIS2_PLACEMENT_3D('',#5466,#4397,#4398);
#3754=AXIS2_PLACEMENT_3D('',#5467,#4399,#4400);
#3755=AXIS2_PLACEMENT_3D('',#5468,#4401,#4402);
#3756=AXIS2_PLACEMENT_3D('',#5469,#4403,#4404);
#3757=AXIS2_PLACEMENT_3D('',#5470,#4405,#4406);
#3758=AXIS2_PLACEMENT_3D('',#5471,#4407,#4408);
#3759=AXIS2_PLACEMENT_3D('',#5472,#4409,#4410);
#3760=AXIS2_PLACEMENT_3D('',#5473,#4411,#4412);
#3761=AXIS2_PLACEMENT_3D('',#5477,#4415,#4416);
#3762=AXIS2_PLACEMENT_3D('',#5481,#4419,#4420);
#3763=AXIS2_PLACEMENT_3D('',#5484,#4423,#4424);
#3764=AXIS2_PLACEMENT_3D('',#5485,#4425,#4426);
#3765=AXIS2_PLACEMENT_3D('',#5486,#4427,#4428);
#3766=AXIS2_PLACEMENT_3D('',#5492,#4432,#4433);
#3767=AXIS2_PLACEMENT_3D('',#5498,#4437,#4438);
#3768=AXIS2_PLACEMENT_3D('',#5502,#4441,#4442);
#3769=AXIS2_PLACEMENT_3D('',#5506,#4445,#4446);
#3770=AXIS2_PLACEMENT_3D('',#5508,#4448,#4449);
#3771=AXIS2_PLACEMENT_3D('',#5509,#4450,#4451);
#3772=AXIS2_PLACEMENT_3D('',#5511,#4453,#4454);
#3773=AXIS2_PLACEMENT_3D('',#5516,#4458,#4459);
#3774=AXIS2_PLACEMENT_3D('',#5519,#4462,#4463);
#3775=AXIS2_PLACEMENT_3D('',#5521,#4465,#4466);
#3776=AXIS2_PLACEMENT_3D('',#5523,#4468,#4469);
#3777=AXIS2_PLACEMENT_3D('',#5527,#4472,#4473);
#3778=AXIS2_PLACEMENT_3D('',#5531,#4477,#4478);
#3779=AXIS2_PLACEMENT_3D('',#5551,#4489,#4490);
#3780=AXIS2_PLACEMENT_3D('',#5566,#4499,#4500);
#3781=AXIS2_PLACEMENT_3D('',#5573,#4504,#4505);
#3782=AXIS2_PLACEMENT_3D('',#5574,#4506,#4507);
#3783=AXIS2_PLACEMENT_3D('',#5577,#4509,#4510);
#3784=AXIS2_PLACEMENT_3D('',#5578,#4511,#4512);
#3785=AXIS2_PLACEMENT_3D('',#5584,#4516,#4517);
#3786=AXIS2_PLACEMENT_3D('',#5586,#4519,#4520);
#3787=AXIS2_PLACEMENT_3D('',#5588,#4522,#4523);
#3788=AXIS2_PLACEMENT_3D('',#5589,#4524,#4525);
#3789=AXIS2_PLACEMENT_3D('',#5593,#4528,#4529);
#3790=AXIS2_PLACEMENT_3D('',#5598,#4533,#4534);
#3791=AXIS2_PLACEMENT_3D('',#5600,#4536,#4537);
#3792=AXIS2_PLACEMENT_3D('',#5602,#4539,#4540);
#3793=AXIS2_PLACEMENT_3D('',#5604,#4542,#4543);
#3794=AXIS2_PLACEMENT_3D('',#5606,#4545,#4546);
#3795=AXIS2_PLACEMENT_3D('',#5608,#4548,#4549);
#3796=AXIS2_PLACEMENT_3D('',#5614,#4553,#4554);
#3797=AXIS2_PLACEMENT_3D('',#5620,#4558,#4559);
#3798=AXIS2_PLACEMENT_3D('',#5622,#4561,#4562);
#3799=AXIS2_PLACEMENT_3D('',#5625,#4565,#4566);
#3800=AXIS2_PLACEMENT_3D('',#5627,#4568,#4569);
#3801=AXIS2_PLACEMENT_3D('',#5628,#4570,#4571);
#3802=AXIS2_PLACEMENT_3D('',#5629,#4572,#4573);
#3803=AXIS2_PLACEMENT_3D('',#5630,#4574,#4575);
#3804=AXIS2_PLACEMENT_3D('',#5633,#4578,#4579);
#3805=AXIS2_PLACEMENT_3D('',#5639,#4583,#4584);
#3806=AXIS2_PLACEMENT_3D('',#5643,#4587,#4588);
#3807=AXIS2_PLACEMENT_3D('',#5647,#4591,#4592);
#3808=AXIS2_PLACEMENT_3D('',#5650,#4595,#4596);
#3809=AXIS2_PLACEMENT_3D('',#5652,#4598,#4599);
#3810=AXIS2_PLACEMENT_3D('',#5663,#4606,#4607);
#3811=AXIS2_PLACEMENT_3D('',#5674,#4613,#4614);
#3812=AXIS2_PLACEMENT_3D('',#5677,#4617,#4618);
#3813=AXIS2_PLACEMENT_3D('',#5679,#4620,#4621);
#3814=AXIS2_PLACEMENT_3D('',#5681,#4623,#4624);
#3815=AXIS2_PLACEMENT_3D('',#5682,#4625,#4626);
#3816=AXIS2_PLACEMENT_3D('',#5685,#4629,#4630);
#3817=AXIS2_PLACEMENT_3D('',#5687,#4632,#4633);
#3818=AXIS2_PLACEMENT_3D('',#5689,#4635,#4636);
#3819=AXIS2_PLACEMENT_3D('',#5691,#4638,#4639);
#3820=AXIS2_PLACEMENT_3D('',#5692,#4640,#4641);
#3821=AXIS2_PLACEMENT_3D('',#5694,#4643,#4644);
#3822=AXIS2_PLACEMENT_3D('',#5700,#4648,#4649);
#3823=AXIS2_PLACEMENT_3D('',#5704,#4652,#4653);
#3824=AXIS2_PLACEMENT_3D('',#5708,#4656,#4657);
#3825=AXIS2_PLACEMENT_3D('',#5711,#4660,#4661);
#3826=AXIS2_PLACEMENT_3D('',#5712,#4662,#4663);
#3827=AXIS2_PLACEMENT_3D('',#5713,#4664,#4665);
#3828=AXIS2_PLACEMENT_3D('',#5714,#4666,#4667);
#3829=AXIS2_PLACEMENT_3D('',#5716,#4669,#4670);
#3830=AXIS2_PLACEMENT_3D('',#5717,#4671,#4672);
#3831=AXIS2_PLACEMENT_3D('',#5726,#4679,#4680);
#3832=AXIS2_PLACEMENT_3D('',#5727,#4681,#4682);
#3833=AXIS2_PLACEMENT_3D('',#5728,#4683,#4684);
#3834=AXIS2_PLACEMENT_3D('',#5729,#4685,#4686);
#3835=AXIS2_PLACEMENT_3D('',#5730,#4687,#4688);
#3836=AXIS2_PLACEMENT_3D('',#5734,#4691,#4692);
#3837=AXIS2_PLACEMENT_3D('',#5738,#4695,#4696);
#3838=AXIS2_PLACEMENT_3D('',#5740,#4698,#4699);
#3839=AXIS2_PLACEMENT_3D('',#5741,#4700,#4701);
#3840=AXIS2_PLACEMENT_3D('',#5742,#4702,#4703);
#3841=AXIS2_PLACEMENT_3D('',#5744,#4705,#4706);
#3842=AXIS2_PLACEMENT_3D('',#5745,#4707,#4708);
#3843=AXIS2_PLACEMENT_3D('',#5747,#4710,#4711);
#3844=AXIS2_PLACEMENT_3D('',#5749,#4713,#4714);
#3845=AXIS2_PLACEMENT_3D('',#5750,#4715,#4716);
#3846=AXIS2_PLACEMENT_3D('',#5751,#4717,#4718);
#3847=AXIS2_PLACEMENT_3D('',#5752,#4719,#4720);
#3848=AXIS2_PLACEMENT_3D('',#5756,#4723,#4724);
#3849=AXIS2_PLACEMENT_3D('',#5760,#4727,#4728);
#3850=AXIS2_PLACEMENT_3D('',#5762,#4730,#4731);
#3851=AXIS2_PLACEMENT_3D('',#5763,#4732,#4733);
#3852=AXIS2_PLACEMENT_3D('',#5764,#4734,#4735);
#3853=AXIS2_PLACEMENT_3D('',#5772,#4740,#4741);
#3854=AXIS2_PLACEMENT_3D('',#5776,#4744,#4745);
#3855=AXIS2_PLACEMENT_3D('',#5782,#4749,#4750);
#3856=AXIS2_PLACEMENT_3D('',#5786,#4753,#4754);
#3857=AXIS2_PLACEMENT_3D('',#5790,#4757,#4758);
#3858=AXIS2_PLACEMENT_3D('',#5794,#4761,#4762);
#3859=AXIS2_PLACEMENT_3D('',#5796,#4764,#4765);
#3860=AXIS2_PLACEMENT_3D('',#5798,#4767,#4768);
#3861=DIRECTION('axis',(0.,0.,1.));
#3862=DIRECTION('refdir',(1.,0.,0.));
#3863=DIRECTION('center_axis',(1.,0.,0.));
#3864=DIRECTION('ref_axis',(0.,0.,-1.));
#3865=DIRECTION('',(0.,0.,-1.));
#3866=DIRECTION('',(0.,1.,0.));
#3867=DIRECTION('',(0.,0.,-1.));
#3868=DIRECTION('',(0.,-1.,0.));
#3869=DIRECTION('',(0.,1.,0.));
#3870=DIRECTION('center_axis',(1.,0.,0.));
#3871=DIRECTION('ref_axis',(0.,0.,-1.));
#3872=DIRECTION('',(0.,0.,-1.));
#3873=DIRECTION('',(0.,1.,0.));
#3874=DIRECTION('',(0.,-1.,0.));
#3875=DIRECTION('',(0.,0.,1.));
#3876=DIRECTION('',(0.,1.,0.));
#3877=DIRECTION('center_axis',(0.,1.,0.));
#3878=DIRECTION('ref_axis',(0.,0.,-1.));
#3879=DIRECTION('',(-1.,0.,0.));
#3880=DIRECTION('',(0.,0.,-1.));
#3881=DIRECTION('',(1.,0.,0.));
#3882=DIRECTION('',(0.,0.,-1.));
#3883=DIRECTION('',(1.,0.,0.));
#3884=DIRECTION('center_axis',(0.,0.,1.));
#3885=DIRECTION('ref_axis',(1.,0.,0.));
#3886=DIRECTION('',(0.,-1.,0.));
#3887=DIRECTION('',(1.,0.,0.));
#3888=DIRECTION('',(0.,1.,0.));
#3889=DIRECTION('center_axis',(0.,0.,1.));
#3890=DIRECTION('ref_axis',(1.,0.,0.));
#3891=DIRECTION('',(1.,0.,0.));
#3892=DIRECTION('',(1.,0.,0.));
#3893=DIRECTION('',(0.,-1.,0.));
#3894=DIRECTION('center_axis',(-1.,0.,0.));
#3895=DIRECTION('ref_axis',(0.,-1.,0.));
#3896=DIRECTION('',(0.,-1.,0.));
#3897=DIRECTION('',(0.,0.,-1.));
#3898=DIRECTION('',(0.,0.,-1.));
#3899=DIRECTION('center_axis',(0.,0.,1.));
#3900=DIRECTION('ref_axis',(0.,-1.,0.));
#3901=DIRECTION('',(0.,1.,0.));
#3902=DIRECTION('',(1.,0.,0.));
#3903=DIRECTION('',(0.,1.,0.));
#3904=DIRECTION('',(-0.937082114832659,-0.349109023172922,0.));
#3905=DIRECTION('center_axis',(0.,0.,1.));
#3906=DIRECTION('ref_axis',(0.,-1.,0.));
#3907=DIRECTION('',(-1.,0.,0.));
#3908=DIRECTION('',(-0.937082114832659,0.349109023172922,0.));
#3909=DIRECTION('',(1.,0.,0.));
#3910=DIRECTION('',(0.,1.,0.));
#3911=DIRECTION('center_axis',(1.,0.,0.));
#3912=DIRECTION('ref_axis',(0.,1.,0.));
#3913=DIRECTION('',(0.,0.,-1.));
#3914=DIRECTION('',(0.,1.,0.));
#3915=DIRECTION('',(0.,0.,1.));
#3916=DIRECTION('center_axis',(0.,-1.,0.));
#3917=DIRECTION('ref_axis',(0.,0.,-1.));
#3918=DIRECTION('',(-1.,0.,0.));
#3919=DIRECTION('',(0.,0.,-1.));
#3920=DIRECTION('',(1.,0.,0.));
#3921=DIRECTION('',(0.,0.,1.));
#3922=DIRECTION('center_axis',(0.,-1.,0.));
#3923=DIRECTION('ref_axis',(0.,0.,-1.));
#3924=DIRECTION('',(0.,0.,-1.));
#3925=DIRECTION('',(0.,0.,1.));
#3926=DIRECTION('',(-1.,0.,0.));
#3927=DIRECTION('center_axis',(1.,0.,0.));
#3928=DIRECTION('ref_axis',(0.,1.,0.));
#3929=DIRECTION('',(0.,-1.,0.));
#3930=DIRECTION('',(0.,0.,-1.));
#3931=DIRECTION('center_axis',(0.,0.,1.));
#3932=DIRECTION('ref_axis',(1.,0.,0.));
#3933=DIRECTION('',(1.,0.,0.));
#3934=DIRECTION('',(0.,-1.,0.));
#3935=DIRECTION('',(1.,0.,0.));
#3936=DIRECTION('',(0.,1.,0.));
#3937=DIRECTION('center_axis',(0.,0.,1.));
#3938=DIRECTION('ref_axis',(1.,0.,0.));
#3939=DIRECTION('',(0.,1.,0.));
#3940=DIRECTION('',(0.,1.,0.));
#3941=DIRECTION('',(0.,1.,0.));
#3942=DIRECTION('',(0.,-1.,0.));
#3943=DIRECTION('',(1.,0.,0.));
#3944=DIRECTION('center_axis',(0.,1.,0.));
#3945=DIRECTION('ref_axis',(0.,0.,1.));
#3946=DIRECTION('',(0.,0.,-1.));
#3947=DIRECTION('',(-1.,0.,0.));
#3948=DIRECTION('',(0.,0.,1.));
#3949=DIRECTION('',(-1.,0.,0.));
#3950=DIRECTION('',(0.,0.,-1.));
#3951=DIRECTION('center_axis',(1.,0.,0.));
#3952=DIRECTION('ref_axis',(0.,0.,-1.));
#3953=DIRECTION('',(0.,0.,1.));
#3954=DIRECTION('',(0.,-1.,0.));
#3955=DIRECTION('',(0.,1.,0.));
#3956=DIRECTION('center_axis',(1.,0.,0.));
#3957=DIRECTION('ref_axis',(0.,0.,-1.));
#3958=DIRECTION('',(0.,0.,1.));
#3959=DIRECTION('',(0.,0.,-1.));
#3960=DIRECTION('',(0.,1.,0.));
#3961=DIRECTION('',(0.,-1.,0.));
#3962=DIRECTION('',(0.,0.,-1.));
#3963=DIRECTION('',(0.,0.,-1.));
#3964=DIRECTION('',(0.,0.64287114276419,0.765974342782488));
#3965=DIRECTION('',(0.,0.,-1.));
#3966=DIRECTION('',(0.,-0.642871293713882,-0.765974216092578));
#3967=DIRECTION('',(0.,-1.,0.));
#3968=DIRECTION('center_axis',(0.,0.,-1.));
#3969=DIRECTION('ref_axis',(-1.,0.,0.));
#3970=DIRECTION('',(-1.,0.,0.));
#3971=DIRECTION('',(0.,-1.,0.));
#3972=DIRECTION('',(-1.,0.,0.));
#3973=DIRECTION('center_axis',(0.,0.,-1.));
#3974=DIRECTION('ref_axis',(-1.,0.,0.));
#3975=DIRECTION('',(-1.,0.,0.));
#3976=DIRECTION('',(0.,-1.,0.));
#3977=DIRECTION('center_axis',(0.,-1.,0.));
#3978=DIRECTION('ref_axis',(0.,0.,-1.));
#3979=DIRECTION('',(0.,0.,-1.));
#3980=DIRECTION('',(-1.,0.,0.));
#3981=DIRECTION('',(0.,0.,-1.));
#3982=DIRECTION('center_axis',(-1.,0.,0.));
#3983=DIRECTION('ref_axis',(0.,0.,1.));
#3984=DIRECTION('',(0.,0.,-1.));
#3985=DIRECTION('',(0.,1.,0.));
#3986=DIRECTION('',(0.,0.,1.));
#3987=DIRECTION('',(0.,1.,0.));
#3988=DIRECTION('',(0.,0.,1.));
#3989=DIRECTION('',(0.,1.,0.));
#3990=DIRECTION('',(0.,0.,-1.));
#3991=DIRECTION('',(0.,-1.,0.));
#3992=DIRECTION('center_axis',(0.,1.,0.));
#3993=DIRECTION('ref_axis',(0.,0.,1.));
#3994=DIRECTION('',(-1.,0.,0.));
#3995=DIRECTION('',(0.,0.,1.));
#3996=DIRECTION('',(-1.,0.,0.));
#3997=DIRECTION('',(-1.,0.,0.));
#3998=DIRECTION('',(0.,0.,-1.));
#3999=DIRECTION('center_axis',(0.,0.,-1.));
#4000=DIRECTION('ref_axis',(0.,1.,0.));
#4001=DIRECTION('',(0.,1.,0.));
#4002=DIRECTION('',(-1.,0.,0.));
#4003=DIRECTION('',(0.,1.,0.));
#4004=DIRECTION('',(0.,-1.,0.));
#4005=DIRECTION('',(-1.,0.,0.));
#4006=DIRECTION('',(0.,1.,0.));
#4007=DIRECTION('',(1.,0.,0.));
#4008=DIRECTION('center_axis',(1.,0.,0.));
#4009=DIRECTION('ref_axis',(0.,1.,0.));
#4010=DIRECTION('',(0.,0.,-1.));
#4011=DIRECTION('',(0.,1.,0.));
#4012=DIRECTION('',(0.,0.,-1.));
#4013=DIRECTION('center_axis',(0.,-1.,0.));
#4014=DIRECTION('ref_axis',(0.,0.,-1.));
#4015=DIRECTION('',(-1.,0.,0.));
#4016=DIRECTION('',(0.,0.,-1.));
#4017=DIRECTION('',(1.,0.,0.));
#4018=DIRECTION('center_axis',(0.,0.,1.));
#4019=DIRECTION('ref_axis',(1.,0.,0.));
#4020=DIRECTION('',(1.,0.,0.));
#4021=DIRECTION('',(0.,1.,0.));
#4022=DIRECTION('',(-1.,0.,0.));
#4023=DIRECTION('',(0.,1.,0.));
#4024=DIRECTION('center_axis',(0.,0.,1.));
#4025=DIRECTION('ref_axis',(1.,0.,0.));
#4026=DIRECTION('',(0.,-1.,0.));
#4027=DIRECTION('',(-1.,0.,0.));
#4028=DIRECTION('',(0.,-1.,0.));
#4029=DIRECTION('',(1.,0.,0.));
#4030=DIRECTION('',(0.,-1.,0.));
#4031=DIRECTION('',(1.,0.,0.));
#4032=DIRECTION('',(0.,1.,0.));
#4033=DIRECTION('',(-1.,0.,0.));
#4034=DIRECTION('center_axis',(1.,0.,0.));
#4035=DIRECTION('ref_axis',(0.,1.,0.));
#4036=DIRECTION('',(0.,0.,-1.));
#4037=DIRECTION('center_axis',(0.,1.,0.));
#4038=DIRECTION('ref_axis',(-1.,0.,0.));
#4039=DIRECTION('',(0.,0.,-1.));
#4040=DIRECTION('center_axis',(1.,0.,0.));
#4041=DIRECTION('ref_axis',(0.,1.,0.));
#4042=DIRECTION('',(0.,0.,-1.));
#4043=DIRECTION('center_axis',(0.,-1.,0.));
#4044=DIRECTION('ref_axis',(1.,0.,0.));
#4045=DIRECTION('center_axis',(-1.,0.,0.));
#4046=DIRECTION('ref_axis',(0.,-1.,0.));
#4047=DIRECTION('',(0.,-1.,0.));
#4048=DIRECTION('',(0.,0.,-1.));
#4049=DIRECTION('',(0.,0.,-1.));
#4050=DIRECTION('center_axis',(0.,0.,1.));
#4051=DIRECTION('ref_axis',(0.,1.,0.));
#4052=DIRECTION('',(1.,0.,0.));
#4053=DIRECTION('',(0.,1.,0.));
#4054=DIRECTION('',(1.,0.,0.));
#4055=DIRECTION('',(0.,1.,0.));
#4056=DIRECTION('',(1.,0.,0.));
#4057=DIRECTION('',(0.,-1.,0.));
#4058=DIRECTION('',(-1.,0.,0.));
#4059=DIRECTION('center_axis',(0.,1.,0.));
#4060=DIRECTION('ref_axis',(-1.,0.,0.));
#4061=DIRECTION('',(0.,0.,-1.));
#4062=DIRECTION('center_axis',(-1.,0.,0.));
#4063=DIRECTION('ref_axis',(0.,-1.,0.));
#4064=DIRECTION('',(0.,0.,-1.));
#4065=DIRECTION('center_axis',(0.,-1.,0.));
#4066=DIRECTION('ref_axis',(1.,0.,0.));
#4067=DIRECTION('',(0.,0.,-1.));
#4068=DIRECTION('center_axis',(-1.,0.,0.));
#4069=DIRECTION('ref_axis',(0.,-1.,0.));
#4070=DIRECTION('',(0.,0.,-1.));
#4071=DIRECTION('center_axis',(0.,1.,0.));
#4072=DIRECTION('ref_axis',(0.,0.,-1.));
#4073=DIRECTION('',(0.,0.,-1.));
#4074=DIRECTION('',(1.,0.,0.));
#4075=DIRECTION('',(0.,0.,-1.));
#4076=DIRECTION('center_axis',(1.,0.,0.));
#4077=DIRECTION('ref_axis',(0.,0.,-1.));
#4078=DIRECTION('',(0.,1.,0.));
#4079=DIRECTION('',(0.,-1.,0.));
#4080=DIRECTION('',(0.,0.,-1.));
#4081=DIRECTION('',(0.,1.,0.));
#4082=DIRECTION('',(0.,0.,-1.));
#4083=DIRECTION('',(0.,-1.,0.));
#4084=DIRECTION('',(0.,0.,1.));
#4085=DIRECTION('',(0.,1.,0.));
#4086=DIRECTION('',(0.,0.,-1.));
#4087=DIRECTION('center_axis',(0.,-1.,0.));
#4088=DIRECTION('ref_axis',(0.,0.,1.));
#4089=DIRECTION('',(1.,0.,0.));
#4090=DIRECTION('',(0.,0.,1.));
#4091=DIRECTION('center_axis',(-1.,0.,0.));
#4092=DIRECTION('ref_axis',(0.,0.,1.));
#4093=DIRECTION('',(0.,1.,0.));
#4094=DIRECTION('',(0.,0.,1.));
#4095=DIRECTION('',(0.,-1.,0.));
#4096=DIRECTION('',(0.,1.,0.));
#4097=DIRECTION('',(0.,1.,0.));
#4098=DIRECTION('',(0.,0.,-1.));
#4099=DIRECTION('',(0.,0.,1.));
#4100=DIRECTION('',(0.,-1.,0.));
#4101=DIRECTION('',(0.,0.,1.));
#4102=DIRECTION('',(0.,1.,0.));
#4103=DIRECTION('',(0.,0.,1.));
#4104=DIRECTION('',(0.,-1.,0.));
#4105=DIRECTION('',(0.,0.,-1.));
#4106=DIRECTION('center_axis',(0.,0.,-1.));
#4107=DIRECTION('ref_axis',(0.,1.,0.));
#4108=DIRECTION('',(0.,1.,0.));
#4109=DIRECTION('',(0.,1.,0.));
#4110=DIRECTION('',(1.,0.,0.));
#4111=DIRECTION('',(-1.,0.,0.));
#4112=DIRECTION('',(0.,1.,0.));
#4113=DIRECTION('',(1.,0.,0.));
#4114=DIRECTION('',(-1.,0.,0.));
#4115=DIRECTION('',(4.541821464376E-14,1.,8.074349270001E-14));
#4116=DIRECTION('',(0.,1.,0.));
#4117=DIRECTION('',(0.,1.,0.));
#4118=DIRECTION('',(0.,1.,0.));
#4119=DIRECTION('',(0.,1.,0.));
#4120=DIRECTION('',(-1.,0.,0.));
#4121=DIRECTION('',(0.,1.,0.));
#4122=DIRECTION('',(0.,1.,0.));
#4123=DIRECTION('',(0.,1.,0.));
#4124=DIRECTION('',(0.,1.,0.));
#4125=DIRECTION('',(-5.551115123126E-14,1.,8.074349270001E-14));
#4126=DIRECTION('',(-1.,0.,0.));
#4127=DIRECTION('',(0.,1.,0.));
#4128=DIRECTION('',(1.,0.,0.));
#4129=DIRECTION('',(0.,1.,0.));
#4130=DIRECTION('',(-1.,0.,0.));
#4131=DIRECTION('',(0.,1.,0.));
#4132=DIRECTION('',(1.,0.,0.));
#4133=DIRECTION('',(0.,1.,0.));
#4134=DIRECTION('',(0.,1.,0.));
#4135=DIRECTION('',(-1.,0.,0.));
#4136=DIRECTION('center_axis',(1.,0.,0.));
#4137=DIRECTION('ref_axis',(0.,0.,-1.));
#4138=DIRECTION('',(0.,0.,1.));
#4139=DIRECTION('',(0.,1.,0.));
#4140=DIRECTION('',(0.,0.,-1.));
#4141=DIRECTION('center_axis',(1.,0.,0.));
#4142=DIRECTION('ref_axis',(0.,0.,-1.));
#4143=DIRECTION('',(0.,1.,0.));
#4144=DIRECTION('',(0.,0.,1.));
#4145=DIRECTION('',(0.,1.,0.));
#4146=DIRECTION('',(0.,0.,-1.));
#4147=DIRECTION('center_axis',(1.,0.,0.));
#4148=DIRECTION('ref_axis',(0.,0.,-1.));
#4149=DIRECTION('',(0.,1.,0.));
#4150=DIRECTION('',(0.,0.,1.));
#4151=DIRECTION('',(0.,1.,0.));
#4152=DIRECTION('',(0.,0.,-1.));
#4153=DIRECTION('center_axis',(1.,0.,0.));
#4154=DIRECTION('ref_axis',(0.,0.,-1.));
#4155=DIRECTION('',(0.,0.,1.));
#4156=DIRECTION('',(0.,-1.,0.));
#4157=DIRECTION('',(0.,0.,-1.));
#4158=DIRECTION('',(0.,0.,1.));
#4159=DIRECTION('',(0.,1.,0.));
#4160=DIRECTION('center_axis',(1.,0.,0.));
#4161=DIRECTION('ref_axis',(0.,0.,-1.));
#4162=DIRECTION('',(0.,1.,0.));
#4163=DIRECTION('',(0.,0.,1.));
#4164=DIRECTION('',(0.,0.,1.));
#4165=DIRECTION('center_axis',(0.,-1.,0.));
#4166=DIRECTION('ref_axis',(0.,0.,-1.));
#4167=DIRECTION('',(0.,0.,-1.));
#4168=DIRECTION('',(0.,0.,-1.));
#4169=DIRECTION('',(1.,0.,0.));
#4170=DIRECTION('',(0.,0.,1.));
#4171=DIRECTION('',(-1.,0.,0.));
#4172=DIRECTION('center_axis',(1.,0.,0.));
#4173=DIRECTION('ref_axis',(0.,0.,-1.));
#4174=DIRECTION('',(0.,1.,0.));
#4175=DIRECTION('',(0.,0.,1.));
#4176=DIRECTION('center_axis',(1.,0.,0.));
#4177=DIRECTION('ref_axis',(0.,0.,-1.));
#4178=DIRECTION('',(0.,-1.,0.));
#4179=DIRECTION('',(0.,0.,-1.));
#4180=DIRECTION('',(0.,1.,0.));
#4181=DIRECTION('',(0.,0.,1.));
#4182=DIRECTION('center_axis',(1.,0.,0.));
#4183=DIRECTION('ref_axis',(0.,0.,-1.));
#4184=DIRECTION('',(0.,-1.,0.));
#4185=DIRECTION('',(0.,0.,-1.));
#4186=DIRECTION('',(0.,1.,0.));
#4187=DIRECTION('',(0.,0.,1.));
#4188=DIRECTION('center_axis',(1.,0.,0.));
#4189=DIRECTION('ref_axis',(0.,0.,-1.));
#4190=DIRECTION('',(0.,0.,-1.));
#4191=DIRECTION('',(0.,1.,0.));
#4192=DIRECTION('',(0.,0.,1.));
#4193=DIRECTION('',(0.,0.,-1.));
#4194=DIRECTION('',(0.,-1.,0.));
#4195=DIRECTION('center_axis',(1.,0.,0.));
#4196=DIRECTION('ref_axis',(0.,0.,-1.));
#4197=DIRECTION('',(0.,1.,0.));
#4198=DIRECTION('',(0.,0.,-1.));
#4199=DIRECTION('',(0.,0.,1.));
#4200=DIRECTION('center_axis',(0.,1.,0.));
#4201=DIRECTION('ref_axis',(0.,0.,1.));
#4202=DIRECTION('',(-1.,0.,0.));
#4203=DIRECTION('',(0.,0.,1.));
#4204=DIRECTION('',(1.,0.,0.));
#4205=DIRECTION('',(0.,0.,-1.));
#4206=DIRECTION('center_axis',(1.,0.,0.));
#4207=DIRECTION('ref_axis',(0.,0.,-1.));
#4208=DIRECTION('',(0.,0.,1.));
#4209=DIRECTION('',(0.,-1.,0.));
#4210=DIRECTION('',(0.,0.,1.));
#4211=DIRECTION('center_axis',(1.,0.,0.));
#4212=DIRECTION('ref_axis',(0.,0.,-1.));
#4213=DIRECTION('',(0.,-1.,0.));
#4214=DIRECTION('',(0.,0.,1.));
#4215=DIRECTION('',(0.,1.,0.));
#4216=DIRECTION('',(0.,0.,-1.));
#4217=DIRECTION('',(0.,0.,-1.));
#4218=DIRECTION('center_axis',(1.,0.,0.));
#4219=DIRECTION('ref_axis',(0.,0.,-1.));
#4220=DIRECTION('',(0.,-1.,0.));
#4221=DIRECTION('',(0.,0.,-1.));
#4222=DIRECTION('center_axis',(1.,0.,0.));
#4223=DIRECTION('ref_axis',(0.,0.,-1.));
#4224=DIRECTION('',(0.,0.,-1.));
#4225=DIRECTION('',(0.,-1.,0.));
#4226=DIRECTION('center_axis',(0.,1.,0.));
#4227=DIRECTION('ref_axis',(0.,0.,1.));
#4228=DIRECTION('',(0.,0.,1.));
#4229=DIRECTION('',(1.,0.,0.));
#4230=DIRECTION('center_axis',(0.,1.,0.));
#4231=DIRECTION('ref_axis',(0.,0.,1.));
#4232=DIRECTION('',(0.,0.,1.));
#4233=DIRECTION('',(1.,0.,0.));
#4234=DIRECTION('center_axis',(-1.,0.,0.));
#4235=DIRECTION('ref_axis',(0.,0.,1.));
#4236=DIRECTION('',(0.,0.,1.));
#4237=DIRECTION('',(0.,-1.,0.));
#4238=DIRECTION('center_axis',(-1.,0.,0.));
#4239=DIRECTION('ref_axis',(0.,0.,1.));
#4240=DIRECTION('',(0.,-1.,0.));
#4241=DIRECTION('',(0.,0.,1.));
#4242=DIRECTION('',(0.,0.,-1.));
#4243=DIRECTION('',(0.,1.,0.));
#4244=DIRECTION('',(0.,0.,1.));
#4245=DIRECTION('center_axis',(-1.,0.,0.));
#4246=DIRECTION('ref_axis',(0.,0.,1.));
#4247=DIRECTION('',(0.,-1.,0.));
#4248=DIRECTION('',(0.,0.,1.));
#4249=DIRECTION('center_axis',(-1.,0.,0.));
#4250=DIRECTION('ref_axis',(0.,0.,1.));
#4251=DIRECTION('',(0.,-1.,0.));
#4252=DIRECTION('',(0.,0.,-1.));
#4253=DIRECTION('center_axis',(0.,0.,-1.));
#4254=DIRECTION('ref_axis',(0.,1.,0.));
#4255=DIRECTION('',(-1.,0.,0.));
#4256=DIRECTION('',(0.,1.,0.));
#4257=DIRECTION('center_axis',(0.,0.,-1.));
#4258=DIRECTION('ref_axis',(0.,1.,0.));
#4259=DIRECTION('',(0.,-1.,0.));
#4260=DIRECTION('',(-1.,0.,0.));
#4261=DIRECTION('center_axis',(0.,0.,-1.));
#4262=DIRECTION('ref_axis',(0.,1.,0.));
#4263=DIRECTION('',(-1.,0.,0.));
#4264=DIRECTION('',(-1.,0.,0.));
#4265=DIRECTION('',(0.,1.,0.));
#4266=DIRECTION('',(1.,0.,0.));
#4267=DIRECTION('center_axis',(0.,0.,-1.));
#4268=DIRECTION('ref_axis',(0.,1.,0.));
#4269=DIRECTION('',(1.,0.,0.));
#4270=DIRECTION('',(0.,1.,0.));
#4271=DIRECTION('',(-1.,0.,0.));
#4272=DIRECTION('',(0.,-1.,0.));
#4273=DIRECTION('',(-1.,0.,0.));
#4274=DIRECTION('center_axis',(-1.,0.,0.));
#4275=DIRECTION('ref_axis',(0.,-1.,0.));
#4276=DIRECTION('',(0.,0.,-1.));
#4277=DIRECTION('center_axis',(0.,-1.,0.));
#4278=DIRECTION('ref_axis',(0.,0.,-1.));
#4279=DIRECTION('',(0.,0.,-1.));
#4280=DIRECTION('',(-0.642787609686505,0.,0.766044443119007));
#4281=DIRECTION('',(1.,0.,0.));
#4282=DIRECTION('',(-0.642787609686505,0.,-0.766044443119007));
#4283=DIRECTION('',(0.,0.,-1.));
#4284=DIRECTION('',(1.,0.,0.));
#4285=DIRECTION('',(0.,0.,-1.));
#4286=DIRECTION('',(-1.,0.,0.));
#4287=DIRECTION('',(0.,0.,-1.));
#4288=DIRECTION('',(1.,0.,0.));
#4289=DIRECTION('',(0.,0.,1.));
#4290=DIRECTION('',(-1.,0.,0.));
#4291=DIRECTION('',(0.,0.,1.));
#4292=DIRECTION('',(1.,0.,0.));
#4293=DIRECTION('center_axis',(-1.,0.,0.));
#4294=DIRECTION('ref_axis',(0.,0.,-1.));
#4295=DIRECTION('',(0.,1.,0.));
#4296=DIRECTION('',(0.,1.,0.));
#4297=DIRECTION('',(0.,0.,-1.));
#4298=DIRECTION('',(0.,-1.,0.));
#4299=DIRECTION('',(0.,-1.,0.));
#4300=DIRECTION('',(0.,0.,-1.));
#4301=DIRECTION('',(0.,1.,0.));
#4302=DIRECTION('',(0.,1.,0.));
#4303=DIRECTION('',(0.,0.866025403784429,-0.500000000000017));
#4304=DIRECTION('center_axis',(1.,0.,0.));
#4305=DIRECTION('ref_axis',(0.,-1.,0.));
#4306=DIRECTION('',(0.,0.,-1.));
#4307=DIRECTION('center_axis',(-1.,0.,0.));
#4308=DIRECTION('ref_axis',(0.,-1.,0.));
#4309=DIRECTION('',(0.,0.866025403784429,0.500000000000017));
#4310=DIRECTION('center_axis',(0.,0.,-1.));
#4311=DIRECTION('ref_axis',(0.,1.,0.));
#4312=DIRECTION('',(0.,-1.,0.));
#4313=DIRECTION('',(-1.,0.,0.));
#4314=DIRECTION('center_axis',(0.,0.,-1.));
#4315=DIRECTION('ref_axis',(0.,1.,0.));
#4316=DIRECTION('',(0.,1.,0.));
#4317=DIRECTION('',(1.,0.,0.));
#4318=DIRECTION('',(0.,1.,0.));
#4319=DIRECTION('center_axis',(0.,-1.,0.));
#4320=DIRECTION('ref_axis',(0.,0.,1.));
#4321=DIRECTION('center_axis',(0.,-1.,0.));
#4322=DIRECTION('ref_axis',(0.63897106637829,0.,-0.769230769230788));
#4323=DIRECTION('',(-1.,0.,0.));
#4324=DIRECTION('center_axis',(0.,-1.,0.));
#4325=DIRECTION('ref_axis',(-2.675637489347E-14,0.,-1.));
#4326=DIRECTION('center_axis',(0.,-1.,0.));
#4327=DIRECTION('ref_axis',(0.,0.,1.));
#4328=DIRECTION('center_axis',(0.,-1.,0.));
#4329=DIRECTION('ref_axis',(0.,0.,-1.));
#4330=DIRECTION('center_axis',(0.,-1.,0.));
#4331=DIRECTION('ref_axis',(1.,0.,0.));
#4332=DIRECTION('center_axis',(0.,-1.,0.));
#4333=DIRECTION('ref_axis',(1.,0.,0.));
#4334=DIRECTION('',(1.,0.,0.));
#4335=DIRECTION('',(0.,0.,1.));
#4336=DIRECTION('center_axis',(0.,-1.,0.));
#4337=DIRECTION('ref_axis',(1.,0.,0.));
#4338=DIRECTION('',(0.,0.,1.));
#4339=DIRECTION('',(-1.,0.,0.));
#4340=DIRECTION('center_axis',(1.,0.,0.));
#4341=DIRECTION('ref_axis',(0.,0.,1.));
#4342=DIRECTION('',(0.,-1.,0.));
#4343=DIRECTION('',(0.,-1.,0.));
#4344=DIRECTION('center_axis',(0.,0.,1.));
#4345=DIRECTION('ref_axis',(-1.,0.,0.));
#4346=DIRECTION('center_axis',(0.,0.,-1.));
#4347=DIRECTION('ref_axis',(1.,0.,0.));
#4348=DIRECTION('center_axis',(0.,0.,1.));
#4349=DIRECTION('ref_axis',(0.,-1.,0.));
#4350=DIRECTION('',(0.,-1.,0.));
#4351=DIRECTION('center_axis',(0.,0.,1.));
#4352=DIRECTION('ref_axis',(0.,-1.,0.));
#4353=DIRECTION('',(0.,1.,0.));
#4354=DIRECTION('',(0.,1.,0.));
#4355=DIRECTION('',(1.,0.,0.));
#4356=DIRECTION('center_axis',(0.,1.,0.));
#4357=DIRECTION('ref_axis',(0.,0.,-1.));
#4358=DIRECTION('center_axis',(0.,-1.,0.));
#4359=DIRECTION('ref_axis',(0.,0.,-1.));
#4360=DIRECTION('center_axis',(0.,-1.,0.));
#4361=DIRECTION('ref_axis',(0.63897106637829,0.,-0.769230769230788));
#4362=DIRECTION('center_axis',(0.,-1.,0.));
#4363=DIRECTION('ref_axis',(0.,0.,1.));
#4364=DIRECTION('center_axis',(0.,-1.,0.));
#4365=DIRECTION('ref_axis',(0.,0.,1.));
#4366=DIRECTION('center_axis',(0.,-1.,0.));
#4367=DIRECTION('ref_axis',(0.,0.,-1.));
#4368=DIRECTION('center_axis',(0.,-1.,0.));
#4369=DIRECTION('ref_axis',(0.,0.,1.));
#4370=DIRECTION('center_axis',(1.,0.,0.));
#4371=DIRECTION('ref_axis',(0.,0.,1.));
#4372=DIRECTION('',(0.,0.866025403784429,0.500000000000017));
#4373=DIRECTION('center_axis',(-1.,0.,0.));
#4374=DIRECTION('ref_axis',(0.,-1.,0.));
#4375=DIRECTION('',(0.,0.,-1.));
#4376=DIRECTION('center_axis',(1.,0.,0.));
#4377=DIRECTION('ref_axis',(0.,-1.,0.));
#4378=DIRECTION('',(0.,0.866025403784429,-0.500000000000017));
#4379=DIRECTION('',(0.,1.,0.));
#4380=DIRECTION('',(0.,0.,-1.));
#4381=DIRECTION('',(0.,-1.,0.));
#4382=DIRECTION('',(0.,-1.,0.));
#4383=DIRECTION('',(0.,0.,-1.));
#4384=DIRECTION('',(0.,1.,0.));
#4385=DIRECTION('center_axis',(0.,1.,0.));
#4386=DIRECTION('ref_axis',(0.,0.,1.));
#4387=DIRECTION('center_axis',(0.,1.,0.));
#4388=DIRECTION('ref_axis',(0.,0.,-1.));
#4389=DIRECTION('center_axis',(0.,1.,0.));
#4390=DIRECTION('ref_axis',(-1.,0.,0.));
#4391=DIRECTION('center_axis',(0.,1.,0.));
#4392=DIRECTION('ref_axis',(0.,0.,-1.));
#4393=DIRECTION('center_axis',(0.,1.,0.));
#4394=DIRECTION('ref_axis',(0.,0.,1.));
#4395=DIRECTION('center_axis',(0.,1.,0.));
#4396=DIRECTION('ref_axis',(-0.63897106637829,0.,-0.769230769230788));
#4397=DIRECTION('center_axis',(0.,1.,0.));
#4398=DIRECTION('ref_axis',(0.,0.,1.));
#4399=DIRECTION('center_axis',(0.,1.,0.));
#4400=DIRECTION('ref_axis',(-0.63897106637829,0.,-0.769230769230788));
#4401=DIRECTION('center_axis',(0.,1.,0.));
#4402=DIRECTION('ref_axis',(0.,0.,1.));
#4403=DIRECTION('center_axis',(0.,1.,0.));
#4404=DIRECTION('ref_axis',(0.,0.,-1.));
#4405=DIRECTION('center_axis',(0.,1.,0.));
#4406=DIRECTION('ref_axis',(0.,0.,1.));
#4407=DIRECTION('center_axis',(0.,1.,0.));
#4408=DIRECTION('ref_axis',(0.,0.,-1.));
#4409=DIRECTION('center_axis',(0.,1.,0.));
#4410=DIRECTION('ref_axis',(0.,0.,1.));
#4411=DIRECTION('center_axis',(0.,1.,0.));
#4412=DIRECTION('ref_axis',(-1.,0.,0.));
#4413=DIRECTION('',(1.,0.,0.));
#4414=DIRECTION('',(0.,0.,1.));
#4415=DIRECTION('center_axis',(0.,1.,0.));
#4416=DIRECTION('ref_axis',(-1.,0.,0.));
#4417=DIRECTION('',(0.,0.,1.));
#4418=DIRECTION('',(-1.,0.,0.));
#4419=DIRECTION('center_axis',(1.,0.,0.));
#4420=DIRECTION('ref_axis',(0.,0.,1.));
#4421=DIRECTION('',(0.,-1.,0.));
#4422=DIRECTION('',(0.,-1.,0.));
#4423=DIRECTION('center_axis',(0.,0.,1.));
#4424=DIRECTION('ref_axis',(-1.,0.,0.));
#4425=DIRECTION('center_axis',(0.,0.,-1.));
#4426=DIRECTION('ref_axis',(1.,0.,0.));
#4427=DIRECTION('center_axis',(0.,0.,-1.));
#4428=DIRECTION('ref_axis',(1.,0.,0.));
#4429=DIRECTION('',(0.177152998315298,-0.984183323973689,0.));
#4430=DIRECTION('',(-1.,0.,0.));
#4431=DIRECTION('',(-0.177152998315298,-0.984183323973689,0.));
#4432=DIRECTION('center_axis',(0.984183323973689,-0.177152998315298,0.));
#4433=DIRECTION('ref_axis',(-0.177152998315298,-0.984183323973689,0.));
#4434=DIRECTION('',(0.174436949745496,0.969094165252776,0.174436949745496));
#4435=DIRECTION('',(0.,0.,-1.));
#4436=DIRECTION('',(-0.174436949745496,-0.969094165252776,0.174436949745496));
#4437=DIRECTION('center_axis',(0.,-0.177152998315298,-0.984183323973689));
#4438=DIRECTION('ref_axis',(0.,-0.984183323973689,0.177152998315298));
#4439=DIRECTION('',(-1.,0.,0.));
#4440=DIRECTION('',(-0.174436949745496,0.969094165252776,-0.174436949745496));
#4441=DIRECTION('center_axis',(-0.984183323973689,-0.177152998315298,0.));
#4442=DIRECTION('ref_axis',(0.177152998315298,-0.984183323973689,0.));
#4443=DIRECTION('',(0.,0.,1.));
#4444=DIRECTION('',(-0.174436949745496,0.969094165252776,0.174436949745496));
#4445=DIRECTION('center_axis',(0.,-0.177152998315298,0.984183323973689));
#4446=DIRECTION('ref_axis',(0.,0.984183323973689,0.177152998315298));
#4447=DIRECTION('',(-1.,0.,0.));
#4448=DIRECTION('center_axis',(0.,-1.,0.));
#4449=DIRECTION('ref_axis',(0.,0.,-1.));
#4450=DIRECTION('center_axis',(0.349109023172922,0.937082114832659,0.));
#4451=DIRECTION('ref_axis',(-0.937082114832659,0.349109023172922,0.));
#4452=DIRECTION('',(-0.625113629922105,0.232885469971002,-0.744981414239305));
#4453=DIRECTION('center_axis',(0.766044443119007,0.,-0.642787609686505));
#4454=DIRECTION('ref_axis',(-0.642787609686505,0.,-0.766044443119007));
#4455=DIRECTION('',(-0.642787609686505,0.,-0.766044443119006));
#4456=DIRECTION('',(0.,-1.,0.));
#4457=DIRECTION('',(-0.642787609686505,0.,-0.766044443119006));
#4458=DIRECTION('center_axis',(0.766044443119007,0.,-0.642787609686505));
#4459=DIRECTION('ref_axis',(-0.642787609686505,0.,-0.766044443119007));
#4460=DIRECTION('',(-0.642787609686505,0.,-0.766044443119006));
#4461=DIRECTION('',(0.,-1.,0.));
#4462=DIRECTION('center_axis',(0.,1.,0.));
#4463=DIRECTION('ref_axis',(1.,0.,0.));
#4464=DIRECTION('',(-0.642787609686505,0.,0.766044443119006));
#4465=DIRECTION('center_axis',(0.,1.,0.));
#4466=DIRECTION('ref_axis',(1.,0.,0.));
#4467=DIRECTION('',(-1.,0.,0.));
#4468=DIRECTION('center_axis',(-0.766044443119007,0.,-0.642787609686505));
#4469=DIRECTION('ref_axis',(-0.642787609686505,0.,0.766044443119007));
#4470=DIRECTION('',(-0.642787609686505,0.,0.766044443119006));
#4471=DIRECTION('',(0.,-1.,0.));
#4472=DIRECTION('center_axis',(-0.766044443119007,0.,-0.642787609686505));
#4473=DIRECTION('ref_axis',(-0.642787609686505,0.,0.766044443119007));
#4474=DIRECTION('',(-0.642787609686505,0.,0.766044443119006));
#4475=DIRECTION('',(0.,-1.,0.));
#4476=DIRECTION('',(-0.625113629922105,-0.232885469971002,0.744981414239305));
#4477=DIRECTION('center_axis',(0.,0.,1.));
#4478=DIRECTION('ref_axis',(0.,-1.,0.));
#4479=DIRECTION('',(1.,0.,0.));
#4480=DIRECTION('',(0.,-1.,0.));
#4481=DIRECTION('',(-1.,0.,0.));
#4482=DIRECTION('',(0.,1.,0.));
#4483=DIRECTION('',(1.,0.,0.));
#4484=DIRECTION('',(-1.,0.,0.));
#4485=DIRECTION('',(0.,1.,0.));
#4486=DIRECTION('',(1.,0.,0.));
#4487=DIRECTION('',(0.707106781186548,-0.707106781186548,0.));
#4488=DIRECTION('',(0.,-1.,0.));
#4489=DIRECTION('center_axis',(0.,1.,0.));
#4490=DIRECTION('ref_axis',(0.,0.,1.));
#4491=DIRECTION('',(0.,0.,1.));
#4492=DIRECTION('',(0.,0.,-1.));
#4493=DIRECTION('',(0.,0.,1.));
#4494=DIRECTION('',(1.,0.,0.));
#4495=DIRECTION('',(0.,0.,-1.));
#4496=DIRECTION('',(1.,0.,0.));
#4497=DIRECTION('',(0.,0.,-1.));
#4498=DIRECTION('',(1.,0.,0.));
#4499=DIRECTION('center_axis',(1.,0.,0.));
#4500=DIRECTION('ref_axis',(0.,0.,-1.));
#4501=DIRECTION('',(0.,-0.644702799660219,0.764433319597122));
#4502=DIRECTION('',(0.,0.,1.));
#4503=DIRECTION('',(0.,1.,0.));
#4504=DIRECTION('center_axis',(-1.,0.,0.));
#4505=DIRECTION('ref_axis',(0.,-1.,0.));
#4506=DIRECTION('center_axis',(1.,0.,0.));
#4507=DIRECTION('ref_axis',(0.,0.,-1.));
#4508=DIRECTION('',(1.,0.,0.));
#4509=DIRECTION('center_axis',(-1.,0.,0.));
#4510=DIRECTION('ref_axis',(0.,-1.,0.));
#4511=DIRECTION('center_axis',(1.,0.,0.));
#4512=DIRECTION('ref_axis',(0.,0.,-1.));
#4513=DIRECTION('',(0.,1.,0.));
#4514=DIRECTION('',(0.,0.,1.));
#4515=DIRECTION('',(0.,-0.644702799660219,0.764433319597122));
#4516=DIRECTION('center_axis',(0.,0.764433319597122,0.644702799660219));
#4517=DIRECTION('ref_axis',(0.,-0.644702799660219,0.764433319597122));
#4518=DIRECTION('',(1.,0.,0.));
#4519=DIRECTION('center_axis',(0.,1.,0.));
#4520=DIRECTION('ref_axis',(0.,0.,1.));
#4521=DIRECTION('',(1.,0.,0.));
#4522=DIRECTION('center_axis',(0.,0.,-1.));
#4523=DIRECTION('ref_axis',(0.,1.,0.));
#4524=DIRECTION('center_axis',(-1.,0.,0.));
#4525=DIRECTION('ref_axis',(0.,0.,1.));
#4526=DIRECTION('',(0.,-1.,0.));
#4527=DIRECTION('',(0.,0.,1.));
#4528=DIRECTION('center_axis',(0.,1.,0.));
#4529=DIRECTION('ref_axis',(1.,0.,0.));
#4530=DIRECTION('',(1.,0.,0.));
#4531=DIRECTION('',(0.,0.,-1.));
#4532=DIRECTION('',(1.,0.,0.));
#4533=DIRECTION('center_axis',(0.,0.,1.));
#4534=DIRECTION('ref_axis',(1.,0.,0.));
#4535=DIRECTION('',(1.,0.,0.));
#4536=DIRECTION('center_axis',(0.,0.,1.));
#4537=DIRECTION('ref_axis',(1.,0.,0.));
#4538=DIRECTION('',(1.,0.,0.));
#4539=DIRECTION('center_axis',(0.,0.,1.));
#4540=DIRECTION('ref_axis',(1.,0.,0.));
#4541=DIRECTION('',(1.,0.,0.));
#4542=DIRECTION('center_axis',(0.,1.,0.));
#4543=DIRECTION('ref_axis',(0.,0.,1.));
#4544=DIRECTION('',(-1.,0.,0.));
#4545=DIRECTION('center_axis',(0.,0.,-1.));
#4546=DIRECTION('ref_axis',(0.,1.,0.));
#4547=DIRECTION('',(-1.,0.,0.));
#4548=DIRECTION('center_axis',(0.,-0.177152998315298,-0.984183323973689));
#4549=DIRECTION('ref_axis',(0.,-0.984183323973689,0.177152998315298));
#4550=DIRECTION('',(-1.,0.,0.));
#4551=DIRECTION('',(-0.174436949745496,0.969094165252776,-0.174436949745496));
#4552=DIRECTION('',(-0.174436949745496,-0.969094165252776,0.174436949745496));
#4553=DIRECTION('center_axis',(0.,-1.,0.));
#4554=DIRECTION('ref_axis',(0.,0.,-1.));
#4555=DIRECTION('',(0.,0.,-1.));
#4556=DIRECTION('',(-1.,0.,0.));
#4557=DIRECTION('',(0.,0.,1.));
#4558=DIRECTION('center_axis',(-0.984183323973689,-0.177152998315298,0.));
#4559=DIRECTION('ref_axis',(0.177152998315298,-0.984183323973689,0.));
#4560=DIRECTION('',(-0.174436949745496,0.969094165252776,0.174436949745496));
#4561=DIRECTION('center_axis',(0.,-0.177152998315298,0.984183323973689));
#4562=DIRECTION('ref_axis',(0.,0.984183323973689,0.177152998315298));
#4563=DIRECTION('',(-1.,0.,0.));
#4564=DIRECTION('',(0.174436949745496,0.969094165252776,0.174436949745496));
#4565=DIRECTION('center_axis',(0.,0.,1.));
#4566=DIRECTION('ref_axis',(0.,-1.,0.));
#4567=DIRECTION('',(-1.,0.,0.));
#4568=DIRECTION('center_axis',(0.,-1.,0.));
#4569=DIRECTION('ref_axis',(0.,0.,-1.));
#4570=DIRECTION('center_axis',(0.984183323973689,-0.177152998315298,0.));
#4571=DIRECTION('ref_axis',(-0.177152998315298,-0.984183323973689,0.));
#4572=DIRECTION('center_axis',(0.,1.,0.));
#4573=DIRECTION('ref_axis',(0.,0.,1.));
#4574=DIRECTION('center_axis',(0.,1.,0.));
#4575=DIRECTION('ref_axis',(0.,0.,1.));
#4576=DIRECTION('',(-1.,0.,0.));
#4577=DIRECTION('',(1.,0.,0.));
#4578=DIRECTION('center_axis',(0.,0.984183323973689,0.177152998315298));
#4579=DIRECTION('ref_axis',(0.,0.177152998315298,-0.984183323973689));
#4580=DIRECTION('',(-0.174436949745496,0.174436949745496,-0.969094165252776));
#4581=DIRECTION('',(-1.,0.,0.));
#4582=DIRECTION('',(0.174436949745496,0.174436949745496,-0.969094165252776));
#4583=DIRECTION('center_axis',(0.984183323973689,0.,0.177152998315298));
#4584=DIRECTION('ref_axis',(-0.177152998315298,0.,0.984183323973689));
#4585=DIRECTION('',(0.,-1.,0.));
#4586=DIRECTION('',(-0.174436949745496,0.174436949745496,0.969094165252776));
#4587=DIRECTION('center_axis',(0.,0.,1.));
#4588=DIRECTION('ref_axis',(0.,-1.,0.));
#4589=DIRECTION('',(-1.,0.,0.));
#4590=DIRECTION('',(0.,1.,0.));
#4591=DIRECTION('center_axis',(0.,-0.984183323973689,0.177152998315298));
#4592=DIRECTION('ref_axis',(0.,0.177152998315298,0.984183323973689));
#4593=DIRECTION('',(-0.174436949745496,-0.174436949745496,-0.969094165252776));
#4594=DIRECTION('',(-1.,0.,0.));
#4595=DIRECTION('center_axis',(0.,-1.,0.));
#4596=DIRECTION('ref_axis',(0.,0.,-1.));
#4597=DIRECTION('',(1.,0.,0.));
#4598=DIRECTION('center_axis',(0.,0.,1.));
#4599=DIRECTION('ref_axis',(1.,0.,0.));
#4600=DIRECTION('',(0.,-1.,0.));
#4601=DIRECTION('',(1.,0.,0.));
#4602=DIRECTION('',(0.,1.,0.));
#4603=DIRECTION('',(-1.,0.,0.));
#4604=DIRECTION('',(1.,0.,0.));
#4605=DIRECTION('',(1.,0.,0.));
#4606=DIRECTION('center_axis',(0.,0.,1.));
#4607=DIRECTION('ref_axis',(1.,0.,0.));
#4608=DIRECTION('',(-1.,0.,0.));
#4609=DIRECTION('',(0.,-1.,0.));
#4610=DIRECTION('',(0.707106781186548,-0.707106781186548,0.));
#4611=DIRECTION('',(1.,0.,0.));
#4612=DIRECTION('',(0.,1.,0.));
#4613=DIRECTION('center_axis',(-1.,0.,0.));
#4614=DIRECTION('ref_axis',(0.,-1.,0.));
#4615=DIRECTION('',(0.,0.,-1.));
#4616=DIRECTION('',(0.,0.,-1.));
#4617=DIRECTION('center_axis',(0.,1.,0.));
#4618=DIRECTION('ref_axis',(-1.,0.,0.));
#4619=DIRECTION('',(0.,0.,-1.));
#4620=DIRECTION('center_axis',(1.,0.,0.));
#4621=DIRECTION('ref_axis',(0.,1.,0.));
#4622=DIRECTION('',(0.,0.,-1.));
#4623=DIRECTION('center_axis',(0.,-1.,0.));
#4624=DIRECTION('ref_axis',(1.,0.,0.));
#4625=DIRECTION('center_axis',(0.,1.,0.));
#4626=DIRECTION('ref_axis',(-1.,0.,0.));
#4627=DIRECTION('',(0.,0.,-1.));
#4628=DIRECTION('',(0.,0.,-1.));
#4629=DIRECTION('center_axis',(1.,0.,0.));
#4630=DIRECTION('ref_axis',(0.,1.,0.));
#4631=DIRECTION('',(0.,0.,-1.));
#4632=DIRECTION('center_axis',(0.,-1.,0.));
#4633=DIRECTION('ref_axis',(1.,0.,0.));
#4634=DIRECTION('',(0.,0.,-1.));
#4635=DIRECTION('center_axis',(-0.707106781186548,-0.707106781186548,0.));
#4636=DIRECTION('ref_axis',(0.707106781186548,-0.707106781186548,0.));
#4637=DIRECTION('',(0.,0.,-1.));
#4638=DIRECTION('center_axis',(-1.,0.,0.));
#4639=DIRECTION('ref_axis',(0.,-1.,0.));
#4640=DIRECTION('center_axis',(0.,1.,0.));
#4641=DIRECTION('ref_axis',(0.,0.,1.));
#4642=DIRECTION('',(-1.,0.,0.));
#4643=DIRECTION('center_axis',(0.,0.984183323973689,0.177152998315298));
#4644=DIRECTION('ref_axis',(0.,0.177152998315298,-0.984183323973689));
#4645=DIRECTION('',(0.174436949745496,0.174436949745496,-0.969094165252776));
#4646=DIRECTION('',(0.174436949745496,-0.174436949745496,0.969094165252776));
#4647=DIRECTION('',(-1.,0.,0.));
#4648=DIRECTION('center_axis',(0.984183323973689,0.,0.177152998315298));
#4649=DIRECTION('ref_axis',(-0.177152998315298,0.,0.984183323973689));
#4650=DIRECTION('',(0.,-1.,0.));
#4651=DIRECTION('',(-0.174436949745496,0.174436949745496,0.969094165252776));
#4652=DIRECTION('center_axis',(0.,0.,1.));
#4653=DIRECTION('ref_axis',(0.,-1.,0.));
#4654=DIRECTION('',(-1.,0.,0.));
#4655=DIRECTION('',(0.,1.,0.));
#4656=DIRECTION('center_axis',(0.,-0.984183323973689,0.177152998315298));
#4657=DIRECTION('ref_axis',(0.,0.177152998315298,0.984183323973689));
#4658=DIRECTION('',(-0.174436949745496,-0.174436949745496,-0.969094165252776));
#4659=DIRECTION('',(-1.,0.,0.));
#4660=DIRECTION('center_axis',(0.,-1.,0.));
#4661=DIRECTION('ref_axis',(0.,0.,-1.));
#4662=DIRECTION('center_axis',(-0.984183323973689,0.,0.177152998315298));
#4663=DIRECTION('ref_axis',(0.177152998315298,0.,0.984183323973689));
#4664=DIRECTION('center_axis',(-0.984183323973689,0.,0.177152998315298));
#4665=DIRECTION('ref_axis',(0.177152998315298,0.,0.984183323973689));
#4666=DIRECTION('center_axis',(1.,0.,0.));
#4667=DIRECTION('ref_axis',(0.,0.,-1.));
#4668=DIRECTION('',(0.,-1.,0.));
#4669=DIRECTION('center_axis',(0.,0.,1.));
#4670=DIRECTION('ref_axis',(1.,0.,0.));
#4671=DIRECTION('center_axis',(1.,0.,0.));
#4672=DIRECTION('ref_axis',(0.,0.,-1.));
#4673=DIRECTION('',(0.,0.,-1.));
#4674=DIRECTION('',(0.,-1.,0.));
#4675=DIRECTION('',(0.,0.,1.));
#4676=DIRECTION('',(0.,0.,1.));
#4677=DIRECTION('',(0.,1.,0.));
#4678=DIRECTION('',(0.,1.,0.));
#4679=DIRECTION('center_axis',(0.,0.,-1.));
#4680=DIRECTION('ref_axis',(0.,1.,0.));
#4681=DIRECTION('center_axis',(0.,0.,-1.));
#4682=DIRECTION('ref_axis',(0.,1.,0.));
#4683=DIRECTION('center_axis',(0.,-1.,0.));
#4684=DIRECTION('ref_axis',(0.,0.,-1.));
#4685=DIRECTION('center_axis',(0.,-1.,0.));
#4686=DIRECTION('ref_axis',(0.,0.,-1.));
#4687=DIRECTION('center_axis',(0.,1.,0.));
#4688=DIRECTION('ref_axis',(0.,0.,1.));
#4689=DIRECTION('',(-1.,0.,0.));
#4690=DIRECTION('',(0.,0.,1.));
#4691=DIRECTION('center_axis',(1.,0.,0.));
#4692=DIRECTION('ref_axis',(0.,0.,-1.));
#4693=DIRECTION('',(0.,-1.,0.));
#4694=DIRECTION('',(0.,0.,-1.));
#4695=DIRECTION('center_axis',(0.,-1.,0.));
#4696=DIRECTION('ref_axis',(0.,0.,-1.));
#4697=DIRECTION('',(-1.,0.,0.));
#4698=DIRECTION('center_axis',(0.,0.,1.));
#4699=DIRECTION('ref_axis',(0.,-1.,0.));
#4700=DIRECTION('center_axis',(0.,1.,0.));
#4701=DIRECTION('ref_axis',(1.,0.,0.));
#4702=DIRECTION('center_axis',(0.,1.,0.));
#4703=DIRECTION('ref_axis',(1.,0.,0.));
#4704=DIRECTION('',(-1.,0.,0.));
#4705=DIRECTION('center_axis',(0.,0.,-1.));
#4706=DIRECTION('ref_axis',(-1.,0.,0.));
#4707=DIRECTION('center_axis',(0.,0.,-1.));
#4708=DIRECTION('ref_axis',(-1.,0.,0.));
#4709=DIRECTION('',(-1.,0.,0.));
#4710=DIRECTION('center_axis',(0.,-1.,0.));
#4711=DIRECTION('ref_axis',(0.,0.,1.));
#4712=DIRECTION('',(1.,0.,0.));
#4713=DIRECTION('center_axis',(0.,0.,1.));
#4714=DIRECTION('ref_axis',(0.,1.,0.));
#4715=DIRECTION('center_axis',(-0.349109023172922,0.937082114832659,0.));
#4716=DIRECTION('ref_axis',(-0.937082114832659,-0.349109023172922,0.));
#4717=DIRECTION('center_axis',(0.,0.,-1.));
#4718=DIRECTION('ref_axis',(0.,1.,0.));
#4719=DIRECTION('center_axis',(0.,-1.,0.));
#4720=DIRECTION('ref_axis',(0.,0.,1.));
#4721=DIRECTION('',(0.,0.,1.));
#4722=DIRECTION('',(1.,0.,0.));
#4723=DIRECTION('center_axis',(0.,0.,-1.));
#4724=DIRECTION('ref_axis',(0.,-1.,0.));
#4725=DIRECTION('',(0.,-1.,0.));
#4726=DIRECTION('',(1.,0.,0.));
#4727=DIRECTION('center_axis',(0.,1.,0.));
#4728=DIRECTION('ref_axis',(0.,0.,-1.));
#4729=DIRECTION('',(0.,0.,-1.));
#4730=DIRECTION('center_axis',(1.,0.,0.));
#4731=DIRECTION('ref_axis',(0.,0.,-1.));
#4732=DIRECTION('center_axis',(0.,0.,1.));
#4733=DIRECTION('ref_axis',(0.,1.,0.));
#4734=DIRECTION('center_axis',(0.,1.,0.));
#4735=DIRECTION('ref_axis',(0.,0.,1.));
#4736=DIRECTION('',(-1.,0.,0.));
#4737=DIRECTION('',(0.,0.,1.));
#4738=DIRECTION('',(-1.,0.,0.));
#4739=DIRECTION('',(0.,0.,1.));
#4740=DIRECTION('center_axis',(1.,0.,0.));
#4741=DIRECTION('ref_axis',(0.,0.,-1.));
#4742=DIRECTION('',(0.,1.,0.));
#4743=DIRECTION('',(0.,0.,-1.));
#4744=DIRECTION('center_axis',(0.,-1.,0.));
#4745=DIRECTION('ref_axis',(0.,0.,-1.));
#4746=DIRECTION('',(-1.,0.,0.));
#4747=DIRECTION('',(0.,0.,-1.));
#4748=DIRECTION('',(-1.,0.,0.));
#4749=DIRECTION('center_axis',(0.,0.765974342782488,-0.64287114276419));
#4750=DIRECTION('ref_axis',(0.,0.64287114276419,0.765974342782488));
#4751=DIRECTION('',(0.,0.64287114276419,0.765974342782488));
#4752=DIRECTION('',(-1.,0.,0.));
#4753=DIRECTION('center_axis',(0.,-1.,0.));
#4754=DIRECTION('ref_axis',(0.,0.,-1.));
#4755=DIRECTION('',(0.,0.,-1.));
#4756=DIRECTION('',(-1.,0.,0.));
#4757=DIRECTION('center_axis',(0.,-0.765974216092578,0.642871293713882));
#4758=DIRECTION('ref_axis',(0.,-0.642871293713882,-0.765974216092578));
#4759=DIRECTION('',(0.,-0.642871293713882,-0.765974216092578));
#4760=DIRECTION('',(-1.,0.,0.));
#4761=DIRECTION('center_axis',(0.,0.,1.));
#4762=DIRECTION('ref_axis',(0.,-1.,0.));
#4763=DIRECTION('',(0.,-1.,0.));
#4764=DIRECTION('center_axis',(1.,0.,0.));
#4765=DIRECTION('ref_axis',(0.,0.,-1.));
#4766=DIRECTION('',(0.,1.,0.));
#4767=DIRECTION('center_axis',(0.,0.,-1.));
#4768=DIRECTION('ref_axis',(0.,1.,0.));
#4769=CARTESIAN_POINT('',(0.,0.,0.));
#4770=CARTESIAN_POINT('Origin',(-3.325,0.,0.));
#4771=CARTESIAN_POINT('',(-3.325,-1.1,3.305));
#4772=CARTESIAN_POINT('',(-3.325,-1.1,1.785));
#4773=CARTESIAN_POINT('',(-3.325,-1.1,3.305));
#4774=CARTESIAN_POINT('',(-3.325,-3.05,1.785));
#4775=CARTESIAN_POINT('',(-3.325,-3.05,1.785));
#4776=CARTESIAN_POINT('',(-3.325,-3.05,3.305));
#4777=CARTESIAN_POINT('',(-3.325,-3.05,3.305));
#4778=CARTESIAN_POINT('',(-3.325,-2.41,3.305));
#4779=CARTESIAN_POINT('',(-3.325,-2.41,3.305));
#4780=CARTESIAN_POINT('',(-3.325,-2.41,3.305));
#4781=CARTESIAN_POINT('Origin',(-3.325,0.,0.));
#4782=CARTESIAN_POINT('',(-3.325,1.1,3.305));
#4783=CARTESIAN_POINT('',(-3.325,1.1,1.785));
#4784=CARTESIAN_POINT('',(-3.325,1.1,3.305));
#4785=CARTESIAN_POINT('',(-3.325,2.68,3.305));
#4786=CARTESIAN_POINT('',(-3.325,1.1,3.305));
#4787=CARTESIAN_POINT('',(-3.325,3.43,3.305));
#4788=CARTESIAN_POINT('',(-3.325,3.43,3.305));
#4789=CARTESIAN_POINT('',(-3.325,3.43,1.785));
#4790=CARTESIAN_POINT('',(-3.325,3.43,1.785));
#4791=CARTESIAN_POINT('',(-3.325,1.1,1.785));
#4792=CARTESIAN_POINT('Origin',(-3.825,-1.1,3.305));
#4793=CARTESIAN_POINT('',(-1.94048560795603,-1.1,3.305));
#4794=CARTESIAN_POINT('',(-1.940323739038,-1.1,3.305));
#4795=CARTESIAN_POINT('',(-1.94048560815635,-1.1,-0.195));
#4796=CARTESIAN_POINT('',(-1.940485608557,-1.1,4.13));
#4797=CARTESIAN_POINT('',(-3.575,-1.1,-0.195));
#4798=CARTESIAN_POINT('',(-3.575,-1.1,-0.195));
#4799=CARTESIAN_POINT('',(-3.575,-1.1,1.785));
#4800=CARTESIAN_POINT('',(-3.575,-1.1,1.785));
#4801=CARTESIAN_POINT('',(-3.575,-1.1,1.785));
#4802=CARTESIAN_POINT('Origin',(-3.575,3.43,1.785));
#4803=CARTESIAN_POINT('',(-3.575,-3.94,1.785));
#4804=CARTESIAN_POINT('',(-3.575,-1.1,1.785));
#4805=CARTESIAN_POINT('',(-3.325,-3.94,1.785));
#4806=CARTESIAN_POINT('',(-3.575,-3.94,1.785));
#4807=CARTESIAN_POINT('',(-3.325,-3.94,1.785));
#4808=CARTESIAN_POINT('Origin',(-3.575,3.43,1.785));
#4809=CARTESIAN_POINT('',(-3.575,1.1,1.785));
#4810=CARTESIAN_POINT('',(-3.575,1.1,1.785));
#4811=CARTESIAN_POINT('',(-3.575,3.43,1.785));
#4812=CARTESIAN_POINT('',(-3.575,3.43,1.785));
#4813=CARTESIAN_POINT('',(-3.575,3.43,1.785));
#4814=CARTESIAN_POINT('Origin',(-3.325,-3.05,4.955));
#4815=CARTESIAN_POINT('',(-3.325,-3.05,-3.355));
#4816=CARTESIAN_POINT('',(-3.325,-3.94,-3.355));
#4817=CARTESIAN_POINT('',(-3.325,-3.05,-3.355));
#4818=CARTESIAN_POINT('',(-3.325,-3.05,1.785));
#4819=CARTESIAN_POINT('',(-3.325,-3.94,1.785));
#4820=CARTESIAN_POINT('Origin',(-3.325,-3.43,-3.355));
#4821=CARTESIAN_POINT('',(2.305,-3.94,-3.355));
#4822=CARTESIAN_POINT('',(2.305,-3.43,-3.355));
#4823=CARTESIAN_POINT('',(2.305,-3.94,-3.355));
#4824=CARTESIAN_POINT('',(3.325,-3.94,-3.355));
#4825=CARTESIAN_POINT('',(2.305,-3.94,-3.355));
#4826=CARTESIAN_POINT('',(3.325,-3.05,-3.355));
#4827=CARTESIAN_POINT('',(3.325,-3.94,-3.355));
#4828=CARTESIAN_POINT('',(3.325,-3.05,-3.355));
#4829=CARTESIAN_POINT('Origin',(-3.325,-3.43,-3.355));
#4830=CARTESIAN_POINT('',(-2.305,-3.43,-3.355));
#4831=CARTESIAN_POINT('',(-2.325,-3.43,-3.355));
#4832=CARTESIAN_POINT('',(-2.305,-3.43,-3.355));
#4833=CARTESIAN_POINT('',(-2.305,-3.43,-3.355));
#4834=CARTESIAN_POINT('',(-2.325,-3.94,-3.355));
#4835=CARTESIAN_POINT('',(-3.325,-3.94,-3.355));
#4836=CARTESIAN_POINT('',(-2.325,-3.94,-3.355));
#4837=CARTESIAN_POINT('Origin',(2.305,-3.94,-3.355));
#4838=CARTESIAN_POINT('',(2.305,-3.43,-4.955));
#4839=CARTESIAN_POINT('',(2.305,-3.43,-3.355));
#4840=CARTESIAN_POINT('',(2.305,-3.94,-4.955));
#4841=CARTESIAN_POINT('',(2.305,-3.94,-4.955));
#4842=CARTESIAN_POINT('',(2.305,-3.94,-4.955));
#4843=CARTESIAN_POINT('Origin',(-3.325,-3.94,-3.355));
#4844=CARTESIAN_POINT('',(3.575,-3.94,-4.955));
#4845=CARTESIAN_POINT('',(3.575,-3.94,-4.955));
#4846=CARTESIAN_POINT('',(3.575,-3.94,1.785));
#4847=CARTESIAN_POINT('',(3.575,-3.94,1.785));
#4848=CARTESIAN_POINT('',(3.325,-3.94,1.785));
#4849=CARTESIAN_POINT('',(3.325,-3.94,1.785));
#4850=CARTESIAN_POINT('',(3.325,-3.94,-3.355));
#4851=CARTESIAN_POINT('Origin',(-3.325,-3.94,-3.355));
#4852=CARTESIAN_POINT('',(-2.325,-3.94,-4.955));
#4853=CARTESIAN_POINT('',(-2.325,-3.94,-3.355));
#4854=CARTESIAN_POINT('',(-3.575,-3.94,-4.955));
#4855=CARTESIAN_POINT('',(-3.575,-3.94,-4.955));
#4856=CARTESIAN_POINT('',(-2.325,-3.94,-4.955));
#4857=CARTESIAN_POINT('Origin',(3.325,-3.43,4.955));
#4858=CARTESIAN_POINT('',(3.325,-3.05,1.785));
#4859=CARTESIAN_POINT('',(3.325,-3.05,1.785));
#4860=CARTESIAN_POINT('',(3.325,-3.05,1.785));
#4861=CARTESIAN_POINT('Origin',(3.325,3.43,1.785));
#4862=CARTESIAN_POINT('',(3.325,1.1,1.785));
#4863=CARTESIAN_POINT('',(3.575,1.1,1.785));
#4864=CARTESIAN_POINT('',(3.325,1.1,1.785));
#4865=CARTESIAN_POINT('',(3.575,3.43,1.785));
#4866=CARTESIAN_POINT('',(3.575,3.43,1.785));
#4867=CARTESIAN_POINT('',(3.325,3.43,1.785));
#4868=CARTESIAN_POINT('',(3.325,3.43,1.785));
#4869=CARTESIAN_POINT('',(3.325,1.1,1.785));
#4870=CARTESIAN_POINT('Origin',(3.325,3.43,1.785));
#4871=CARTESIAN_POINT('',(3.325,-2.2,1.785));
#4872=CARTESIAN_POINT('',(3.325,-1.1,1.785));
#4873=CARTESIAN_POINT('',(3.325,-2.2,1.785));
#4874=CARTESIAN_POINT('',(3.325,-2.35,1.785));
#4875=CARTESIAN_POINT('',(3.325,-2.35,1.785));
#4876=CARTESIAN_POINT('',(3.325,-3.05,1.785));
#4877=CARTESIAN_POINT('',(3.575,-1.1,1.785));
#4878=CARTESIAN_POINT('',(3.575,-1.1,1.785));
#4879=CARTESIAN_POINT('',(3.325,-1.1,1.785));
#4880=CARTESIAN_POINT('Origin',(3.825,1.1,-0.195));
#4881=CARTESIAN_POINT('',(3.325,1.1,3.305));
#4882=CARTESIAN_POINT('',(3.325,1.1,3.305));
#4883=CARTESIAN_POINT('',(1.94048560795603,1.1,3.305));
#4884=CARTESIAN_POINT('',(3.325,1.1,3.305));
#4885=CARTESIAN_POINT('',(1.94048560815635,1.1,-0.195));
#4886=CARTESIAN_POINT('',(1.940485608557,1.1,1.555));
#4887=CARTESIAN_POINT('',(3.575,1.1,-0.195));
#4888=CARTESIAN_POINT('',(3.575,1.1,-0.195));
#4889=CARTESIAN_POINT('',(3.575,1.1,1.785));
#4890=CARTESIAN_POINT('Origin',(3.325,0.,0.));
#4891=CARTESIAN_POINT('',(3.325,3.43,3.305));
#4892=CARTESIAN_POINT('',(3.325,3.43,1.785));
#4893=CARTESIAN_POINT('',(3.325,2.68,3.305));
#4894=CARTESIAN_POINT('',(3.325,3.43,3.305));
#4895=CARTESIAN_POINT('',(3.325,1.1,3.305));
#4896=CARTESIAN_POINT('Origin',(3.325,0.,0.));
#4897=CARTESIAN_POINT('',(3.325,-2.2,2.805));
#4898=CARTESIAN_POINT('',(3.325,-2.2,1.785));
#4899=CARTESIAN_POINT('',(3.325,-1.1,3.305));
#4900=CARTESIAN_POINT('',(3.325,-1.1,3.305));
#4901=CARTESIAN_POINT('',(3.325,-2.41,3.305));
#4902=CARTESIAN_POINT('',(3.325,-2.41,3.305));
#4903=CARTESIAN_POINT('',(3.325,-3.05,3.305));
#4904=CARTESIAN_POINT('',(3.325,-2.41,3.305));
#4905=CARTESIAN_POINT('',(3.325,-3.05,3.305));
#4906=CARTESIAN_POINT('',(3.325,-2.35,2.6007447052));
#4907=CARTESIAN_POINT('',(3.325,-2.35,2.6007447052));
#4908=CARTESIAN_POINT('',(3.325,-2.5,2.422021250725));
#4909=CARTESIAN_POINT('',(3.325,-2.5,2.422021250725));
#4910=CARTESIAN_POINT('',(3.325,-2.5,2.62627661705));
#4911=CARTESIAN_POINT('',(3.325,-2.5,2.62627661705));
#4912=CARTESIAN_POINT('',(3.325,-2.35,2.805));
#4913=CARTESIAN_POINT('',(3.325,-2.35,2.805));
#4914=CARTESIAN_POINT('',(3.325,-2.2,2.805));
#4915=CARTESIAN_POINT('Origin',(3.325,2.68,3.305));
#4916=CARTESIAN_POINT('',(1.94048560795603,-1.1,3.305));
#4917=CARTESIAN_POINT('',(3.325,-1.1,3.305));
#4918=CARTESIAN_POINT('',(1.940485608557,-2.41,3.305));
#4919=CARTESIAN_POINT('',(1.940485608557,2.68,3.305));
#4920=CARTESIAN_POINT('',(3.325,-2.41,3.305));
#4921=CARTESIAN_POINT('Origin',(3.325,2.68,3.305));
#4922=CARTESIAN_POINT('',(1.940485608557,2.68,3.305));
#4923=CARTESIAN_POINT('',(3.325,2.68,3.305));
#4924=CARTESIAN_POINT('',(1.940485608557,2.68,3.305));
#4925=CARTESIAN_POINT('Origin',(3.825,-1.1,3.305));
#4926=CARTESIAN_POINT('',(3.575,-1.1,-0.195));
#4927=CARTESIAN_POINT('',(3.575,-1.1,1.785));
#4928=CARTESIAN_POINT('',(1.94048560815635,-1.1,-0.195));
#4929=CARTESIAN_POINT('',(3.575,-1.1,-0.195));
#4930=CARTESIAN_POINT('',(1.940485608557,-1.1,3.305));
#4931=CARTESIAN_POINT('Origin',(1.940485608557,2.68,3.305));
#4932=CARTESIAN_POINT('',(1.94048560815635,0.575,-0.195));
#4933=CARTESIAN_POINT('',(1.940485608557,0.575,-2.795));
#4934=CARTESIAN_POINT('',(1.940485608557,0.575,0.305));
#4935=CARTESIAN_POINT('',(1.940485608557,1.6275,-0.195));
#4936=CARTESIAN_POINT('',(1.940485608557,2.68,4.955));
#4937=CARTESIAN_POINT('',(1.940485608557,2.68,3.305));
#4938=CARTESIAN_POINT('',(1.940485608557,-2.41,4.955));
#4939=CARTESIAN_POINT('',(1.940485608557,-2.41,4.955));
#4940=CARTESIAN_POINT('',(1.940485608557,-2.41,3.305));
#4941=CARTESIAN_POINT('',(1.94048560815635,-0.575,-0.195));
#4942=CARTESIAN_POINT('',(1.940485608557,0.79,-0.195));
#4943=CARTESIAN_POINT('',(1.940485608557,-0.575,-2.795));
#4944=CARTESIAN_POINT('',(1.940485608557,-0.575,1.555));
#4945=CARTESIAN_POINT('',(1.940485608557,0.575,-2.795));
#4946=CARTESIAN_POINT('Origin',(3.825,0.575,-2.695));
#4947=CARTESIAN_POINT('',(3.575,0.575,-2.695));
#4948=CARTESIAN_POINT('',(2.340485608557,0.575,-2.695));
#4949=CARTESIAN_POINT('',(3.575,0.575,-2.695));
#4950=CARTESIAN_POINT('',(3.575,0.575,-0.195));
#4951=CARTESIAN_POINT('',(3.575,0.575,-2.695));
#4952=CARTESIAN_POINT('',(3.575,0.575,-0.195));
#4953=CARTESIAN_POINT('',(2.340485608557,0.575,-2.795));
#4954=CARTESIAN_POINT('',(2.340485608557,0.575,-2.795));
#4955=CARTESIAN_POINT('',(2.340485608557,0.575,-2.695));
#4956=CARTESIAN_POINT('Origin',(3.825,-0.575,-2.695));
#4957=CARTESIAN_POINT('',(2.340485608557,-0.575,-2.695));
#4958=CARTESIAN_POINT('',(2.340485608557,-0.4,-2.695));
#4959=CARTESIAN_POINT('',(2.340485608557,-0.575,-2.695));
#4960=CARTESIAN_POINT('',(3.575,-0.575,-2.695));
#4961=CARTESIAN_POINT('',(3.575,-0.575,-2.695));
#4962=CARTESIAN_POINT('',(3.575,-0.575,-2.695));
#4963=CARTESIAN_POINT('',(2.340485608557,0.4,-2.695));
#4964=CARTESIAN_POINT('',(2.340485608557,0.575,-2.695));
#4965=CARTESIAN_POINT('',(2.640485608557,0.4,-2.695));
#4966=CARTESIAN_POINT('',(2.640485608557,0.4,-2.695));
#4967=CARTESIAN_POINT('',(2.640485608557,-0.4,-2.695));
#4968=CARTESIAN_POINT('',(2.640485608557,-0.4,-2.695));
#4969=CARTESIAN_POINT('',(2.340485608557,-0.4,-2.695));
#4970=CARTESIAN_POINT('Origin',(2.340485608557,-0.575,-2.695));
#4971=CARTESIAN_POINT('',(2.340485608557,-0.4,-2.795));
#4972=CARTESIAN_POINT('',(2.340485608557,-0.4,-2.695));
#4973=CARTESIAN_POINT('',(2.340485608557,-0.575,-2.795));
#4974=CARTESIAN_POINT('',(2.340485608557,-0.575,-2.795));
#4975=CARTESIAN_POINT('',(2.340485608557,-0.575,-2.695));
#4976=CARTESIAN_POINT('Origin',(3.825,-0.575,-0.195));
#4977=CARTESIAN_POINT('',(3.575,-0.575,-0.195));
#4978=CARTESIAN_POINT('',(3.575,-0.575,-0.195));
#4979=CARTESIAN_POINT('',(3.575,-0.575,-0.195));
#4980=CARTESIAN_POINT('',(1.940485608557,-0.575,-2.795));
#4981=CARTESIAN_POINT('Origin',(3.825,-0.575,-2.795));
#4982=CARTESIAN_POINT('',(2.640485608557,-0.4,-2.795));
#4983=CARTESIAN_POINT('',(2.340485608557,-0.4,-2.795));
#4984=CARTESIAN_POINT('',(2.640485608557,0.4,-2.795));
#4985=CARTESIAN_POINT('',(2.640485608557,-0.4,-2.795));
#4986=CARTESIAN_POINT('',(2.340485608557,0.4,-2.795));
#4987=CARTESIAN_POINT('',(2.640485608557,0.4,-2.795));
#4988=CARTESIAN_POINT('',(2.340485608557,0.4,-2.795));
#4989=CARTESIAN_POINT('Origin',(3.825,-0.575,-2.795));
#4990=CARTESIAN_POINT('',(-2.340485608557,0.575,-2.795));
#4991=CARTESIAN_POINT('',(-2.340485608557,0.4,-2.795));
#4992=CARTESIAN_POINT('',(-2.340485608557,0.575,-2.795));
#4993=CARTESIAN_POINT('',(-2.640485608557,0.4,-2.795));
#4994=CARTESIAN_POINT('',(-2.340485608557,0.4,-2.795));
#4995=CARTESIAN_POINT('',(-2.640485608557,-0.4,-2.795));
#4996=CARTESIAN_POINT('',(-2.640485608557,0.4,-2.795));
#4997=CARTESIAN_POINT('',(-2.340485608557,-0.4,-2.795));
#4998=CARTESIAN_POINT('',(-2.640485608557,-0.4,-2.795));
#4999=CARTESIAN_POINT('',(-2.340485608557,-0.575,-2.795));
#5000=CARTESIAN_POINT('',(-2.340485608557,-0.4,-2.795));
#5001=CARTESIAN_POINT('',(-1.940485608557,-0.575,-2.795));
#5002=CARTESIAN_POINT('',(-2.340485608557,-0.575,-2.795));
#5003=CARTESIAN_POINT('',(-1.940485608557,0.575,-2.795));
#5004=CARTESIAN_POINT('',(-1.940485608557,-0.575,-2.795));
#5005=CARTESIAN_POINT('',(-1.940485608557,0.575,-2.795));
#5006=CARTESIAN_POINT('Origin',(2.340485608557,0.4,-2.695));
#5007=CARTESIAN_POINT('',(2.340485608557,0.4,-2.695));
#5008=CARTESIAN_POINT('Origin',(2.640485608557,0.4,-2.695));
#5009=CARTESIAN_POINT('',(2.640485608557,0.4,-2.695));
#5010=CARTESIAN_POINT('Origin',(2.640485608557,-0.4,-2.695));
#5011=CARTESIAN_POINT('',(2.640485608557,-0.4,-2.695));
#5012=CARTESIAN_POINT('Origin',(2.340485608557,-0.4,-2.695));
#5013=CARTESIAN_POINT('Origin',(-2.340485608557,0.575,-2.695));
#5014=CARTESIAN_POINT('',(-2.340485608557,0.575,-2.695));
#5015=CARTESIAN_POINT('',(-2.340485608557,0.4,-2.695));
#5016=CARTESIAN_POINT('',(-2.340485608557,0.575,-2.695));
#5017=CARTESIAN_POINT('',(-2.340485608557,0.4,-2.695));
#5018=CARTESIAN_POINT('',(-2.340485608557,0.575,-2.695));
#5019=CARTESIAN_POINT('Origin',(-3.825,-0.575,-2.695));
#5020=CARTESIAN_POINT('',(-3.575,0.575,-2.695));
#5021=CARTESIAN_POINT('',(-3.575,0.575,-2.695));
#5022=CARTESIAN_POINT('',(-3.575,-0.575,-2.695));
#5023=CARTESIAN_POINT('',(-3.575,-0.575,-2.695));
#5024=CARTESIAN_POINT('',(-2.340485608557,-0.575,-2.695));
#5025=CARTESIAN_POINT('',(-3.575,-0.575,-2.695));
#5026=CARTESIAN_POINT('',(-2.340485608557,-0.4,-2.695));
#5027=CARTESIAN_POINT('',(-2.340485608557,-0.575,-2.695));
#5028=CARTESIAN_POINT('',(-2.640485608557,-0.4,-2.695));
#5029=CARTESIAN_POINT('',(-2.640485608557,-0.4,-2.695));
#5030=CARTESIAN_POINT('',(-2.640485608557,0.4,-2.695));
#5031=CARTESIAN_POINT('',(-2.640485608557,0.4,-2.695));
#5032=CARTESIAN_POINT('',(-2.340485608557,0.4,-2.695));
#5033=CARTESIAN_POINT('Origin',(-2.340485608557,0.4,-2.695));
#5034=CARTESIAN_POINT('',(-2.640485608557,0.4,-2.695));
#5035=CARTESIAN_POINT('Origin',(-2.640485608557,0.4,-2.695));
#5036=CARTESIAN_POINT('',(-2.640485608557,-0.4,-2.695));
#5037=CARTESIAN_POINT('Origin',(-2.640485608557,-0.4,-2.695));
#5038=CARTESIAN_POINT('',(-2.340485608557,-0.4,-2.695));
#5039=CARTESIAN_POINT('Origin',(-2.340485608557,-0.4,-2.695));
#5040=CARTESIAN_POINT('',(-2.340485608557,-0.575,-2.695));
#5041=CARTESIAN_POINT('Origin',(-3.825,-0.575,-0.195));
#5042=CARTESIAN_POINT('',(-3.575,-0.575,-0.195));
#5043=CARTESIAN_POINT('',(-3.575,-0.575,-0.195));
#5044=CARTESIAN_POINT('',(-1.94048560815635,-0.575,-0.195));
#5045=CARTESIAN_POINT('',(-3.575,-0.575,-0.195));
#5046=CARTESIAN_POINT('',(-1.940485608557,-0.575,2.38));
#5047=CARTESIAN_POINT('Origin',(-1.940485608557,2.68,4.955));
#5048=CARTESIAN_POINT('',(-1.940485608557,0.79,-0.195));
#5049=CARTESIAN_POINT('',(-1.940485608557,-2.41,3.305));
#5050=CARTESIAN_POINT('',(-1.940485608557,2.68,3.305));
#5051=CARTESIAN_POINT('',(-1.940485608557,-2.41,4.955));
#5052=CARTESIAN_POINT('',(-1.940485608557,-2.41,4.955));
#5053=CARTESIAN_POINT('',(-1.940485608557,2.68,4.955));
#5054=CARTESIAN_POINT('',(-1.940485608557,-2.41,4.955));
#5055=CARTESIAN_POINT('',(-1.940485608557,2.68,3.305));
#5056=CARTESIAN_POINT('',(-1.940485608557,2.68,4.955));
#5057=CARTESIAN_POINT('',(-1.94048560795603,1.1,3.305));
#5058=CARTESIAN_POINT('',(-1.940485608557,2.68,3.305));
#5059=CARTESIAN_POINT('',(-1.94048560815635,1.1,-0.195));
#5060=CARTESIAN_POINT('',(-1.940485608557,1.1,2.38));
#5061=CARTESIAN_POINT('',(-1.94048560815635,0.575,-0.195));
#5062=CARTESIAN_POINT('',(-1.940485608557,1.6275,-0.195));
#5063=CARTESIAN_POINT('',(-1.940485608557,0.575,1.13));
#5064=CARTESIAN_POINT('Origin',(-3.825,0.575,-2.695));
#5065=CARTESIAN_POINT('',(-3.575,0.575,-0.195));
#5066=CARTESIAN_POINT('',(-3.575,0.575,-0.195));
#5067=CARTESIAN_POINT('',(-3.575,0.575,-2.695));
#5068=CARTESIAN_POINT('Origin',(-3.575,3.43,-4.955));
#5069=CARTESIAN_POINT('',(-3.575,-2.78,-4.285));
#5070=CARTESIAN_POINT('',(-3.575,-1.,-4.285));
#5071=CARTESIAN_POINT('',(-3.575,-2.78,-4.285));
#5072=CARTESIAN_POINT('',(-3.575,-2.78,-4.955));
#5073=CARTESIAN_POINT('',(-3.575,-2.78,-4.955));
#5074=CARTESIAN_POINT('',(-3.575,-2.78,-4.955));
#5075=CARTESIAN_POINT('',(-3.575,-1.1,-0.195));
#5076=CARTESIAN_POINT('',(-3.575,1.1,-0.195));
#5077=CARTESIAN_POINT('',(-3.575,0.575,-0.195));
#5078=CARTESIAN_POINT('',(-3.575,1.1,1.785));
#5079=CARTESIAN_POINT('',(-3.575,3.43,-4.955));
#5080=CARTESIAN_POINT('',(-3.575,3.43,-4.955));
#5081=CARTESIAN_POINT('',(-3.575,1.6,-4.955));
#5082=CARTESIAN_POINT('',(-3.575,3.43,-4.955));
#5083=CARTESIAN_POINT('',(-3.575,1.6,-4.285));
#5084=CARTESIAN_POINT('',(-3.575,1.6,-4.955));
#5085=CARTESIAN_POINT('',(-3.575,1.,-4.285));
#5086=CARTESIAN_POINT('',(-3.575,1.,-4.285));
#5087=CARTESIAN_POINT('',(-3.575,1.,-3.685));
#5088=CARTESIAN_POINT('',(-3.575,1.,-4.285));
#5089=CARTESIAN_POINT('',(-3.575,-1.,-3.685));
#5090=CARTESIAN_POINT('',(-3.575,1.,-3.685));
#5091=CARTESIAN_POINT('',(-3.575,-1.,-3.685));
#5092=CARTESIAN_POINT('Origin',(-3.325,-2.78,-4.285));
#5093=CARTESIAN_POINT('',(-0.32,-6.12,-4.285));
#5094=CARTESIAN_POINT('',(-0.32,-3.43,-4.285));
#5095=CARTESIAN_POINT('',(-0.32,-6.12,-4.285));
#5096=CARTESIAN_POINT('',(-0.32,-2.78,-4.285));
#5097=CARTESIAN_POINT('',(-0.32,-3.43,-4.285));
#5098=CARTESIAN_POINT('',(-3.575,-2.78,-4.285));
#5099=CARTESIAN_POINT('',(-2.325,-1.,-4.285));
#5100=CARTESIAN_POINT('',(-2.325,-1.,-4.285));
#5101=CARTESIAN_POINT('',(-2.325,1.,-4.285));
#5102=CARTESIAN_POINT('',(-2.325,-1.,-4.285));
#5103=CARTESIAN_POINT('',(-3.575,1.,-4.285));
#5104=CARTESIAN_POINT('',(-0.32,1.6,-4.285));
#5105=CARTESIAN_POINT('',(-0.32,1.6,-4.285));
#5106=CARTESIAN_POINT('',(-0.32,1.589,-4.285));
#5107=CARTESIAN_POINT('',(-0.32,1.589,-4.285));
#5108=CARTESIAN_POINT('',(-0.32,0.949,-4.285));
#5109=CARTESIAN_POINT('',(-0.32,0.949,-4.285));
#5110=CARTESIAN_POINT('',(-0.32,0.32,-4.285));
#5111=CARTESIAN_POINT('',(-0.32,0.32,-4.285));
#5112=CARTESIAN_POINT('',(-0.32,-0.32,-4.285));
#5113=CARTESIAN_POINT('',(-0.32,-0.32,-4.285));
#5114=CARTESIAN_POINT('',(-0.32,-1.18,-4.285));
#5115=CARTESIAN_POINT('',(-0.32,-1.18,-4.285));
#5116=CARTESIAN_POINT('',(0.32,-1.18,-4.285));
#5117=CARTESIAN_POINT('',(0.32,-1.18,-4.285));
#5118=CARTESIAN_POINT('',(0.32,-0.32,-4.285));
#5119=CARTESIAN_POINT('',(0.32,-1.18,-4.285));
#5120=CARTESIAN_POINT('',(0.32,0.32,-4.285));
#5121=CARTESIAN_POINT('',(0.32,-0.32,-4.285));
#5122=CARTESIAN_POINT('',(0.32,0.949,-4.285));
#5123=CARTESIAN_POINT('',(0.32,0.32,-4.285));
#5124=CARTESIAN_POINT('',(0.32,1.589,-4.285));
#5125=CARTESIAN_POINT('',(0.32,0.949,-4.285));
#5126=CARTESIAN_POINT('',(0.32,1.6,-4.285));
#5127=CARTESIAN_POINT('',(0.32,1.589,-4.285));
#5128=CARTESIAN_POINT('',(3.575,1.6,-4.285));
#5129=CARTESIAN_POINT('',(3.575,1.6,-4.285));
#5130=CARTESIAN_POINT('',(3.575,1.,-4.285));
#5131=CARTESIAN_POINT('',(3.575,1.,-4.285));
#5132=CARTESIAN_POINT('',(2.325,1.,-4.285));
#5133=CARTESIAN_POINT('',(2.325,1.,-4.285));
#5134=CARTESIAN_POINT('',(2.325,-1.,-4.285));
#5135=CARTESIAN_POINT('',(2.325,-1.,-4.285));
#5136=CARTESIAN_POINT('',(3.575,-1.,-4.285));
#5137=CARTESIAN_POINT('',(3.575,-1.,-4.285));
#5138=CARTESIAN_POINT('',(3.575,-2.78,-4.285));
#5139=CARTESIAN_POINT('',(3.575,-2.78,-4.285));
#5140=CARTESIAN_POINT('',(0.32,-2.78,-4.285));
#5141=CARTESIAN_POINT('',(0.32,-2.78,-4.285));
#5142=CARTESIAN_POINT('',(0.32,-3.43,-4.285));
#5143=CARTESIAN_POINT('',(0.32,-3.43,-4.285));
#5144=CARTESIAN_POINT('',(0.32,-6.12,-4.285));
#5145=CARTESIAN_POINT('',(0.32,-6.12,-4.285));
#5146=CARTESIAN_POINT('',(0.32,-6.12,-4.285));
#5147=CARTESIAN_POINT('Origin',(-0.32,0.,0.));
#5148=CARTESIAN_POINT('',(-0.32,0.32,-4.955));
#5149=CARTESIAN_POINT('',(-0.32,0.32,-4.955));
#5150=CARTESIAN_POINT('',(-0.32,-0.32,-4.955));
#5151=CARTESIAN_POINT('',(-0.32,-0.32,-4.955));
#5152=CARTESIAN_POINT('',(-0.32,-0.32,-4.285));
#5153=CARTESIAN_POINT('Origin',(-0.32,0.,0.));
#5154=CARTESIAN_POINT('',(-0.32,1.18,1.555));
#5155=CARTESIAN_POINT('',(-0.32,1.82,1.555));
#5156=CARTESIAN_POINT('',(-0.32,1.18,1.555));
#5157=CARTESIAN_POINT('',(-0.32,1.82,-1.645));
#5158=CARTESIAN_POINT('',(-0.32,1.82,-1.645));
#5159=CARTESIAN_POINT('',(-0.32,1.18,-1.645));
#5160=CARTESIAN_POINT('',(-0.32,1.18,-1.645));
#5161=CARTESIAN_POINT('',(-0.32,1.18,1.555));
#5162=CARTESIAN_POINT('Origin',(-0.32,0.,0.));
#5163=CARTESIAN_POINT('',(-0.32,-1.82,1.555));
#5164=CARTESIAN_POINT('',(-0.32,-1.18,1.555));
#5165=CARTESIAN_POINT('',(-0.32,-1.82,1.555));
#5166=CARTESIAN_POINT('',(-0.32,-1.18,-1.645));
#5167=CARTESIAN_POINT('',(-0.32,-1.18,-1.645));
#5168=CARTESIAN_POINT('',(-0.32,-1.82,-1.645));
#5169=CARTESIAN_POINT('',(-0.32,-1.82,-1.645));
#5170=CARTESIAN_POINT('',(-0.32,-1.82,1.555));
#5171=CARTESIAN_POINT('Origin',(-0.32,0.,0.));
#5172=CARTESIAN_POINT('',(-0.32,-6.12,-7.285));
#5173=CARTESIAN_POINT('',(-0.32,-6.12,-6.645));
#5174=CARTESIAN_POINT('',(-0.32,-6.12,-7.285));
#5175=CARTESIAN_POINT('',(-0.32,0.949,-6.645));
#5176=CARTESIAN_POINT('',(-0.32,0.949,-6.645));
#5177=CARTESIAN_POINT('',(-0.32,0.949,-4.285));
#5178=CARTESIAN_POINT('',(-0.32,1.589,-7.285));
#5179=CARTESIAN_POINT('',(-0.32,1.589,-7.285));
#5180=CARTESIAN_POINT('',(-0.32,-6.12,-7.285));
#5181=CARTESIAN_POINT('Origin',(-0.32,0.,0.));
#5182=CARTESIAN_POINT('',(-0.32,-6.12,-3.655));
#5183=CARTESIAN_POINT('',(-0.32,-3.43,-3.655));
#5184=CARTESIAN_POINT('',(-0.32,-6.12,-3.655));
#5185=CARTESIAN_POINT('',(-0.32,-3.43,-4.285));
#5186=CARTESIAN_POINT('',(-0.32,-6.12,-4.285));
#5187=CARTESIAN_POINT('Origin',(0.32,-0.32,-3.655));
#5188=CARTESIAN_POINT('',(0.32,-0.32,-4.955));
#5189=CARTESIAN_POINT('',(0.32,-0.32,-4.285));
#5190=CARTESIAN_POINT('',(0.32,-0.32,-3.655));
#5191=CARTESIAN_POINT('',(0.32,-0.32,-3.655));
#5192=CARTESIAN_POINT('',(-0.32,-0.32,-3.655));
#5193=CARTESIAN_POINT('',(-0.32,-0.32,-3.655));
#5194=CARTESIAN_POINT('',(-0.32,-0.32,-4.285));
#5195=CARTESIAN_POINT('',(0.32,-0.32,-4.955));
#5196=CARTESIAN_POINT('Origin',(0.32,0.,0.));
#5197=CARTESIAN_POINT('',(0.32,0.32,-4.955));
#5198=CARTESIAN_POINT('',(0.32,-0.32,-4.955));
#5199=CARTESIAN_POINT('',(0.32,0.32,-4.955));
#5200=CARTESIAN_POINT('Origin',(0.32,0.,0.));
#5201=CARTESIAN_POINT('',(0.32,1.82,1.555));
#5202=CARTESIAN_POINT('',(0.32,1.18,1.555));
#5203=CARTESIAN_POINT('',(0.32,1.82,1.555));
#5204=CARTESIAN_POINT('',(0.32,1.18,-1.645));
#5205=CARTESIAN_POINT('',(0.32,1.18,1.555));
#5206=CARTESIAN_POINT('',(0.32,1.82,-1.645));
#5207=CARTESIAN_POINT('',(0.32,1.18,-1.645));
#5208=CARTESIAN_POINT('',(0.32,1.82,-1.645));
#5209=CARTESIAN_POINT('Origin',(0.32,0.,0.));
#5210=CARTESIAN_POINT('',(0.32,-1.18,1.555));
#5211=CARTESIAN_POINT('',(0.32,-1.82,1.555));
#5212=CARTESIAN_POINT('',(0.32,-1.18,1.555));
#5213=CARTESIAN_POINT('',(0.32,-1.82,-1.645));
#5214=CARTESIAN_POINT('',(0.32,-1.82,1.555));
#5215=CARTESIAN_POINT('',(0.32,-1.18,-1.645));
#5216=CARTESIAN_POINT('',(0.32,-1.82,-1.645));
#5217=CARTESIAN_POINT('',(0.32,-1.18,-1.645));
#5218=CARTESIAN_POINT('Origin',(0.32,0.,0.));
#5219=CARTESIAN_POINT('',(0.32,-6.12,-6.645));
#5220=CARTESIAN_POINT('',(0.32,-6.12,-7.285));
#5221=CARTESIAN_POINT('',(0.32,-6.12,-6.645));
#5222=CARTESIAN_POINT('',(0.32,1.589,-7.285));
#5223=CARTESIAN_POINT('',(0.32,-6.12,-7.285));
#5224=CARTESIAN_POINT('',(0.32,1.589,-7.285));
#5225=CARTESIAN_POINT('',(0.32,0.949,-6.645));
#5226=CARTESIAN_POINT('',(0.32,0.949,-4.285));
#5227=CARTESIAN_POINT('',(0.32,0.949,-6.645));
#5228=CARTESIAN_POINT('Origin',(0.32,0.,0.));
#5229=CARTESIAN_POINT('',(0.32,-6.12,-3.655));
#5230=CARTESIAN_POINT('',(0.32,-3.43,-3.655));
#5231=CARTESIAN_POINT('',(0.32,-6.12,-3.655));
#5232=CARTESIAN_POINT('',(0.32,-6.12,-3.655));
#5233=CARTESIAN_POINT('',(0.32,-3.43,-4.285));
#5234=CARTESIAN_POINT('Origin',(0.32,0.32,-4.955));
#5235=CARTESIAN_POINT('',(0.32,0.32,-4.955));
#5236=CARTESIAN_POINT('',(-0.32,0.32,-3.655));
#5237=CARTESIAN_POINT('',(-0.32,0.32,-4.285));
#5238=CARTESIAN_POINT('',(0.32,0.32,-3.655));
#5239=CARTESIAN_POINT('',(-0.32,0.32,-3.655));
#5240=CARTESIAN_POINT('',(0.32,0.32,-3.655));
#5241=CARTESIAN_POINT('Origin',(0.32,3.43,-3.655));
#5242=CARTESIAN_POINT('',(0.32,-2.78,-4.955));
#5243=CARTESIAN_POINT('',(0.32,-2.78,-4.955));
#5244=CARTESIAN_POINT('',(0.32,-3.43,-4.955));
#5245=CARTESIAN_POINT('',(0.32,-2.78,-4.955));
#5246=CARTESIAN_POINT('',(0.32,-3.43,-4.955));
#5247=CARTESIAN_POINT('Origin',(0.32,3.43,-3.655));
#5248=CARTESIAN_POINT('',(0.32,3.175,-3.655));
#5249=CARTESIAN_POINT('',(0.32,1.589,-3.655));
#5250=CARTESIAN_POINT('',(0.32,3.175,-3.655));
#5251=CARTESIAN_POINT('',(0.32,3.175,-4.955));
#5252=CARTESIAN_POINT('',(0.32,3.175,-4.955));
#5253=CARTESIAN_POINT('',(0.32,1.6,-4.955));
#5254=CARTESIAN_POINT('',(0.32,1.6,-4.955));
#5255=CARTESIAN_POINT('',(0.32,1.6,-4.285));
#5256=CARTESIAN_POINT('',(0.32,1.589,-3.655));
#5257=CARTESIAN_POINT('Origin',(0.32,3.43,-3.655));
#5258=CARTESIAN_POINT('',(0.32,0.949,-3.655));
#5259=CARTESIAN_POINT('',(0.32,0.949,-3.655));
#5260=CARTESIAN_POINT('',(0.32,0.949,-3.655));
#5261=CARTESIAN_POINT('Origin',(0.32,3.43,-3.655));
#5262=CARTESIAN_POINT('',(0.32,-1.18,-3.655));
#5263=CARTESIAN_POINT('',(0.32,-1.18,-3.655));
#5264=CARTESIAN_POINT('',(0.32,-0.32,-3.655));
#5265=CARTESIAN_POINT('Origin',(-3.325,-2.78,-4.955));
#5266=CARTESIAN_POINT('',(-0.32,-2.78,-4.955));
#5267=CARTESIAN_POINT('',(-0.32,-2.78,-4.955));
#5268=CARTESIAN_POINT('',(-3.575,-2.78,-4.955));
#5269=CARTESIAN_POINT('Origin',(-3.325,-2.78,-4.955));
#5270=CARTESIAN_POINT('',(3.575,-2.78,-4.955));
#5271=CARTESIAN_POINT('',(3.575,-2.78,-4.955));
#5272=CARTESIAN_POINT('',(0.32,-2.78,-4.955));
#5273=CARTESIAN_POINT('Origin',(-0.32,3.43,-4.955));
#5274=CARTESIAN_POINT('',(-0.32,-3.43,-4.955));
#5275=CARTESIAN_POINT('',(-0.32,-3.43,-4.955));
#5276=CARTESIAN_POINT('',(-0.32,-2.78,-4.955));
#5277=CARTESIAN_POINT('Origin',(-0.32,3.43,-4.955));
#5278=CARTESIAN_POINT('',(-0.32,3.175,-3.655));
#5279=CARTESIAN_POINT('',(-0.32,1.589,-3.655));
#5280=CARTESIAN_POINT('',(-0.32,3.175,-3.655));
#5281=CARTESIAN_POINT('',(-0.32,1.589,-4.285));
#5282=CARTESIAN_POINT('',(-0.32,1.6,-4.955));
#5283=CARTESIAN_POINT('',(-0.32,1.6,-4.285));
#5284=CARTESIAN_POINT('',(-0.32,3.175,-4.955));
#5285=CARTESIAN_POINT('',(-0.32,1.6,-4.955));
#5286=CARTESIAN_POINT('',(-0.32,3.175,-4.955));
#5287=CARTESIAN_POINT('Origin',(-0.32,3.43,-4.955));
#5288=CARTESIAN_POINT('',(-0.32,0.949,-3.655));
#5289=CARTESIAN_POINT('',(-0.32,0.949,-3.655));
#5290=CARTESIAN_POINT('',(-0.32,0.949,-4.285));
#5291=CARTESIAN_POINT('Origin',(-0.32,3.43,-4.955));
#5292=CARTESIAN_POINT('',(-0.32,-1.18,-3.655));
#5293=CARTESIAN_POINT('',(-0.32,-0.32,-3.655));
#5294=CARTESIAN_POINT('',(-0.32,-1.18,-3.655));
#5295=CARTESIAN_POINT('Origin',(-3.325,-3.94,-4.955));
#5296=CARTESIAN_POINT('',(-2.325,-3.43,-4.955));
#5297=CARTESIAN_POINT('',(-0.32,-3.43,-4.955));
#5298=CARTESIAN_POINT('',(-2.325,-3.94,-4.955));
#5299=CARTESIAN_POINT('Origin',(-3.325,-3.94,-4.955));
#5300=CARTESIAN_POINT('',(3.575,-2.78,-4.955));
#5301=CARTESIAN_POINT('',(2.305,-3.43,-4.955));
#5302=CARTESIAN_POINT('Origin',(-3.325,-3.94,-4.955));
#5303=CARTESIAN_POINT('',(-0.32,1.6,-4.955));
#5304=CARTESIAN_POINT('',(-1.825,3.43,-4.955));
#5305=CARTESIAN_POINT('',(-1.825,3.43,-4.955));
#5306=CARTESIAN_POINT('',(-1.825,3.175,-4.955));
#5307=CARTESIAN_POINT('',(-1.825,3.175,-4.955));
#5308=CARTESIAN_POINT('',(-1.825,3.175,-4.955));
#5309=CARTESIAN_POINT('Origin',(-3.325,-3.94,-4.955));
#5310=CARTESIAN_POINT('',(1.825,3.175,-4.955));
#5311=CARTESIAN_POINT('',(0.32,3.175,-4.955));
#5312=CARTESIAN_POINT('',(1.825,3.43,-4.955));
#5313=CARTESIAN_POINT('',(1.825,3.175,-4.955));
#5314=CARTESIAN_POINT('',(3.575,3.43,-4.955));
#5315=CARTESIAN_POINT('',(3.575,3.43,-4.955));
#5316=CARTESIAN_POINT('',(3.575,1.6,-4.955));
#5317=CARTESIAN_POINT('',(3.575,3.43,-4.955));
#5318=CARTESIAN_POINT('',(3.575,1.6,-4.955));
#5319=CARTESIAN_POINT('Origin',(-2.325,-3.43,-3.355));
#5320=CARTESIAN_POINT('',(-2.325,-3.43,-3.355));
#5321=CARTESIAN_POINT('Origin',(-3.325,-3.43,4.955));
#5322=CARTESIAN_POINT('',(2.305,-3.43,4.520588664446));
#5323=CARTESIAN_POINT('',(2.305,-3.43,4.520588664446));
#5324=CARTESIAN_POINT('',(1.940485608557,-3.43,4.955));
#5325=CARTESIAN_POINT('',(2.305,-3.43,4.520588664446));
#5326=CARTESIAN_POINT('',(-1.940485608557,-3.43,4.955));
#5327=CARTESIAN_POINT('',(-1.940485608557,-3.43,4.955));
#5328=CARTESIAN_POINT('',(-2.305,-3.43,4.520588664446));
#5329=CARTESIAN_POINT('',(-1.940485608557,-3.43,4.955));
#5330=CARTESIAN_POINT('',(-2.305,-3.43,4.520588664446));
#5331=CARTESIAN_POINT('',(-0.32,-3.43,-3.655));
#5332=CARTESIAN_POINT('',(-0.475,-3.43,3.545));
#5333=CARTESIAN_POINT('',(-0.475,-3.43,-3.655));
#5334=CARTESIAN_POINT('',(-0.475,-3.43,3.545));
#5335=CARTESIAN_POINT('',(-1.475,-3.43,-3.655));
#5336=CARTESIAN_POINT('',(-0.475,-3.43,-3.655));
#5337=CARTESIAN_POINT('',(-1.475,-3.43,3.545));
#5338=CARTESIAN_POINT('',(-1.475,-3.43,3.545));
#5339=CARTESIAN_POINT('',(-1.475,-3.43,3.545));
#5340=CARTESIAN_POINT('',(0.475,-3.43,-3.655));
#5341=CARTESIAN_POINT('',(0.475,-3.43,3.545));
#5342=CARTESIAN_POINT('',(0.475,-3.43,-3.655));
#5343=CARTESIAN_POINT('',(1.475,-3.43,3.545));
#5344=CARTESIAN_POINT('',(1.475,-3.43,3.545));
#5345=CARTESIAN_POINT('',(1.475,-3.43,-3.655));
#5346=CARTESIAN_POINT('',(1.475,-3.43,-3.655));
#5347=CARTESIAN_POINT('',(0.475,-3.43,-3.655));
#5348=CARTESIAN_POINT('Origin',(0.475,-3.43,3.545));
#5349=CARTESIAN_POINT('',(0.475,-6.559615242271,1.355));
#5350=CARTESIAN_POINT('',(0.475,-5.69,1.355));
#5351=CARTESIAN_POINT('',(0.475,-6.559615242271,1.355));
#5352=CARTESIAN_POINT('',(0.475,-3.94,1.355));
#5353=CARTESIAN_POINT('',(0.475,-5.69,1.355));
#5354=CARTESIAN_POINT('',(0.475,-3.94,3.545));
#5355=CARTESIAN_POINT('',(0.475,-3.94,3.545));
#5356=CARTESIAN_POINT('',(0.475,-3.43,3.545));
#5357=CARTESIAN_POINT('',(0.475,-3.94,-3.655));
#5358=CARTESIAN_POINT('',(0.475,-3.43,-3.655));
#5359=CARTESIAN_POINT('',(0.475,-3.94,-0.645));
#5360=CARTESIAN_POINT('',(0.475,-3.94,-0.645));
#5361=CARTESIAN_POINT('',(0.475,-5.69,-0.645));
#5362=CARTESIAN_POINT('',(0.475,-5.69,-0.645));
#5363=CARTESIAN_POINT('',(0.475,-6.559615242271,-0.645));
#5364=CARTESIAN_POINT('',(0.475,-6.559615242271,-0.645));
#5365=CARTESIAN_POINT('',(0.475,-6.995,-0.3936304929239));
#5366=CARTESIAN_POINT('',(0.475,-6.995,-0.3936304929239));
#5367=CARTESIAN_POINT('',(0.475,-7.12,-0.1771241419778));
#5368=CARTESIAN_POINT('Origin',(0.475,-6.87,-0.1771241419778));
#5369=CARTESIAN_POINT('',(0.475,-7.12,0.8871241419778));
#5370=CARTESIAN_POINT('',(0.475,-7.12,0.8871241419778));
#5371=CARTESIAN_POINT('',(0.475,-6.995,1.103630492924));
#5372=CARTESIAN_POINT('Origin',(0.475,-6.87,0.8871241419778));
#5373=CARTESIAN_POINT('',(0.475,-6.995,1.103630492924));
#5374=CARTESIAN_POINT('Origin',(3.325,-7.12,1.355));
#5375=CARTESIAN_POINT('',(1.305662386292,-6.04,1.355));
#5376=CARTESIAN_POINT('Ctrl Pts',(1.30566238629193,-6.03999999999994,1.355));
#5377=CARTESIAN_POINT('Ctrl Pts',(0.836157559257349,-6.55961524227074,1.355));
#5378=CARTESIAN_POINT('Ctrl Pts',(0.474999999999999,-6.55961524227074,1.355));
#5379=CARTESIAN_POINT('',(1.305662386292,-5.69,1.355));
#5380=CARTESIAN_POINT('',(1.305662386292,-5.69,1.355));
#5381=CARTESIAN_POINT('',(1.305662386292,-5.69,1.355));
#5382=CARTESIAN_POINT('Origin',(3.325,-7.12,1.355));
#5383=CARTESIAN_POINT('',(-0.475,-6.559615242271,1.355));
#5384=CARTESIAN_POINT('',(-0.475,-5.69,1.355));
#5385=CARTESIAN_POINT('',(-0.475,-6.559615242271,1.355));
#5386=CARTESIAN_POINT('',(-1.305662386292,-5.69,1.355));
#5387=CARTESIAN_POINT('',(-1.305662386292,-5.69,1.355));
#5388=CARTESIAN_POINT('',(-1.305662386292,-6.04,1.355));
#5389=CARTESIAN_POINT('',(-1.305662386292,-6.04,1.355));
#5390=CARTESIAN_POINT('Ctrl Pts',(-1.3056623862957,-6.03999999999577,1.355));
#5391=CARTESIAN_POINT('Ctrl Pts',(-0.83615755925861,-6.55961524227074,1.355));
#5392=CARTESIAN_POINT('Ctrl Pts',(-0.475000000000001,-6.55961524227074,
1.355));
#5393=CARTESIAN_POINT('Origin',(0.475,-5.69,0.355));
#5394=CARTESIAN_POINT('',(1.305662386292,-5.69,-0.645));
#5395=CARTESIAN_POINT('Origin',(0.475,-5.69,0.355));
#5396=CARTESIAN_POINT('',(1.305662386292,-5.69,-0.645));
#5397=CARTESIAN_POINT('Origin',(0.475,-5.69,0.355));
#5398=CARTESIAN_POINT('Origin',(0.475,-3.2455,0.355));
#5399=CARTESIAN_POINT('',(1.475,-3.94,0.355));
#5400=CARTESIAN_POINT('Origin',(0.475,-3.94,0.355));
#5401=CARTESIAN_POINT('Origin',(0.475,-3.94,0.355));
#5402=CARTESIAN_POINT('Origin',(-3.325,-3.94,4.955));
#5403=CARTESIAN_POINT('',(1.475,-3.94,-3.655));
#5404=CARTESIAN_POINT('',(0.475,-3.94,-3.655));
#5405=CARTESIAN_POINT('',(1.475,-3.94,-3.655));
#5406=CARTESIAN_POINT('Origin',(-3.325,-3.94,4.955));
#5407=CARTESIAN_POINT('',(1.475,-3.94,3.545));
#5408=CARTESIAN_POINT('',(1.475,-3.94,0.355));
#5409=CARTESIAN_POINT('',(1.475,-3.94,3.545));
#5410=CARTESIAN_POINT('Origin',(1.475,-3.43,-3.655));
#5411=CARTESIAN_POINT('',(1.475,-3.43,-3.655));
#5412=CARTESIAN_POINT('',(1.475,-3.43,3.545));
#5413=CARTESIAN_POINT('Origin',(1.475,-3.43,3.545));
#5414=CARTESIAN_POINT('Origin',(0.475,-3.43,-3.655));
#5415=CARTESIAN_POINT('Origin',(3.325,-3.94,-0.645));
#5416=CARTESIAN_POINT('',(1.305662386292,-6.04,-0.645));
#5417=CARTESIAN_POINT('',(1.305662386292,-5.69,-0.645));
#5418=CARTESIAN_POINT('Ctrl Pts',(0.475000000000003,-6.55961524227075,-0.645));
#5419=CARTESIAN_POINT('Ctrl Pts',(0.836157559258612,-6.55961524227074,-0.645));
#5420=CARTESIAN_POINT('Ctrl Pts',(1.3056623862957,-6.03999999999577,-0.645));
#5421=CARTESIAN_POINT('Origin',(3.325,-3.94,-0.645));
#5422=CARTESIAN_POINT('',(-0.475,-6.559615242271,-0.645));
#5423=CARTESIAN_POINT('',(-0.475,-5.69,-0.645));
#5424=CARTESIAN_POINT('',(-0.475,-6.559615242271,-0.645));
#5425=CARTESIAN_POINT('',(-1.305662386292,-6.04,-0.645));
#5426=CARTESIAN_POINT('Ctrl Pts',(-0.474999999999995,-6.55961524227074,
-0.645));
#5427=CARTESIAN_POINT('Ctrl Pts',(-0.836157559257347,-6.55961524227075,
-0.645));
#5428=CARTESIAN_POINT('Ctrl Pts',(-1.30566238629193,-6.03999999999994,-0.645));
#5429=CARTESIAN_POINT('',(-1.305662386292,-5.69,-0.645));
#5430=CARTESIAN_POINT('',(-1.305662386292,-6.04,-0.645));
#5431=CARTESIAN_POINT('',(-1.305662386292,-5.69,-0.645));
#5432=CARTESIAN_POINT('Origin',(0.475,-6.5175,0.355));
#5433=CARTESIAN_POINT('Origin',(0.475,-6.995,0.355));
#5434=CARTESIAN_POINT('Origin',(0.475,-6.04,0.355));
#5435=CARTESIAN_POINT('Origin',(0.475,-3.2455,0.355));
#5436=CARTESIAN_POINT('Origin',(0.475,-6.87,0.355));
#5437=CARTESIAN_POINT('Origin',(0.475,-7.12,0.355));
#5438=CARTESIAN_POINT('Origin',(0.475,-7.12,0.355));
#5439=CARTESIAN_POINT('Origin',(-0.475,-3.2455,0.355));
#5440=CARTESIAN_POINT('',(-0.475,-6.995,1.103630492924));
#5441=CARTESIAN_POINT('',(-0.475,-6.995,1.103630492924));
#5442=CARTESIAN_POINT('',(-0.475,-7.12,0.8871241419778));
#5443=CARTESIAN_POINT('Origin',(-0.475,-6.87,0.8871241419778));
#5444=CARTESIAN_POINT('',(-0.475,-7.12,-0.1771241419778));
#5445=CARTESIAN_POINT('',(-0.475,-7.12,0.8871241419778));
#5446=CARTESIAN_POINT('',(-0.475,-6.995,-0.3936304929239));
#5447=CARTESIAN_POINT('Origin',(-0.475,-6.87,-0.1771241419778));
#5448=CARTESIAN_POINT('',(-0.475,-6.995,-0.3936304929239));
#5449=CARTESIAN_POINT('',(-0.475,-3.94,-0.645));
#5450=CARTESIAN_POINT('',(-0.475,-5.69,-0.645));
#5451=CARTESIAN_POINT('',(-0.475,-3.94,-3.655));
#5452=CARTESIAN_POINT('',(-0.475,-3.94,-0.645));
#5453=CARTESIAN_POINT('',(-0.475,-3.43,-3.655));
#5454=CARTESIAN_POINT('',(-0.475,-3.94,3.545));
#5455=CARTESIAN_POINT('',(-0.475,-3.43,3.545));
#5456=CARTESIAN_POINT('',(-0.475,-3.94,1.355));
#5457=CARTESIAN_POINT('',(-0.475,-3.94,3.545));
#5458=CARTESIAN_POINT('',(-0.475,-5.69,1.355));
#5459=CARTESIAN_POINT('Origin',(-0.475,-3.2455,0.355));
#5460=CARTESIAN_POINT('Origin',(-0.475,-5.69,0.355));
#5461=CARTESIAN_POINT('',(-1.475,-3.94,0.355));
#5462=CARTESIAN_POINT('Origin',(-0.475,-3.94,0.355));
#5463=CARTESIAN_POINT('Origin',(-0.475,-3.94,0.355));
#5464=CARTESIAN_POINT('Origin',(-0.475,-5.69,0.355));
#5465=CARTESIAN_POINT('Origin',(-0.475,-5.69,0.355));
#5466=CARTESIAN_POINT('Origin',(-0.475,-3.2455,0.355));
#5467=CARTESIAN_POINT('Origin',(-0.475,-6.04,0.355));
#5468=CARTESIAN_POINT('Origin',(-0.475,-6.5175,0.355));
#5469=CARTESIAN_POINT('Origin',(-0.475,-6.995,0.355));
#5470=CARTESIAN_POINT('Origin',(-0.475,-6.87,0.355));
#5471=CARTESIAN_POINT('Origin',(-0.475,-7.12,0.355));
#5472=CARTESIAN_POINT('Origin',(-0.475,-7.12,0.355));
#5473=CARTESIAN_POINT('Origin',(3.325,-3.94,4.955));
#5474=CARTESIAN_POINT('',(-1.475,-3.94,3.545));
#5475=CARTESIAN_POINT('',(-1.475,-3.94,3.545));
#5476=CARTESIAN_POINT('',(-1.475,-3.94,0.355));
#5477=CARTESIAN_POINT('Origin',(3.325,-3.94,4.955));
#5478=CARTESIAN_POINT('',(-1.475,-3.94,-3.655));
#5479=CARTESIAN_POINT('',(-1.475,-3.94,-3.655));
#5480=CARTESIAN_POINT('',(-0.475,-3.94,-3.655));
#5481=CARTESIAN_POINT('Origin',(-1.475,-3.43,-3.655));
#5482=CARTESIAN_POINT('',(-1.475,-3.43,-3.655));
#5483=CARTESIAN_POINT('',(-1.475,-3.43,3.545));
#5484=CARTESIAN_POINT('Origin',(-0.475,-3.43,-3.655));
#5485=CARTESIAN_POINT('Origin',(-1.475,-3.43,3.545));
#5486=CARTESIAN_POINT('Origin',(-0.475,-3.43,-3.655));
#5487=CARTESIAN_POINT('',(-0.31,-6.175555555556,-3.655));
#5488=CARTESIAN_POINT('',(-0.32,-6.12,-3.655));
#5489=CARTESIAN_POINT('',(0.31,-6.175555555556,-3.655));
#5490=CARTESIAN_POINT('',(0.31,-6.175555555556,-3.655));
#5491=CARTESIAN_POINT('',(0.32,-6.12,-3.655));
#5492=CARTESIAN_POINT('Origin',(0.23,-6.62,-3.965));
#5493=CARTESIAN_POINT('',(0.14,-7.12,-3.825));
#5494=CARTESIAN_POINT('',(0.14,-7.12,-3.825));
#5495=CARTESIAN_POINT('',(0.14,-7.12,-4.105));
#5496=CARTESIAN_POINT('',(0.14,-7.12,-3.825));
#5497=CARTESIAN_POINT('',(0.32,-6.12,-4.285));
#5498=CARTESIAN_POINT('Origin',(0.,-6.62,-4.195));
#5499=CARTESIAN_POINT('',(-0.14,-7.12,-4.105));
#5500=CARTESIAN_POINT('',(0.14,-7.12,-4.105));
#5501=CARTESIAN_POINT('',(-0.14,-7.12,-4.105));
#5502=CARTESIAN_POINT('Origin',(-0.23,-6.62,-3.965));
#5503=CARTESIAN_POINT('',(-0.14,-7.12,-3.825));
#5504=CARTESIAN_POINT('',(-0.14,-7.12,-4.105));
#5505=CARTESIAN_POINT('',(-0.14,-7.12,-3.825));
#5506=CARTESIAN_POINT('Origin',(0.,-6.62,-3.735));
#5507=CARTESIAN_POINT('',(0.14,-7.12,-3.825));
#5508=CARTESIAN_POINT('Origin',(0.32,-7.12,-3.645));
#5509=CARTESIAN_POINT('Origin',(-2.305,-3.43,4.955));
#5510=CARTESIAN_POINT('',(-2.305,-3.43,4.520588664446));
#5511=CARTESIAN_POINT('Origin',(-1.940485608557,3.43,4.955));
#5512=CARTESIAN_POINT('',(-1.940485608557,2.68,4.955));
#5513=CARTESIAN_POINT('',(-1.940485608557,3.43,4.955));
#5514=CARTESIAN_POINT('',(-1.940485608557,3.43,4.955));
#5515=CARTESIAN_POINT('',(-1.940485608557,3.43,4.955));
#5516=CARTESIAN_POINT('Origin',(-1.940485608557,3.43,4.955));
#5517=CARTESIAN_POINT('',(-1.940485608557,-2.41,4.955));
#5518=CARTESIAN_POINT('',(-1.940485608557,-2.41,4.955));
#5519=CARTESIAN_POINT('Origin',(0.,2.68,0.));
#5520=CARTESIAN_POINT('',(3.325,2.68,3.305));
#5521=CARTESIAN_POINT('Origin',(0.,2.68,0.));
#5522=CARTESIAN_POINT('',(-1.940485608557,2.68,3.305));
#5523=CARTESIAN_POINT('Origin',(3.325,3.43,3.305));
#5524=CARTESIAN_POINT('',(1.940485608557,3.43,4.955));
#5525=CARTESIAN_POINT('',(3.325,3.43,3.305));
#5526=CARTESIAN_POINT('',(1.940485608557,3.43,4.955));
#5527=CARTESIAN_POINT('Origin',(3.325,3.43,3.305));
#5528=CARTESIAN_POINT('',(3.325,-2.41,3.305));
#5529=CARTESIAN_POINT('',(1.940485608557,-2.41,4.955));
#5530=CARTESIAN_POINT('',(3.325,-3.05,3.305));
#5531=CARTESIAN_POINT('Origin',(-3.325,3.43,4.955));
#5532=CARTESIAN_POINT('',(-1.940485608557,3.43,4.955));
#5533=CARTESIAN_POINT('',(-1.27,2.77,4.955));
#5534=CARTESIAN_POINT('',(-1.27,0.23,4.955));
#5535=CARTESIAN_POINT('',(-1.27,2.77,4.955));
#5536=CARTESIAN_POINT('',(1.27,2.77,4.955));
#5537=CARTESIAN_POINT('',(1.27,2.77,4.955));
#5538=CARTESIAN_POINT('',(1.27,0.23,4.955));
#5539=CARTESIAN_POINT('',(1.27,0.23,4.955));
#5540=CARTESIAN_POINT('',(-1.27,0.23,4.955));
#5541=CARTESIAN_POINT('',(1.27,-0.23,4.955));
#5542=CARTESIAN_POINT('',(-1.27,-0.23,4.955));
#5543=CARTESIAN_POINT('',(1.27,-0.23,4.955));
#5544=CARTESIAN_POINT('',(1.27,-2.77,4.955));
#5545=CARTESIAN_POINT('',(1.27,-2.77,4.955));
#5546=CARTESIAN_POINT('',(-0.57,-2.77,4.955));
#5547=CARTESIAN_POINT('',(-0.57,-2.77,4.955));
#5548=CARTESIAN_POINT('',(-1.27,-2.07,4.955));
#5549=CARTESIAN_POINT('',(-1.27,-2.07,4.955));
#5550=CARTESIAN_POINT('',(-1.27,-0.23,4.955));
#5551=CARTESIAN_POINT('Origin',(-3.325,3.43,-4.955));
#5552=CARTESIAN_POINT('',(-1.825,3.43,-3.205));
#5553=CARTESIAN_POINT('',(-1.825,3.43,-4.955));
#5554=CARTESIAN_POINT('',(3.575,3.43,1.785));
#5555=CARTESIAN_POINT('',(1.825,3.43,-3.205));
#5556=CARTESIAN_POINT('',(1.825,3.43,-4.955));
#5557=CARTESIAN_POINT('',(-1.825,3.43,-3.205));
#5558=CARTESIAN_POINT('',(-0.7,3.43,4.415));
#5559=CARTESIAN_POINT('',(-0.7,3.43,1.255));
#5560=CARTESIAN_POINT('',(-0.7,3.43,4.415));
#5561=CARTESIAN_POINT('',(0.7,3.43,1.255));
#5562=CARTESIAN_POINT('',(-0.7,3.43,1.255));
#5563=CARTESIAN_POINT('',(0.7,3.43,4.415));
#5564=CARTESIAN_POINT('',(0.7,3.43,4.415));
#5565=CARTESIAN_POINT('',(-0.7,3.43,4.415));
#5566=CARTESIAN_POINT('Origin',(-0.7,0.,0.));
#5567=CARTESIAN_POINT('',(-0.7,4.83,2.755));
#5568=CARTESIAN_POINT('',(-0.7,4.83,2.755));
#5569=CARTESIAN_POINT('',(-0.7,4.83,2.005));
#5570=CARTESIAN_POINT('',(-0.7,4.83,2.005));
#5571=CARTESIAN_POINT('',(-0.7,4.18,2.005));
#5572=CARTESIAN_POINT('',(-0.7,4.18,2.005));
#5573=CARTESIAN_POINT('Origin',(-0.7,4.18,1.255));
#5574=CARTESIAN_POINT('Origin',(-0.7,4.18,1.255));
#5575=CARTESIAN_POINT('',(0.7,4.18,2.005));
#5576=CARTESIAN_POINT('',(-0.7,4.18,2.005));
#5577=CARTESIAN_POINT('Origin',(0.7,4.18,1.255));
#5578=CARTESIAN_POINT('Origin',(0.7,0.,0.));
#5579=CARTESIAN_POINT('',(0.7,4.83,2.005));
#5580=CARTESIAN_POINT('',(0.7,4.18,2.005));
#5581=CARTESIAN_POINT('',(0.7,4.83,2.755));
#5582=CARTESIAN_POINT('',(0.7,4.83,2.005));
#5583=CARTESIAN_POINT('',(0.7,4.83,2.755));
#5584=CARTESIAN_POINT('Origin',(-0.7,4.83,2.755));
#5585=CARTESIAN_POINT('',(-0.7,4.83,2.755));
#5586=CARTESIAN_POINT('Origin',(-0.7,4.83,2.005));
#5587=CARTESIAN_POINT('',(-0.7,4.83,2.005));
#5588=CARTESIAN_POINT('Origin',(-0.7,4.18,2.005));
#5589=CARTESIAN_POINT('Origin',(-1.825,3.43,-4.955));
#5590=CARTESIAN_POINT('',(-1.825,3.175,-3.205));
#5591=CARTESIAN_POINT('',(-1.825,3.43,-3.205));
#5592=CARTESIAN_POINT('',(-1.825,3.175,-4.955));
#5593=CARTESIAN_POINT('Origin',(-3.325,3.175,-4.955));
#5594=CARTESIAN_POINT('',(1.825,3.175,-3.205));
#5595=CARTESIAN_POINT('',(-1.825,3.175,-3.205));
#5596=CARTESIAN_POINT('',(1.825,3.175,-3.205));
#5597=CARTESIAN_POINT('',(-0.32,3.175,-3.655));
#5598=CARTESIAN_POINT('Origin',(-0.32,3.43,-3.655));
#5599=CARTESIAN_POINT('',(-0.32,1.589,-3.655));
#5600=CARTESIAN_POINT('Origin',(-0.32,3.43,-3.655));
#5601=CARTESIAN_POINT('',(-0.32,0.949,-3.655));
#5602=CARTESIAN_POINT('Origin',(-0.32,3.43,-3.655));
#5603=CARTESIAN_POINT('',(-0.32,-1.18,-3.655));
#5604=CARTESIAN_POINT('Origin',(0.32,1.589,-7.285));
#5605=CARTESIAN_POINT('',(0.32,1.589,-7.285));
#5606=CARTESIAN_POINT('Origin',(0.32,-7.12,-7.285));
#5607=CARTESIAN_POINT('',(0.32,-6.12,-7.285));
#5608=CARTESIAN_POINT('Origin',(0.,-6.62,-7.195));
#5609=CARTESIAN_POINT('',(0.14,-7.12,-7.105));
#5610=CARTESIAN_POINT('',(-0.14,-7.12,-7.105));
#5611=CARTESIAN_POINT('',(0.14,-7.12,-7.105));
#5612=CARTESIAN_POINT('',(-0.14,-7.12,-7.105));
#5613=CARTESIAN_POINT('',(0.32,-6.12,-7.285));
#5614=CARTESIAN_POINT('Origin',(0.32,-7.12,-6.645));
#5615=CARTESIAN_POINT('',(0.14,-7.12,-6.825));
#5616=CARTESIAN_POINT('',(0.14,-7.12,-6.825));
#5617=CARTESIAN_POINT('',(-0.14,-7.12,-6.825));
#5618=CARTESIAN_POINT('',(0.14,-7.12,-6.825));
#5619=CARTESIAN_POINT('',(-0.14,-7.12,-7.105));
#5620=CARTESIAN_POINT('Origin',(-0.23,-6.62,-6.965));
#5621=CARTESIAN_POINT('',(-0.14,-7.12,-6.825));
#5622=CARTESIAN_POINT('Origin',(0.,-6.62,-6.735));
#5623=CARTESIAN_POINT('',(0.32,-6.12,-6.645));
#5624=CARTESIAN_POINT('',(0.14,-7.12,-6.825));
#5625=CARTESIAN_POINT('Origin',(0.32,0.949,-6.645));
#5626=CARTESIAN_POINT('',(0.32,0.949,-6.645));
#5627=CARTESIAN_POINT('Origin',(0.32,0.949,-3.655));
#5628=CARTESIAN_POINT('Origin',(0.23,-6.62,-6.965));
#5629=CARTESIAN_POINT('Origin',(0.32,-1.18,-4.285));
#5630=CARTESIAN_POINT('Origin',(0.32,-1.18,-4.285));
#5631=CARTESIAN_POINT('',(0.32,-1.18,1.555));
#5632=CARTESIAN_POINT('',(-0.32,-1.18,-1.645));
#5633=CARTESIAN_POINT('Origin',(0.,-1.27,2.055));
#5634=CARTESIAN_POINT('',(-0.14,-1.36,2.555));
#5635=CARTESIAN_POINT('',(-0.14,-1.36,2.555));
#5636=CARTESIAN_POINT('',(0.14,-1.36,2.555));
#5637=CARTESIAN_POINT('',(0.14,-1.36,2.555));
#5638=CARTESIAN_POINT('',(0.14,-1.36,2.555));
#5639=CARTESIAN_POINT('Origin',(0.23,-1.5,2.055));
#5640=CARTESIAN_POINT('',(0.14,-1.64,2.555));
#5641=CARTESIAN_POINT('',(0.14,-1.36,2.555));
#5642=CARTESIAN_POINT('',(0.32,-1.82,1.555));
#5643=CARTESIAN_POINT('Origin',(0.32,-1.18,2.555));
#5644=CARTESIAN_POINT('',(-0.14,-1.64,2.555));
#5645=CARTESIAN_POINT('',(0.14,-1.64,2.555));
#5646=CARTESIAN_POINT('',(-0.14,-1.64,2.555));
#5647=CARTESIAN_POINT('Origin',(0.,-1.73,2.055));
#5648=CARTESIAN_POINT('',(-0.14,-1.64,2.555));
#5649=CARTESIAN_POINT('',(0.32,-1.82,1.555));
#5650=CARTESIAN_POINT('Origin',(0.32,-1.82,2.555));
#5651=CARTESIAN_POINT('',(-0.32,-1.82,-1.645));
#5652=CARTESIAN_POINT('Origin',(-3.325,3.43,-1.645));
#5653=CARTESIAN_POINT('',(-1.27,2.77,-1.645));
#5654=CARTESIAN_POINT('',(-1.27,0.23,-1.645));
#5655=CARTESIAN_POINT('',(-1.27,2.77,-1.645));
#5656=CARTESIAN_POINT('',(1.27,0.23,-1.645));
#5657=CARTESIAN_POINT('',(-1.27,0.23,-1.645));
#5658=CARTESIAN_POINT('',(1.27,2.77,-1.645));
#5659=CARTESIAN_POINT('',(1.27,0.23,-1.645));
#5660=CARTESIAN_POINT('',(1.27,2.77,-1.645));
#5661=CARTESIAN_POINT('',(-0.32,1.18,-1.645));
#5662=CARTESIAN_POINT('',(-0.32,1.82,-1.645));
#5663=CARTESIAN_POINT('Origin',(-3.325,3.43,-1.645));
#5664=CARTESIAN_POINT('',(1.27,-0.23,-1.645));
#5665=CARTESIAN_POINT('',(-1.27,-0.23,-1.645));
#5666=CARTESIAN_POINT('',(1.27,-0.23,-1.645));
#5667=CARTESIAN_POINT('',(-1.27,-2.07,-1.645));
#5668=CARTESIAN_POINT('',(-1.27,-0.23,-1.645));
#5669=CARTESIAN_POINT('',(-0.57,-2.77,-1.645));
#5670=CARTESIAN_POINT('',(-1.27,-2.07,-1.645));
#5671=CARTESIAN_POINT('',(1.27,-2.77,-1.645));
#5672=CARTESIAN_POINT('',(-0.57,-2.77,-1.645));
#5673=CARTESIAN_POINT('',(1.27,-2.77,-1.645));
#5674=CARTESIAN_POINT('Origin',(-1.27,2.77,4.955));
#5675=CARTESIAN_POINT('',(-1.27,0.23,4.955));
#5676=CARTESIAN_POINT('',(-1.27,2.77,4.955));
#5677=CARTESIAN_POINT('Origin',(1.27,2.77,4.955));
#5678=CARTESIAN_POINT('',(1.27,2.77,4.955));
#5679=CARTESIAN_POINT('Origin',(1.27,0.23,4.955));
#5680=CARTESIAN_POINT('',(1.27,0.23,4.955));
#5681=CARTESIAN_POINT('Origin',(-1.27,0.23,4.955));
#5682=CARTESIAN_POINT('Origin',(1.27,-0.23,4.955));
#5683=CARTESIAN_POINT('',(-1.27,-0.23,4.955));
#5684=CARTESIAN_POINT('',(1.27,-0.23,4.955));
#5685=CARTESIAN_POINT('Origin',(1.27,-2.77,4.955));
#5686=CARTESIAN_POINT('',(1.27,-2.77,4.955));
#5687=CARTESIAN_POINT('Origin',(-0.57,-2.77,4.955));
#5688=CARTESIAN_POINT('',(-0.57,-2.77,4.955));
#5689=CARTESIAN_POINT('Origin',(-1.27,-2.07,4.955));
#5690=CARTESIAN_POINT('',(-1.27,-2.07,4.955));
#5691=CARTESIAN_POINT('Origin',(-1.27,-0.23,4.955));
#5692=CARTESIAN_POINT('Origin',(0.32,1.82,-3.655));
#5693=CARTESIAN_POINT('',(0.32,1.82,1.555));
#5694=CARTESIAN_POINT('Origin',(0.,1.73,2.055));
#5695=CARTESIAN_POINT('',(0.14,1.64,2.555));
#5696=CARTESIAN_POINT('',(0.14,1.64,2.555));
#5697=CARTESIAN_POINT('',(-0.14,1.64,2.555));
#5698=CARTESIAN_POINT('',(-0.32,1.82,1.555));
#5699=CARTESIAN_POINT('',(0.14,1.64,2.555));
#5700=CARTESIAN_POINT('Origin',(0.23,1.5,2.055));
#5701=CARTESIAN_POINT('',(0.14,1.36,2.555));
#5702=CARTESIAN_POINT('',(0.14,1.64,2.555));
#5703=CARTESIAN_POINT('',(0.32,1.18,1.555));
#5704=CARTESIAN_POINT('Origin',(0.32,1.82,2.555));
#5705=CARTESIAN_POINT('',(-0.14,1.36,2.555));
#5706=CARTESIAN_POINT('',(0.14,1.36,2.555));
#5707=CARTESIAN_POINT('',(-0.14,1.36,2.555));
#5708=CARTESIAN_POINT('Origin',(0.,1.27,2.055));
#5709=CARTESIAN_POINT('',(-0.14,1.36,2.555));
#5710=CARTESIAN_POINT('',(0.32,1.18,1.555));
#5711=CARTESIAN_POINT('Origin',(0.32,1.18,2.555));
#5712=CARTESIAN_POINT('Origin',(-0.23,1.5,2.055));
#5713=CARTESIAN_POINT('Origin',(-0.23,-1.5,2.055));
#5714=CARTESIAN_POINT('Origin',(1.825,3.43,-3.205));
#5715=CARTESIAN_POINT('',(1.825,3.43,-3.205));
#5716=CARTESIAN_POINT('Origin',(-1.825,3.43,-3.205));
#5717=CARTESIAN_POINT('Origin',(3.575,3.43,1.785));
#5718=CARTESIAN_POINT('',(3.575,-1.,-3.685));
#5719=CARTESIAN_POINT('',(3.575,-1.,-3.685));
#5720=CARTESIAN_POINT('',(3.575,1.,-3.685));
#5721=CARTESIAN_POINT('',(3.575,1.,-3.685));
#5722=CARTESIAN_POINT('',(3.575,1.,-4.285));
#5723=CARTESIAN_POINT('',(3.575,1.6,-4.955));
#5724=CARTESIAN_POINT('',(3.575,0.575,-0.195));
#5725=CARTESIAN_POINT('',(3.575,-1.1,-0.195));
#5726=CARTESIAN_POINT('Origin',(3.825,-1.1,-0.195));
#5727=CARTESIAN_POINT('Origin',(3.825,0.575,-0.195));
#5728=CARTESIAN_POINT('Origin',(-3.325,1.6,-4.285));
#5729=CARTESIAN_POINT('Origin',(-3.325,1.6,-4.285));
#5730=CARTESIAN_POINT('Origin',(3.575,1.,-4.285));
#5731=CARTESIAN_POINT('',(2.325,1.,-3.685));
#5732=CARTESIAN_POINT('',(3.575,1.,-3.685));
#5733=CARTESIAN_POINT('',(2.325,1.,-4.285));
#5734=CARTESIAN_POINT('Origin',(2.325,0.,0.));
#5735=CARTESIAN_POINT('',(2.325,-1.,-3.685));
#5736=CARTESIAN_POINT('',(2.325,1.,-3.685));
#5737=CARTESIAN_POINT('',(2.325,-1.,-3.685));
#5738=CARTESIAN_POINT('Origin',(3.575,-1.,-3.685));
#5739=CARTESIAN_POINT('',(3.575,-1.,-3.685));
#5740=CARTESIAN_POINT('Origin',(3.575,1.,-3.685));
#5741=CARTESIAN_POINT('Origin',(0.,-2.41,0.));
#5742=CARTESIAN_POINT('Origin',(0.,-2.41,0.));
#5743=CARTESIAN_POINT('',(-1.940485608557,-2.41,3.305));
#5744=CARTESIAN_POINT('Origin',(-1.940485608557,2.68,3.305));
#5745=CARTESIAN_POINT('Origin',(-1.940485608557,2.68,3.305));
#5746=CARTESIAN_POINT('',(-1.940323739038,1.1,3.305));
#5747=CARTESIAN_POINT('Origin',(-3.825,1.1,-0.195));
#5748=CARTESIAN_POINT('',(-3.575,1.1,-0.195));
#5749=CARTESIAN_POINT('Origin',(-3.825,0.575,-0.195));
#5750=CARTESIAN_POINT('Origin',(3.325,-3.05,4.955));
#5751=CARTESIAN_POINT('Origin',(0.32,-0.32,-4.955));
#5752=CARTESIAN_POINT('Origin',(-3.575,1.,-4.285));
#5753=CARTESIAN_POINT('',(-2.325,1.,-3.685));
#5754=CARTESIAN_POINT('',(-2.325,1.,-4.285));
#5755=CARTESIAN_POINT('',(-3.575,1.,-3.685));
#5756=CARTESIAN_POINT('Origin',(-3.575,1.,-3.685));
#5757=CARTESIAN_POINT('',(-2.325,-1.,-3.685));
#5758=CARTESIAN_POINT('',(-2.325,1.,-3.685));
#5759=CARTESIAN_POINT('',(-3.575,-1.,-3.685));
#5760=CARTESIAN_POINT('Origin',(-3.575,-1.,-3.685));
#5761=CARTESIAN_POINT('',(-2.325,-1.,-3.685));
#5762=CARTESIAN_POINT('Origin',(-2.325,0.,0.));
#5763=CARTESIAN_POINT('Origin',(-3.825,-1.1,-0.195));
#5764=CARTESIAN_POINT('Origin',(3.325,-2.2,1.605));
#5765=CARTESIAN_POINT('',(3.275,-2.2,2.805));
#5766=CARTESIAN_POINT('',(3.325,-2.2,2.805));
#5767=CARTESIAN_POINT('',(3.275,-2.2,1.605));
#5768=CARTESIAN_POINT('',(3.275,-2.2,1.605));
#5769=CARTESIAN_POINT('',(3.325,-2.2,1.605));
#5770=CARTESIAN_POINT('',(3.325,-2.2,1.605));
#5771=CARTESIAN_POINT('',(3.325,-2.2,1.605));
#5772=CARTESIAN_POINT('Origin',(3.325,0.,0.));
#5773=CARTESIAN_POINT('',(3.325,-2.35,1.605));
#5774=CARTESIAN_POINT('',(3.325,-2.35,1.605));
#5775=CARTESIAN_POINT('',(3.325,-2.35,1.785));
#5776=CARTESIAN_POINT('Origin',(3.325,-2.35,2.6007447052));
#5777=CARTESIAN_POINT('',(3.275,-2.35,1.605));
#5778=CARTESIAN_POINT('',(3.325,-2.35,1.605));
#5779=CARTESIAN_POINT('',(3.275,-2.35,2.6007447052));
#5780=CARTESIAN_POINT('',(3.275,-2.35,2.6007447052));
#5781=CARTESIAN_POINT('',(3.325,-2.35,2.6007447052));
#5782=CARTESIAN_POINT('Origin',(3.325,-2.5,2.422021250725));
#5783=CARTESIAN_POINT('',(3.275,-2.5,2.422021250725));
#5784=CARTESIAN_POINT('',(3.275,-2.5,2.422021250725));
#5785=CARTESIAN_POINT('',(3.325,-2.5,2.422021250725));
#5786=CARTESIAN_POINT('Origin',(3.325,-2.5,2.62627661705));
#5787=CARTESIAN_POINT('',(3.275,-2.5,2.62627661705));
#5788=CARTESIAN_POINT('',(3.275,-2.5,2.62627661705));
#5789=CARTESIAN_POINT('',(3.325,-2.5,2.62627661705));
#5790=CARTESIAN_POINT('Origin',(3.325,-2.35,2.805));
#5791=CARTESIAN_POINT('',(3.275,-2.35,2.805));
#5792=CARTESIAN_POINT('',(3.275,-2.35,2.805));
#5793=CARTESIAN_POINT('',(3.325,-2.35,2.805));
#5794=CARTESIAN_POINT('Origin',(3.325,-2.2,2.805));
#5795=CARTESIAN_POINT('',(3.275,-2.2,2.805));
#5796=CARTESIAN_POINT('Origin',(3.275,0.,0.));
#5797=CARTESIAN_POINT('',(3.275,-2.35,1.605));
#5798=CARTESIAN_POINT('Origin',(3.325,-2.35,1.605));
#5799=UNCERTAINTY_MEASURE_WITH_UNIT(LENGTH_MEASURE(0.01),#5803,
'DISTANCE_ACCURACY_VALUE',
'Maximum model space distance between geometric entities at asserted c
onnectivities');
#5800=UNCERTAINTY_MEASURE_WITH_UNIT(LENGTH_MEASURE(0.01),#5803,
'DISTANCE_ACCURACY_VALUE',
'Maximum model space distance between geometric entities at asserted c
onnectivities');
#5801=(
GEOMETRIC_REPRESENTATION_CONTEXT(3)
GLOBAL_UNCERTAINTY_ASSIGNED_CONTEXT((#5799))
GLOBAL_UNIT_ASSIGNED_CONTEXT((#5803,#5805,#5806))
REPRESENTATION_CONTEXT('','3D')
);
#5802=(
GEOMETRIC_REPRESENTATION_CONTEXT(3)
GLOBAL_UNCERTAINTY_ASSIGNED_CONTEXT((#5800))
GLOBAL_UNIT_ASSIGNED_CONTEXT((#5803,#5805,#5806))
REPRESENTATION_CONTEXT('','3D')
);
#5803=(
LENGTH_UNIT()
NAMED_UNIT(*)
SI_UNIT(.MILLI.,.METRE.)
);
#5804=(
LENGTH_UNIT()
NAMED_UNIT(*)
SI_UNIT(.CENTI.,.METRE.)
);
#5805=(
NAMED_UNIT(*)
PLANE_ANGLE_UNIT()
SI_UNIT($,.RADIAN.)
);
#5806=(
NAMED_UNIT(*)
SI_UNIT($,.STERADIAN.)
SOLID_ANGLE_UNIT()
);
#5807=SHAPE_DEFINITION_REPRESENTATION(#5808,#5809);
#5808=PRODUCT_DEFINITION_SHAPE('',$,#5811);
#5809=SHAPE_REPRESENTATION('',(#3648),#5801);
#5810=PRODUCT_DEFINITION_CONTEXT('part definition',#5815,'design');
#5811=PRODUCT_DEFINITION('430450200','430450200',#5812,#5810);
#5812=PRODUCT_DEFINITION_FORMATION('2LAST_VERSION',$,#5817);
#5813=PRODUCT_RELATED_PRODUCT_CATEGORY('430450200','430450200',(#5817));
#5814=APPLICATION_PROTOCOL_DEFINITION('international standard',
'automotive_design',2009,#5815);
#5815=APPLICATION_CONTEXT(
'Core Data for Automotive Mechanical Design Process');
#5816=PRODUCT_CONTEXT('part definition',#5815,'mechanical');
#5817=PRODUCT('430450200','430450200',$,(#5816));
#5818=PRESENTATION_STYLE_ASSIGNMENT((#5819));
#5819=SURFACE_STYLE_USAGE(.BOTH.,#5822);
#5820=SURFACE_STYLE_RENDERING_WITH_PROPERTIES($,#5826,(#5821));
#5821=SURFACE_STYLE_TRANSPARENT(0.);
#5822=SURFACE_SIDE_STYLE('',(#5823,#5820));
#5823=SURFACE_STYLE_FILL_AREA(#5824);
#5824=FILL_AREA_STYLE('',(#5825));
#5825=FILL_AREA_STYLE_COLOUR('',#5826);
#5826=COLOUR_RGB('',0.749019607843137,0.749019607843137,0.749019607843137);
ENDSEC;
END-ISO-10303-21;
